locality,builtup_area_sqft,total_price,price_currency,property_status,new/resale,price_negotiable,description,security_deposit,facing,furnished,property_age,gymnasium,children's_play_area,club_house,lift(s),swimming_pool,landscaped_gardens,rain_water_harvesting,maintenance_staff,jogging_track,sports_facility,car_parking,24_x_7_security,full_power_backup,locality_score,project_score,builder_experience,indoor_games,atm,intercom,school,pincode,multipurpose_room,vaastu_compliant,cafeteria,staff_quarter,hospital,golf_course
Raj Nagar Extension,1500.0,3000000.0,INR,1.0,0,0,"A plot property is available for sale in VVIP Villas, Raj Nagar Extension, Ghaziabad. It has an area of 1500 sqft. The property is available at a price of Rs. 30.00 lac . The time you'll spend here will become the greatest moment of your life that will also help you to relieve, relax & evoke a great sense of happiness. It is situated in the proximity of all the important facilities. Please contact for more details. ",1,,0,0,0,0,0,0,0,0,1.0,1.0,1,1,1.0,1,1,,,123.0,,,,,,,,,,,
Lal Kuan,450.0,900000.0,INR,1.0,0,0,"This plot is available for sale and is located in the heart of Lal Kuan. It has a salable area of 450 sqft and is available at a price of Rs. 2,000 per sqft. The time you'll spend here will become the greatest moment of your life that will also help you to relieve, relax & evoke a great sense of happiness. The site is in close proximity to various civic utilities. Please contact for more details. ",1,,0,0,0,0,0,0,0,0,,,0,0,,0,0,7.4,,,,,,,,,,,,,
wave city,450.0,700000.0,INR,1.0,0,0,"450 Square feet Plot for sale in Wave City, Ghaziabad. This land has a dimension of 15.0 mt length 30.0 mt width. Price. The width of the facing road is 55.0 mt. The most popular landmarks near this plot are Vidya Jyoti Public School, Junior High School, govt., and Modern Height Modern Railway City",1,,0,0,0,0,0,0,0,0,,,0,0,,0,0,,,,,,,,,,,,,,
Morti,900.0,1000000.0,INR,1.0,0,0,"A plot property is available for sale in Morti, Ghaziabad. It has a salable area of 900 sqft and is available at a price of Rs. 1,111 per sqft. The time you'll spend here will become the greatest moment of your life that will also help you to relieve, relax & evoke a great sense of happiness. It is well connected to the city areas. Kindly call us for details. ",1,,0,5,0,0,0,0,0,0,,,0,0,,0,0,,,,,,,,,,,,,,
Masuri,900.0,1400000.0,INR,0.0,0,0,"This plot is situated in Vardah Builders Jindal Enclave Phase 1 and Phase 2, Masuri, Ghaziabad. It has a salable area of 900 sqft and is available at a price of Rs. 1,555 per sqft. It is facing northeast direction. The time you'll spend here will become the greatest moment of your life that will also help you to relieve, relax & evoke a great sense of happiness. It is well connected to the city areas. If you are interested, please contact us for more details. ",1,northeast,0,0,0,0,0,0,0,0,,,0,0,,0,0,6.3,7.0,123.0,,,,,,,,,,,
Chipiyana Buzurg,446.0,1150000.0,INR,1.0,0,0,"This plot is available for sale and is located in the heart of Chipiyana Buzurg. It has an area of 446 sqft and is priced at Rs. 11.50 lac . The time you'll spend here will become the greatest moment of your life that will also help you to relieve, relax & evoke a great sense of happiness. It is well connected to the city areas. Please contact for more details. ",1,,0,5,0,0,0,0,0,0,,,0,0,,0,0,,,,,,,,,,,,,,
Raj Nagar Extension,648.0,1584000.0,INR,1.0,0,0,"A plot is available for sale in Raj Nagar Extension, Ghaziabad. It has an area of 648 sqft. The property is available at a price of Rs. 15.84 lac . The time you'll spend here will become the greatest moment of your life that will also help you to relieve, relax & evoke a great sense of happiness. The site is in close proximity to various civic utilities. Please contact us for more details. ",1,,0,0,0,0,0,0,0,0,,,0,0,,0,0,,,,,,,,,,,,,,
Dasna,450.0,650000.0,INR,1.0,0,0,"This plot is available for sale and is located in the heart of Dasna. It has a salable area of 450 sqft and is available at a price of Rs. 1,444 per sqft. It is facing northeast direction. The time you'll spend here will become the greatest moment of your life that will also help you to relieve, relax & evoke a great sense of happiness. It is situated in the proximity of all the important facilities. Please contact for more details. ",1,northeast,0,0,1,0,0,0,1,0,,,0,0,,0,0,7.2,,,,,,,,,,,,,
Elaichipur,900.0,1100000.0,INR,1.0,0,0,"A plot property is available for sale in Elaichipur, Ghaziabad. It has a salable area of 900 sqft and is available at a price of Rs. 1,222 per sqft. Its entry is east facing. The time you'll spend here will become the greatest moment of your life that will also help you to relieve, relax & evoke a great sense of happiness. It is situated in the proximity of all the important facilities. Contact us for more details. ",1,east,0,1,0,0,0,0,0,0,,,0,0,,0,0,,,,,,,,,,,,,,
Dasna,900.0,6500000.0,INR,1.0,1,0,"It has an area of 900 sqft and is priced at Rs. 65.00 lac . Its entry is east facing. The time you'll spend here will become the greatest moment of your life that will also help you to relieve, relax & evoke a great sense of happiness. The society is well connected by different modes of transportation. Kindly call us for details. ",1,east,0,3,1,0,0,0,1,0,1.0,1.0,1,0,,1,1,7.2,8.3,43.0,,,,,,,,,,,
Dasna,1198.0,6090000.0,INR,1.0,1,0,"This plot is situated in Aditya Builders Pune World City, Dasna, Ghaziabad. It has an area of 1198 sqft and is priced at Rs. 60.90 lac . Its entry is northwest facing. The time you'll spend here will become the greatest moment of your life that will also help you to relieve, relax & evoke a great sense of happiness. The site is in close proximity to various civic utilities. Contact us for more details. ",1,northwest,0,0,1,1,1,1,1,1,1.0,1.0,1,1,1.0,1,1,7.2,,43.0,1.0,1.0,1.0,1.0,1.0,1.0,1.0,,,,
Sector 7 Vaishali,2152.0,37500000.0,INR,1.0,0,0,"This plot is available for sale and is located in Ramprastha Promoters And Developers Greens, one of the most prestigious projects of Sector 7 Vaishali. It has an area of 2152 sqft and is priced at Rs. 3.75 cr . The time you'll spend here will become the greatest moment of your life that will also help you to relieve, relax & evoke a great sense of happiness. It is well connected to the city areas. Contact us for more details. ",1,,0,13,1,1,1,1,1,1,,,1,0,1.0,1,1,9.7,,62.0,,,1.0,,,1.0,,1.0,,,
Govindpuram,900.0,2500000.0,INR,1.0,1,0,"900 Square feet Plot for sale in Govindpuram, Ghaziabad. This land has a dimension of 20.0 mt length 45.0 mt width. Price. The plot is East facing. There are 1 open sides for this plot. The width of the facing road is 20.0 mt. This residential land also has a boundary wall. The maximum floor allowed for construction on this plot is 3. The most popular landmarks near this plot are The Pizza Infinity, Uday South indian Dosa, and RPS Public School",1,east,0,0,0,0,0,0,0,0,,,0,0,,0,0,,,,,,,,,,,,,,
Vaishali,1000.0,14300000.0,INR,1.0,0,0,"A plot is available for sale in Vaishali, Ghaziabad. It has a salable area of 1000 sqft and is available at a price of Rs. 14,300 per sqft. Its entry is east facing. The time you'll spend here will become the greatest moment of your life that will also help you to relieve, relax & evoke a great sense of happiness. Kindly call us for details. ",1,east,0,0,0,0,0,0,0,0,,,0,0,,0,0,,,,,,,,,,,,,,
Govindpuram,504.0,1345000.0,INR,1.0,1,0,"This plot is available for sale and is located in the heart of Govindpuram. It has an area of 504 sqft. The property is available at a price of Rs. 13.45 lac . It is facing northeast direction. The time you'll spend here will become the greatest moment of your life that will also help you to relieve, relax & evoke a great sense of happiness. The society is well connected by different modes of transportation. Kindly call us for details. ",1,northeast,0,0,0,0,0,0,0,0,,,0,0,,0,0,,,,,,,,,,,,,,
Indirapuram,2178.0,31500000.0,INR,1.0,0,0,"2178 Square feet Plot for sale in Shakti Khand III, Ghaziabad. This land has a dimension of 66.0 mt length 33.0 mt width. Price. The plot is East facing. There are 1 open sides for this plot. The width of the facing road is 60.0 mt. This residential land also has a boundary wall. The maximum floor allowed for construction on this plot is 4. The most popular landmarks near this plot are Flair Mania Bartending Academy & Events in india, AL-AQSA CHARITABLE TRUST, and JKG International School",1,east,0,0,0,0,0,0,0,0,,,0,0,,0,0,,,,,,,,,,,,,,
Lal Kuan,540.0,750000.0,INR,1.0,0,0,"This plot is available for sale and is located in Aarvanss Infrastructure Mansarovar Park, one of the most prestigious projects of Lal Kuan. It has an area of 540 sqft and is priced at Rs. 7.50 lac . Its entry is east facing. The time you'll spend here will become the greatest moment of your life that will also help you to relieve, relax & evoke a great sense of happiness. The society is well connected by different modes of transportation. Kindly call us for details. ",1,east,0,4,1,1,0,0,0,0,,,0,0,,1,1,7.4,7.8,123.0,,,,,,,,,,,
Dasna,1215.0,9450000.0,INR,1.0,0,0,"This plot is situated in Aditya GZB White Cottage, Dasna. It is facing east direction. The time you'll spend here will become the greatest moment of your life that will also help you to relieve, relax & evoke a great sense of happiness. The society is well connected by different modes of transportation. Contact us for more details. ",1,east,0,6,1,1,1,1,1,1,,,1,0,1.0,0,1,7.2,8.3,43.0,1.0,,1.0,,1.0,1.0,1.0,1.0,,,
Crossing Republik,1638.0,8600000.0,INR,1.0,0,0,"A plot property is available for sale in Ansal API Aquapolis, Crossing Republik, Ghaziabad. It has a salable area of 1638 sqft and is available at a price of Rs. 5,250 per sqft. The time you'll spend here will become the greatest moment of your life that will also help you to relieve, relax & evoke a great sense of happiness. It is situated in the proximity of all the important facilities. Contact us for more details. ",1,,0,1,1,1,1,1,1,0,1.0,1.0,1,1,1.0,1,1,,8.8,55.0,1.0,1.0,1.0,1.0,1.0,,1.0,,1.0,1.0,
Chhapraula,345.0,475000.0,INR,1.0,1,0,"A plot is available at a prime location in Prithvi Associates Noida Greens. It has a salable area of 345 sqft and is available at a price of Rs. 1,376 per sqft. Its entry is south facing. The time you'll spend here will become the greatest moment of your life that will also help you to relieve, relax & evoke a great sense of happiness. It is situated in the proximity of all the important facilities. Please contact us for more details. ",1,south,0,0,0,0,0,0,0,0,,,0,0,,0,0,,,,,,,1.0,,,,,,,
Dasna,2152.0,10039080.0,INR,0.0,1,0,"A plot property is available for sale in Aditya Builders Pune World City, Dasna, Ghaziabad. It has an area of 2152 sqft and is priced at Rs. 1.00 cr . It has rain water harvesting as well as intercom. The project also has cycling & jogging track, gymnasium, fire fighting system, car parking, atm, water storage, multipurpose room and 24x7_water_supply. The time you'll spend here will become the greatest moment of your life that will also help you to relieve, relax & evoke a great sense of happiness. It is situated in the proximity of all the important facilities. If you are interested, please contact us for more details. ",1,,0,0,1,1,1,1,1,1,1.0,1.0,1,1,1.0,1,1,7.2,,43.0,1.0,1.0,1.0,1.0,1.0,1.0,1.0,,,,
Raj Nagar Extension,220.0,11000000.0,INR,1.0,1,0,"220 Square feet Plot for sale in Raj Nagar Extension, Ghaziabad. This land has a dimension of 22.0 mt length 10.0 mt width. Price. The name of the project is Krishna Enclave. The plot is North-East facing. The width of the facing road is 10.0 mt. The most popular landmarks near this plot are Cambridge Montessori Preschool (CMPS), Robin 's Academy, and Anapurna Restaurant",1,northeast,0,0,1,1,1,1,1,0,1.0,,1,0,1.0,1,1,,8.2,123.0,1.0,1.0,1.0,1.0,1.0,,1.0,,1.0,1.0,
Raj Nagar Extension,879.0,1746000.0,INR,0.0,1,0,"879 Square feet Plot for sale in Ghukna, Ghaziabad. This land has a dimension of 29.0 mt length 30.0 mt width. Price. This is a corner plot. The plot is North-East facing. There are 1 open sides for this plot. The width of the facing road is 20.0 mt. The most popular landmarks near this plot are The American School, Ghaziabad, Natkhat Fast Food & Restaurant, and Makoons Pre-School",1,northeast,0,0,0,0,0,0,0,0,,,0,0,,0,0,,,,,,,,,,,,,,
Chhapraula,900.0,1600000.0,INR,0.0,1,0,"It has an area of 900 sqft and is priced at Rs. 16.00 lac . It is facing northeast direction. The time you'll spend here will become the greatest moment of your life that will also help you to relieve, relax & evoke a great sense of happiness. It is well connected to the city areas. Kindly call us for details. ",1,northeast,0,0,1,0,0,0,0,0,,,0,0,,0,0,,,,,,,,,,,,,,
Lal Kuan,450.0,800000.0,INR,1.0,1,0,"A plot is available for sale in Aarvanss Infrastructure Mansarovar Park, Lal Kuan, Ghaziabad. It has an area of 450 sqft and is priced at Rs. 8.00 lac . It is east facing property. The site is in close proximity to various civic utilities. Please contact us for more details. ",1,east,0,4,1,1,0,0,1,0,,,0,0,,1,1,7.4,7.8,123.0,,,,,,,,,,,
duhai,620.0,1650500.0,INR,1.0,1,0,"A plot is available for sale in duhai, Ghaziabad. It has an area of 620 sqft. The property is available at a price of Rs. 16.50 lac . The time you'll spend here will become the greatest moment of your life that will also help you to relieve, relax & evoke a great sense of happiness. The society is well connected by different modes of transportation. If you are interested, please contact us for more details. ",1,,0,0,0,0,0,0,0,0,,,0,0,,0,0,,,,,,,,,,,,,,
DLF Ankur Vihar,300.0,1000000.0,INR,1.0,1,0,"A plot is available for sale in DLF Ankur Vihar, Ghaziabad. It has an area of 300 sqft. The property is available at a price of Rs. 10.00 lac . It is northeast facing property. The time you'll spend here will become the greatest moment of your life that will also help you to relieve, relax & evoke a great sense of happiness. The site is in close proximity to various civic utilities. Please contact us for more details. ",1,northeast,0,0,0,0,0,0,0,0,,,0,0,,0,0,,,,,,,,,,,,,,
Modinagar,9500.0,8000000.0,INR,0.0,1,0,"A plot property is available for sale in Modinagar, Ghaziabad. It has an area of 9500 sqft. The property is available at a price of Rs. 80.00 lac . Its entry is northeast facing. The time you'll spend here will become the greatest moment of your life that will also help you to relieve, relax & evoke a great sense of happiness. It is well connected to the city areas. If you are interested, please contact us for more details. ",1,northeast,0,0,0,0,0,0,0,0,,,0,0,,0,0,5.8,,,,,,,,,,,,,
Vasundhara,840.0,11000000.0,INR,1.0,0,0,"This plot is situated in Vasundhara, Ghaziabad. It has an area of 840 sqft and is priced at Rs. 1.10 cr . The time you'll spend here will become the greatest moment of your life that will also help you to relieve, relax & evoke a great sense of happiness. The society is well connected by different modes of transportation. Please contact us for more details. ",1,,0,0,0,0,0,0,0,0,,,0,0,,0,0,,,,,,,,,,,,,,
Gyan Khand,2745.0,23700000.0,INR,1.0,0,0,"A plot property is available for sale in Gyan Khand, Ghaziabad. It has a salable area of 2745 sqft and is available at a price of Rs. 8,633 per sqft. Its entry is east facing. The time you'll spend here will become the greatest moment of your life that will also help you to relieve, relax & evoke a great sense of happiness. It is situated in the proximity of all the important facilities. Contact us for more details. ",1,east,0,0,1,0,0,0,0,0,,,0,0,,0,0,9.5,,,,,,,,,,,,,
Dasna,1233.0,7500000.0,INR,1.0,1,0,"A plot is available for sale in Uppal Chadha Hi Tech Developers Sector 7 Plots, Dasna, Ghaziabad. It has an area of 1233 sqft and is priced at Rs. 75.00 lac . It is facing northeast direction. The time you'll spend here will become the greatest moment of your life that will also help you to relieve, relax & evoke a great sense of happiness. Kindly call us for details. ",1,northeast,0,2,1,0,0,0,1,0,,,0,0,,0,0,7.2,,2022.0,,,,,,,,,,,
Dasna,900.0,4800000.0,INR,1.0,1,0,"This plot is available for sale and is located in Aditya Builders Pune World City, one of the most prestigious projects of Dasna. It has a salable area of 900 sqft and is available at a price of Rs. 5,333 per sqft. The amenities include gymnasium, community hall and swimming pool. It is northeast facing property. The time you'll spend here will become the greatest moment of your life that will also help you to relieve, relax & evoke a great sense of happiness. It is well connected to the city areas. Please contact for more details. ",1,northeast,0,0,1,1,1,1,1,1,1.0,1.0,1,1,1.0,1,1,7.2,,43.0,1.0,1.0,1.0,1.0,1.0,1.0,1.0,,,,
wave city,450.0,675000.0,INR,1.0,1,0,"This plot is available for sale and is located in the heart of wave city. It has a salable area of 450 sqft and is available at a price of Rs. 1,500 per sqft. It is east facing property. The time you'll spend here will become the greatest moment of your life that will also help you to relieve, relax & evoke a great sense of happiness. The society is well connected by different modes of transportation. Please contact us for more details. ",1,east,0,0,0,0,0,0,0,0,,,0,0,,0,0,,,,,,,,,,,,,,
Shakti Khand,2000.0,10000000.0,INR,1.0,0,0,"This plot is situated in Shakti Khand. It has an area of 2000 sqft and is priced at Rs. 1.00 cr . The time you'll spend here will become the greatest moment of your life that will also help you to relieve, relax & evoke a great sense of happiness. The society is well connected by different modes of transportation. Please contact for more details. ",1,,0,0,0,0,0,0,0,0,,,0,0,,0,0,9.3,,,,,,,,,,,,,
Lal Kuan,450.0,900000.0,INR,1.0,1,0,"450 Square feet Plot for sale in Lal Kuan, Ghaziabad. This land has a dimension of 27.0 mt length 17.0 mt width. Price. The width of the facing road is 22.0 mt. The most popular landmarks near this plot are The Achiever's Academy, Training School Northern Railway, and Abhishek KASHYAP",1,,0,0,0,0,0,0,0,0,,,0,0,,0,0,7.4,,,,,,,,,,,,,
Siddhartha Vihar,4675.0,29700000.0,INR,1.0,1,0,"This plot is situated in Siddhartha Vihar, Ghaziabad. It has an area of 4675 sqft and is priced at Rs. 2.97 cr . The time you'll spend here will become the greatest moment of your life that will also help you to relieve, relax & evoke a great sense of happiness. The site is in close proximity to various civic utilities. Kindly call us for details. ",1,,0,3,0,0,0,0,0,0,,,0,0,,0,0,,,,,,,,,,,,,,
Rajendra Nagar,1962.0,22500000.0,INR,1.0,0,0,"A plot property is available for sale in Rajendra Nagar, Ghaziabad. It has an area of 1962 sqft. The property is available at a price of Rs. 2.25 cr . The time you'll spend here will become the greatest moment of your life that will also help you to relieve, relax & evoke a great sense of happiness. The society is well connected by different modes of transportation. Contact us for more details. ",1,,0,0,0,0,0,0,0,0,,,0,0,,0,0,,,,,,,,,,,,,,
Govindpuram,900.0,2400000.0,INR,1.0,0,0,"This plot is situated in Govindpuram, Ghaziabad. It has an area of 900 sqft and is priced at Rs. 24.00 lac . The time you'll spend here will become the greatest moment of your life that will also help you to relieve, relax & evoke a great sense of happiness. It is situated in the proximity of all the important facilities. Contact us for more details. ",1,northeast,0,0,0,0,0,0,0,0,,,0,0,,0,0,,,,,,,,,,,,,,
Kamla Nehru Nagar,1079.0,6822000.0,INR,1.0,0,0,"A plot is available at a prime location in Kamla Nehru Nagar. It has an area of 1079 sqft and is priced at Rs. 68.22 lac . The time you'll spend here will become the greatest moment of your life that will also help you to relieve, relax & evoke a great sense of happiness. The site is in close proximity to various civic utilities. Please contact us for more details. ",1,,0,0,0,0,0,0,0,0,,,0,0,,0,0,,,,,,,,,,,,,,
Patel Nagar,900.0,9000000.0,INR,1.0,0,0,"A plot is available for sale in Patel Nagar, Ghaziabad. It has an area of 900 sqft. The property is available at a price of Rs. 90.00 lac . It is east facing property. The time you'll spend here will become the greatest moment of your life that will also help you to relieve, relax & evoke a great sense of happiness. Kindly call us for details. ",1,east,0,0,1,0,0,0,0,0,,,0,0,,0,0,,,,,,,,,,,,,,
Vaishali,1290.0,26000000.0,INR,1.0,1,0,"This plot is situated in Vaishali, Ghaziabad. It has a salable area of 1290 sqft and is available at a price of Rs. 20,155 per sqft. The time you'll spend here will become the greatest moment of your life that will also help you to relieve, relax & evoke a great sense of happiness. It is well connected to the city areas. Kindly call us for details. ",1,,0,0,0,0,0,0,0,0,,,0,0,,0,0,,,,,,,,,,,,,,
Chipiyana Buzurg,520.0,1250000.0,INR,1.0,1,0,"Takshvi global home's THE Mission of company is to the Most Sucessful Real Estate Company in Delhi NCR .
Takshvi Group is Young Vibrant and Dynamic reality Company with expending intrest in residential & Commercial Real Estate. We have young , Growing and Dynamic team of professional specializing in the marketing listings and saleing new Residential Plots and house .Undevloped land and commercial and investing opportunities .takshvi global home's is a creative innovative and people oriented organization providing individual opportunities personal satisfaction and rewarding challenges in all members of the company 


PROJECT SPECIFICATION & LOCATION ADVANTAGES
ECOFRIENDLY AND POLLUTION FREE TOWNSHIP
Blakhh TOP WIDE ROAD
GATED SOCIETY 
DEVLOPMENT STARTED IMMEDIATE REGISTRY POSSESSION & MUTATION 
 
Mansarovar park is connected with 2 national highway namely nh 91 & 24 which provide direct connectivity to the township .Proposed metro station school hospiltal less then 1 km wide main road 
5 km from railway station 
4 km from bus station more then 50 institute like IT .
Adjoining all residential colonies & High rise Township of Wave city , Jaipuriya Sare Homes Saamag , Aditya World city etc More About This Property 520 Square feet Plot for sale in Chipiyana Buzurg 12, Ghaziabad. This land has a dimension of 32.0 mt length 16.0 mt width. Price. The plot is East facing. There are 1 open sides for this plot. The width of the facing road is 16.0 mt. This residential land also has a boundary wall. The maximum floor allowed for construction on this plot is 4. The most popular landmarks near this plot are Cambridge Public School, Arogya Poly Clinic, and Amit Classes",1,east,0,5,1,0,0,0,0,0,,,0,0,,0,0,,,,,,,,,,,,,,
DLF Ankur Vihar,450.0,1750000.0,INR,1.0,0,0,"A plot is available at a prime location in DLF Ankur Vihar. It has a salable area of 450 sqft and is available at a price of Rs. 3,888 per sqft. Its entry is north facing. The time you'll spend here will become the greatest moment of your life that will also help you to relieve, relax & evoke a great sense of happiness. The site is in close proximity to various civic utilities. Please contact for more details. ",1,north,0,0,1,0,0,0,1,0,,,0,0,,0,0,,,,,,,,,,,,,,
Lal Kuan,486.0,589000.0,INR,1.0,1,0,"Plot for in Modern railway City Lal kuan Ghaziabad.Boundary wall gated society and electricity pass colony.school hospital Shoaping complex and local market at walking distance. More About This Property 486 Square feet Plot for sale in Girdharpur Sunarasi, Ghaziabad. This land has a dimension of 34.0 mt length 15.0 mt width. Price. The name of the project is Aarvanss Modern Railway City. The plot is East facing. There are 1 open sides for this plot. The width of the facing road is 20.0 mt. The maximum floor allowed for construction on this plot is 4. The most popular landmarks near this plot are Shree Ji Unitech Co., Sunrise Academy, and Merry Child International School",1,east,0,4,1,0,0,0,0,0,,,1,0,1.0,1,0,7.4,7.7,123.0,,1.0,,1.0,1.0,1.0,1.0,,1.0,1.0,
Raj Nagar Extension,900.0,1350000.0,INR,1.0,1,0,"900 Square feet Plot for sale in Ghukna, Ghaziabad. This land has a dimension of 44.0 mt length 21.0 mt width. Price. This is a corner plot. The plot is North-East facing. There are 2 open sides for this plot. The width of the facing road is 20.0 mt. This residential land also has a boundary wall. The maximum floor allowed for construction on this plot is 3. The most popular landmarks near this plot are The American School, Ghaziabad, Natkhat Fast Food & Restaurant, and Makoons Pre-School",1,northeast,0,0,0,0,0,0,0,0,,,0,0,,0,0,,,,,,,,,,,,,,
Govindpuram,1350.0,5320000.0,INR,1.0,1,0,"This plot is available for sale and is located in the heart of Govindpuram. It has a salable area of 1350 sqft and is available at a price of Rs. 3,940 per sqft. It is west facing property. The time you'll spend here will become the greatest moment of your life that will also help you to relieve, relax & evoke a great sense of happiness. It is well connected to the city areas. ",1,west,0,0,0,0,0,0,0,0,,,0,0,,0,0,,,,,,,,,,,,,,
Shastri Nagar,2745.0,16500000.0,INR,1.0,0,0,"This plot is situated in Shastri Nagar. It has an area of 2745 sqft. The property is available at a price of Rs. 1.65 cr . Its entry is west facing. The time you'll spend here will become the greatest moment of your life that will also help you to relieve, relax & evoke a great sense of happiness. It is well connected to the city areas. If you are interested, please contact us for more details. ",1,west,0,0,1,0,0,0,0,0,,,0,0,,0,0,7.9,,,,,,,,,,,,,
Govindpuram,945.0,4350000.0,INR,1.0,1,0,"It has an area of 945 sqft. The property is available at a price of Rs. 43.50 lac . Its entry is northeast facing. The time you'll spend here will become the greatest moment of your life that will also help you to relieve, relax & evoke a great sense of happiness. The society is well connected by different modes of transportation. Contact us for more details. ",1,northeast,0,0,0,0,0,0,0,0,,,0,0,,0,0,,,,,,,,,,,,,,
Dasna,1197.0,5650000.0,INR,1.0,1,0,"This plot is situated in Aditya Builders Pune World City, Dasna. It has an area of 1197 sqft. The property is available at a price of Rs. 56.50 lac . The time you'll spend here will become the greatest moment of your life that will also help you to relieve, relax & evoke a great sense of happiness. The site is in close proximity to various civic utilities. Please contact for more details. ",1,,0,0,1,1,1,1,1,1,1.0,1.0,1,1,1.0,1,1,7.2,,43.0,1.0,1.0,1.0,1.0,1.0,1.0,1.0,,,,
Lal Kuan,1350.0,2250000.0,INR,1.0,1,0,"A plot is available at a prime location in Lal Kuan. It has an area of 1350 sqft. The property is available at a price of Rs. 22.50 lac . Its entry is northeast facing. The time you'll spend here will become the greatest moment of your life that will also help you to relieve, relax & evoke a great sense of happiness. The site is in close proximity to various civic utilities. ",1,northeast,0,0,0,0,0,0,0,0,,,0,0,,0,0,7.4,,,,,,,,,,,,,
Raj Nagar Extension,900.0,2100000.0,INR,1.0,1,0,"900 Square feet Plot for sale in Ghukna, Ghaziabad. This land has a dimension of 45.0 mt length 20.0 mt width. Price. The plot is East facing. There are 1 open sides for this plot. The width of the facing road is 28.0 mt. The maximum floor allowed for construction on this plot is 3. The most popular landmarks near this plot are The American School, Ghaziabad, Natkhat Fast Food & Restaurant, and Makoons Pre-School",1,east,0,0,0,0,0,0,0,0,,,0,0,,0,0,,,,,,,,,,,,,,
Indirapuram,2368.0,36000000.0,INR,1.0,0,0,"2368 Square feet Plot for sale in Niti Khand I, Ghaziabad. This land has a dimension of 75.0 mt length 32.0 mt width. Price. The plot is East facing. There are 1 open sides for this plot. The width of the facing road is 36.0 mt. The maximum floor allowed for construction on this plot is 3. The most popular landmarks near this plot are JKG International School, Apollo Clinic, and Gulati Punjabi Swad",1,east,0,0,0,0,0,0,0,0,,,0,0,,0,0,,,,,,,,,,,,,,
Chhapraula,454.0,688500.0,INR,1.0,1,0,"This plot is situated in Prithvi Associates Noida Greens, Chhapraula. It has a salable area of 454 sqft and is available at a price of Rs. 1,516 per sqft. Its entry is northeast facing. The time you'll spend here will become the greatest moment of your life that will also help you to relieve, relax & evoke a great sense of happiness. It is well connected to the city areas. Please contact for more details. ",1,northeast,0,0,0,0,0,0,0,0,,,0,0,,0,0,,,,,,,1.0,,,,,,,
Raj Nagar Extension,1539.0,3400000.0,INR,0.0,1,0,"A plot is available at a prime location in Raj Nagar Extension. It has an area of 1539 sqft. The property is available at a price of Rs. 34.00 lac . The time you'll spend here will become the greatest moment of your life that will also help you to relieve, relax & evoke a great sense of happiness. It is situated in the proximity of all the important facilities. Kindly call us for details. ",1,,0,0,0,0,0,0,0,0,,,0,0,,0,0,,,,,,,,,,,,,,
Lal Kuan,405.0,810000.0,INR,1.0,1,0,"405 Square feet Plot for sale in Lal Kuan, Ghaziabad. This land has a dimension of 27.0 mt length 15.0 mt width. Price. The width of the facing road is 22.0 mt. The most popular landmarks near this plot are The Achiever's Academy, Training School Northern Railway, and Abhishek KASHYAP",1,,0,0,0,0,0,0,0,0,,,0,0,,0,0,7.4,,,,,,,,,,,,,
Vasundhara,538.0,6000000.0,INR,1.0,0,0,"A plot is available for sale in Vasundhara, Ghaziabad. It has an area of 538 sqft and is priced at Rs. 60.00 lac . It is north facing property. The time you'll spend here will become the greatest moment of your life that will also help you to relieve, relax & evoke a great sense of happiness. The society is well connected by different modes of transportation. Please contact for more details. ",1,north,0,0,1,0,0,0,1,0,,,0,0,,0,0,,,,,,,,,,,,,,
Govindpuram,855.0,2600000.0,INR,1.0,0,0,"This plot is situated in Govindpuram. It has an area of 855 sqft and is priced at Rs. 26.00 lac . It is northwest facing property. The time you'll spend here will become the greatest moment of your life that will also help you to relieve, relax & evoke a great sense of happiness. It is well connected to the city areas. Contact us for more details. ",1,northwest,0,0,1,0,0,0,0,0,,,0,0,,0,0,,,,,,,,,,,,,,
Lal Kuan,710.0,1650000.0,INR,1.0,1,0,"This plot is situated in Aarvanss Infrastructure Mansarovar Park, Lal Kuan, Ghaziabad. It has an area of 710 sqft and is priced at Rs. 16.50 lac . It is facing east direction. The time you'll spend here will become the greatest moment of your life that will also help you to relieve, relax & evoke a great sense of happiness. The site is in close proximity to various civic utilities. ",1,east,0,4,1,1,0,0,0,0,,,0,0,,1,1,7.4,7.8,123.0,,,,,,,,,,,
Govindpuram,495.0,1450000.0,INR,1.0,1,0,"This plot is situated in Govindpuram. It has a salable area of 495 sqft and is available at a price of Rs. 2,929 per sqft. It is east facing property. The time you'll spend here will become the greatest moment of your life that will also help you to relieve, relax & evoke a great sense of happiness. Kindly call us for details. ",1,east,0,0,0,0,0,0,0,0,,,0,0,,0,0,,,,,,,,,,,,,,
Raj Nagar Extension,900.0,2300000.0,INR,1.0,1,0,"A plot property is available for sale in Krishna Aprameya Group Enclave, Raj Nagar Extension, Ghaziabad. It is northeast facing property. The time you'll spend here will become the greatest moment of your life that will also help you to relieve, relax & evoke a great sense of happiness. The site is in close proximity to various civic utilities. If you are interested, please contact us for more details. ",1,northeast,0,0,1,1,1,1,1,0,1.0,,1,0,1.0,1,1,,8.2,123.0,1.0,1.0,1.0,1.0,1.0,,1.0,,1.0,1.0,
Vaishali,1700.0,21000000.0,INR,1.0,0,0,"This plot is situated in Vaishali. It has an area of 1700 sqft and is priced at Rs. 2.10 cr . The time you'll spend here will become the greatest moment of your life that will also help you to relieve, relax & evoke a great sense of happiness. It is well connected to the city areas. Please contact us for more details. ",1,,0,0,0,0,0,0,0,0,,,0,0,,0,0,,,,,,,,,,,,,,
Raj Nagar Extension,900.0,2500000.0,INR,1.0,1,0,"This plot is available for sale and is located in Atharv Infrastructure Royal Green City, one of the most prestigious projects of Raj Nagar Extension. It has an area of 900 sqft and is priced at Rs. 25.00 lac . It is north facing property. The time you'll spend here will become the greatest moment of your life that will also help you to relieve, relax & evoke a great sense of happiness. The society is well connected by different modes of transportation. Please contact for more details. ",1,north,0,2,1,0,0,0,0,0,,,0,1,,1,0,,,,,,,,,,1.0,,,,
Vasundhara,1800.0,25000000.0,INR,1.0,1,0,"1800 Square feet Plot for sale in Sector 7 Vasundhara, Ghaziabad. This land has a dimension of 35.0 mt length 59.0 mt width. Price. The plot is North-East facing. There are 2 open sides for this plot. The width of the facing road is 59.0 mt. The most popular landmarks near this plot are Swastik Medical Centre, Prem Dharam Hospital & Diagnostic, and Vanasthali Public School Sec 10",1,northeast,0,0,0,0,0,0,0,0,,,0,0,,0,0,,,,,,,,,,,,,,
Lal Kuan,900.0,1500000.0,INR,1.0,0,0,"This plot is situated in Aarvanss Infrastructure Mansarovar Park, Lal Kuan. It has an area of 900 sqft and is priced at Rs. 15.00 lac . Its entry is east facing. The time you'll spend here will become the greatest moment of your life that will also help you to relieve, relax & evoke a great sense of happiness. It is situated in the proximity of all the important facilities. Contact us for more details. ",1,east,0,4,1,1,0,0,0,0,,,0,0,,1,1,7.4,7.8,123.0,,,,,,,,,,,
Dasna,1512.0,8100000.0,INR,1.0,0,0,"A plot is available at a prime location in Agarwal Associates Aditya World City. It has an area of 1512 sqft and is priced at Rs. 81.00 lac . Its entry is east facing. The time you'll spend here will become the greatest moment of your life that will also help you to relieve, relax & evoke a great sense of happiness. It is well connected to the city areas. If you are interested, please contact us for more details. ",1,east,0,7,1,1,1,0,1,0,,,1,0,1.0,1,0,7.2,4.0,43.0,,1.0,,1.0,1.0,1.0,,,,,
Lal Kuan,450.0,626000.0,INR,1.0,1,0,"This plot is situated in Mehak Infrastructure Eco City, Lal Kuan. It has an area of 450 sqft. The property is available at a price of Rs. 6.26 lac . Its entry is east facing. The time you'll spend here will become the greatest moment of your life that will also help you to relieve, relax & evoke a great sense of happiness. It is situated in the proximity of all the important facilities. Contact us for more details. ",1,east,0,0,1,1,1,1,1,0,1.0,1.0,0,1,1.0,1,1,7.4,,17.0,1.0,,1.0,,,,1.0,,,,
Siddhartha Vihar,1000.0,3200000.0,INR,1.0,1,0,"A plot is available at a prime location in Siddhartha Vihar. It has an area of 1000 sqft. The property is available at a price of Rs. 32.00 lac . The time you'll spend here will become the greatest moment of your life that will also help you to relieve, relax & evoke a great sense of happiness. It is situated in the proximity of all the important facilities. Please contact for more details. ",1,,0,3,0,0,0,0,0,0,,,0,0,,0,0,,,,,,,,,,,,,,
Raj Nagar Extension,927.0,5150000.0,INR,1.0,1,0,"GDA APPROVED PLOTS AT 100 FEET ROAD AT RAJ NAGAR EXTN GHAZIABAD More About This Property 103 Square yard Plot for sale in Ghukna, Ghaziabad. This land has a dimension of 13.0 mt length 8.0 mt width. Price. The plot is East facing. There are 3 open sides for this plot. The width of the facing road is 30.0 mt. This residential land also has a boundary wall. The most popular landmarks near this plot are The American School, Ghaziabad, Natkhat Fast Food & Restaurant, and Makoons Pre-School",1,east,0,0,0,0,0,0,0,0,,,0,0,,0,0,,,,,,,,,,,,,,
Niti Khand,900.0,13500000.0,INR,1.0,0,0,"A plot is available for sale in Niti Khand, Ghaziabad. It has an area of 900 sqft. The property is available at a price of Rs. 1.35 cr . The time you'll spend here will become the greatest moment of your life that will also help you to relieve, relax & evoke a great sense of happiness. The site is in close proximity to various civic utilities. Please contact us for more details. ",1,,0,0,0,0,0,0,0,0,,,0,0,,0,0,9.3,,,,,,,,,,,,,
Masuri,450.0,700001.0,INR,0.0,0,0,"A plot property is available for sale in Vardah Builders Vardah Enclave Flats, Masuri, Ghaziabad. It has an area of 450 sqft and is priced at Rs. 7.00 lac . It is east facing property. The time you'll spend here will become the greatest moment of your life that will also help you to relieve, relax & evoke a great sense of happiness. The society is well connected by different modes of transportation. Please contact for more details. ",1,east,0,0,0,1,0,0,0,0,,,1,0,,0,0,6.3,7.4,123.0,,,1.0,,,,,,,,
Lal Kuan,700.0,1050000.0,INR,1.0,1,0,"VRIDHI HOMES.THE Mission of Vridhi Home company is to the Most Sucessful Real Estate Company in Delhi NCR .
VRIDHI HOMES Group is Young Vibrant and Dynamic reality Company with expending intrest in residential & Commercial Real Estate. We have young , Growing and Dynamic team of professional specializing in the marketing listings and saleing new Residential Plots and house .Undevloped land and commercial and investing opportunities .VRIDHI HOMES is a creative innovative and people oriented organization providing individual opportunities personal satisfaction and rewarding challenges in all members of the company 


PROJECT SPECIFICATION & LOCATION ADVANTAGES
ECOFRIENDLY AND POLLUTION FREE TOWNSHIP
Blakhh TOP WIDE ROAD
GATED SOCIETY 
DEVLOPMENT STARTED IMMEDIATE REGISTRY POSSESSION & MUTATION 
 
Mansarovar park is connected with 2 national highway namely nh 91 & 24 which provide direct connectivity to the township .Proposed metro station school hospiltal less then 1 km wide main road 
5 km from railway station 
4 km from bus station more then 50 institute like IT .
Adjoining all residential colonies & High rise Township of Wave city , Jaipuriya Sare Homes Saamag , Aditya World city etc More About This Property 700 Square feet Plot for sale in Girdharpur Sunarasi, Ghaziabad. This land has a dimension of 32.0 mt length 22.0 mt width. Price. The name of the project is Aarvanss Modern Heights. The plot is North-East facing. There are 1 open sides for this plot. The width of the facing road is 22.0 mt. This residential land also has a boundary wall. The maximum floor allowed for construction on this plot is 3. The most popular landmarks near this plot are Shree Ji Unitech Co., Sunrise Academy, and Merry Child International School",1,northeast,0,4,1,0,1,1,1,0,1.0,,1,0,1.0,1,1,7.4,7.7,123.0,,1.0,,1.0,1.0,,1.0,,1.0,1.0,
duhai,1000.0,2000000.0,INR,0.0,0,0,"It has an area of 1000 sqft. The property is available at a price of Rs. 20.00 lac . Its entry is southeast facing. The time you'll spend here will become the greatest moment of your life that will also help you to relieve, relax & evoke a great sense of happiness. The site is in close proximity to various civic utilities. Contact us for more details. ",1,southeast,0,0,1,0,0,0,1,0,,,0,0,,0,0,,,,,,,,,,,,,,
Dasna,1197.0,5584005.0,INR,0.0,1,0,"This plot is situated in Aditya Builders Pune World City, Dasna. It has an area of 1197 sqft and is priced at Rs. 55.84 lac . The amenities include multipurpose room, flower garden, yoga/meditation area, intercom, car parking, sports facility, service lift, fire fighting system, 24x7_water_supply and club house. The time you'll spend here will become the greatest moment of your life that will also help you to relieve, relax & evoke a great sense of happiness. The society is well connected by different modes of transportation. Contact us for more details. ",1,,0,0,1,1,1,1,1,1,1.0,1.0,1,1,1.0,1,1,7.2,,43.0,1.0,1.0,1.0,1.0,1.0,1.0,1.0,,,,
Raj Nagar Extension,1233.0,9200000.0,INR,1.0,0,0,"This plot is situated in Krishna Aprameya Group Enclave, Raj Nagar Extension, Ghaziabad. It has an area of 1233 sqft and is priced at Rs. 92.00 lac . It is northeast facing property. The site is in close proximity to various civic utilities. Kindly call us for details. ",1,northeast,0,0,1,1,1,1,1,0,1.0,,1,0,1.0,1,1,,8.2,123.0,1.0,1.0,1.0,1.0,1.0,,1.0,,1.0,1.0,
Chhapraula,450.0,700000.0,INR,0.0,1,0,"This plot is situated in Chhapraula. It has a salable area of 450 sqft and is available at a price of Rs. 1,555 per sqft. It is northeast facing property. The time you'll spend here will become the greatest moment of your life that will also help you to relieve, relax & evoke a great sense of happiness. The site is in close proximity to various civic utilities. Please contact us for more details. ",1,northeast,0,0,1,0,0,0,0,0,,,0,0,,0,0,,,,,,,,,,,,,,
duhai,620.0,1650000.0,INR,1.0,1,0,"A plot is available at a prime location in duhai. It has an area of 620 sqft and is priced at Rs. 16.50 lac . It is facing west direction. The time you'll spend here will become the greatest moment of your life that will also help you to relieve, relax & evoke a great sense of happiness. It is situated in the proximity of all the important facilities. Please contact for more details. ",1,west,0,0,0,0,0,0,0,0,,,0,0,,0,0,,,,,,,,,,,,,,
Surya Nagar,3870.0,35000000.0,INR,1.0,0,0,"A plot is available at a prime location in Surya Nagar. It has an area of 3870 sqft and is priced at Rs. 3.50 cr . It is facing east direction. The time you'll spend here will become the greatest moment of your life that will also help you to relieve, relax & evoke a great sense of happiness. It is situated in the proximity of all the important facilities. Kindly call us for details. ",1,east,0,0,0,0,0,0,0,0,,,0,0,,0,0,,,,,,,,,,,,,,
Crossing Republik,2160.0,9000000.0,INR,1.0,0,0,"240 Square yard Plot for sale in Chipiyana Buzurg 12, Ghaziabad. This land has a dimension of 10.0 mt length 18.0 mt width. Price. The name of the project is Ansal API Aquapolis. The width of the facing road is 40.0 mt. The most popular landmarks near this plot are Mr.Shivam Coaching Center, Indian Child Public School, and Little Pride play school",1,,0,1,1,1,1,1,1,0,1.0,1.0,1,1,1.0,1,1,,8.8,55.0,1.0,1.0,1.0,1.0,1.0,,1.0,,1.0,1.0,
Surya Nagar,1800.0,32500000.0,INR,1.0,0,0,"This plot is situated in Surya Nagar. It has an area of 1800 sqft and is priced at Rs. 3.25 cr . The time you'll spend here will become the greatest moment of your life that will also help you to relieve, relax & evoke a great sense of happiness. It is well connected to the city areas. Kindly call us for details. ",1,west,0,0,1,0,0,0,1,0,,,0,0,,0,0,,,,,,,,,,,,,,
DLF Ankur Vihar,495.0,1925000.0,INR,1.0,1,0,"A plot is available at a prime location in DLF Ankur Vihar. It has an area of 495 sqft. The property is available at a price of Rs. 19.25 lac . It is facing northeast direction. The time you'll spend here will become the greatest moment of your life that will also help you to relieve, relax & evoke a great sense of happiness. The society is well connected by different modes of transportation. If you are interested, please contact us for more details. ",1,northeast,0,0,0,0,0,0,0,0,,,0,0,,0,0,,,,,,,,,,,,,,
Govindpuram,1104.0,3100000.0,INR,1.0,0,0,This plot is available for sale and is located in the heart of Govindpuram. It has an area of 1104 sqft and is priced at Rs. 31.00 lac . Its entry is west facing. It is well connected to the city areas. Please contact for more details. ,1,west,0,0,0,0,0,0,0,0,,,0,0,,0,0,,,,,,,,,,,,,,
Shastri Nagar,900.0,2950000.0,INR,1.0,1,0,"This plot is situated in Shastri Nagar. It is facing east direction. The time you'll spend here will become the greatest moment of your life that will also help you to relieve, relax & evoke a great sense of happiness. It is situated in the proximity of all the important facilities. Please contact us for more details. ",1,east,0,0,0,0,0,0,0,0,,,0,0,,0,0,7.9,,,,,,,,,,,,,
Dasna,1198.0,6200000.0,INR,1.0,1,0,"This plot is available for sale and is located in Uppal Chadha Hi Tech Developers Sector 7 Plots, one of the most prestigious projects of Dasna. It has a salable area of 1198 sqft and is available at a price of Rs. 5,175 per sqft. It is northeast facing property. It is well connected to the city areas. Please contact for more details. ",1,northeast,0,2,1,0,0,0,1,0,,,0,0,,0,0,7.2,,2022.0,,,,,,,,,,,
Chipiyana Buzurg,720.0,1600000.0,INR,1.0,1,0,"A plot is available at a prime location in Chipiyana Buzurg. It has an area of 720 sqft. The property is available at a price of Rs. 16.00 lac . Its entry is northeast facing. The time you'll spend here will become the greatest moment of your life that will also help you to relieve, relax & evoke a great sense of happiness. It is well connected to the city areas. If you are interested, please contact us for more details. ",1,northeast,0,5,1,0,0,0,0,0,,,0,0,,0,0,,,,,,,,,,,,,,
Rajendra Nagar,1350.0,13500000.0,INR,1.0,0,0,"This plot is situated in Rajendra Nagar, Ghaziabad. It has an area of 1350 sqft. The property is available at a price of Rs. 1.35 cr . It is facing northwest direction. It is situated in the proximity of all the important facilities. Please contact for more details. ",1,northwest,0,0,1,0,0,0,0,0,,,0,0,,0,0,,,,,,,,,,,,,,
Ansals Chiranjiv Vihar,1800.0,19000000.0,INR,1.0,0,0,"1800 Square feet Plot for sale in Shastri Nagar, Ghaziabad. This land has a dimension of 45.0 mt length 40.0 mt width. Price. This is a corner plot. The plot is North facing. There are 2 open sides for this plot. The width of the facing road is 35.0 mt. The maximum floor allowed for construction on this plot is 3. The most popular landmarks near this plot are Apex Multispeciality Hospital, Anganwadi Janakpuri, and Ayurvedic treatment for Piles, Fissure, Fistula in Ghaziabad, India",1,north,0,4,1,0,0,0,0,0,,,0,0,,0,0,,,,,,,,,,,,,,
Raj Nagar Extension,900.0,3500002.0,INR,1.0,1,0,"A plot is available for sale in Raj Nagar Extension, Ghaziabad. It has an area of 900 sqft. The property is available at a price of Rs. 35.00 lac . The time you'll spend here will become the greatest moment of your life that will also help you to relieve, relax & evoke a great sense of happiness. The site is in close proximity to various civic utilities. Kindly call us for details. ",1,,0,0,0,0,0,0,0,0,,,0,0,,0,0,,,,,,,,,,,,,,
Indirapuram,4090.0,72500000.0,INR,1.0,0,0,"This plot is situated in Indirapuram, Ghaziabad. It has a salable area of 4090 sqft and is available at a price of Rs. 17,726 per sqft. Its entry is west facing. The time you'll spend here will become the greatest moment of your life that will also help you to relieve, relax & evoke a great sense of happiness. The site is in close proximity to various civic utilities. Please contact us for more details. ",1,west,0,0,1,0,0,0,0,0,,,0,0,,0,0,,,,,,,,,,,,,,
Raj Nagar Extension,900.0,10000000.0,INR,0.0,1,0,"A plot is available at a prime location in LR Infrahomes Blue Moon Homes. It has an area of 900 sqft and is priced at Rs. 1.00 cr . It is facing north direction. The time you'll spend here will become the greatest moment of your life that will also help you to relieve, relax & evoke a great sense of happiness. It is well connected to the city areas. Please contact for more details. ",1,north,0,0,1,1,1,1,1,0,1.0,,1,0,1.0,1,1,,8.1,123.0,,1.0,1.0,1.0,1.0,,1.0,,1.0,1.0,
Lal Kuan,495.0,625000.0,INR,1.0,0,0,"495 Square feet Plot for sale in Lal Kuan, Ghaziabad. This land has a dimension of 18.0 mt length 30.0 mt width. Price. This is a corner plot. The plot is East facing. There are 2 open sides for this plot. The width of the facing road is 25.0 mt. This residential land also has a boundary wall. The maximum floor allowed for construction on this plot is 4. The most popular landmarks near this plot are The Achiever's Academy, Training School Northern Railway, and Abhishek KASHYAP",1,east,0,0,1,0,0,0,0,0,,,0,0,,0,0,7.4,,,,,,,,,,,,,
Shakti Khand,1400.0,19500000.0,INR,0.0,0,0,"128 mtr Plot in Shakti Khand, indrapuram , Ghaziabad and near by Metro , Mall, School, Market and Bank More About This Property 1400 Square feet Plot for sale in Shakti Khand IV, Ghaziabad. This land has a dimension of 60.0 mt length 24.0 mt width. Price. The plot is East facing. There are 1 open sides for this plot. The width of the facing road is 80.0 mt. This residential land also has a boundary wall. The maximum floor allowed for construction on this plot is 4. The most popular landmarks near this plot are GURUKUL Kathak Kendra, Shanti Juniors Shaktikhand 3, and JKG International School",1,east,0,0,0,0,0,0,0,0,,,0,0,,0,0,9.3,,,,,,,,,,,,,
wave city,900.0,1253000.0,INR,1.0,1,0,"A plot is available for sale in wave city, Ghaziabad. It has an area of 900 sqft and is priced at Rs. 12.53 lac . It is facing east direction. The time you'll spend here will become the greatest moment of your life that will also help you to relieve, relax & evoke a great sense of happiness. The society is well connected by different modes of transportation. ",1,east,0,0,0,0,0,0,0,0,,,0,0,,0,0,,,,,,,,,,,,,,
Shakti Khand,3600.0,88000000.0,INR,1.0,0,0,"A plot is available at a prime location in Shakti Khand. It has an area of 3767 sqft. The property is available at a price of Rs. 8.80 cr . It is east facing property. The time you'll spend here will become the greatest moment of your life that will also help you to relieve, relax & evoke a great sense of happiness. The society is well connected by different modes of transportation. Please contact for more details. ",1,east,0,0,0,0,0,0,0,0,,,0,0,,0,0,9.3,,,,,,,,,,,,,
Chhapraula,485.0,1620000.0,INR,1.0,1,0,"A plot property is available for sale in Prithvi Associates Noida Greens, Chhapraula, Ghaziabad. It has an area of 485 sqft. The property is available at a price of Rs. 16.20 lac . The time you'll spend here will become the greatest moment of your life that will also help you to relieve, relax & evoke a great sense of happiness. It is situated in the proximity of all the important facilities. Kindly call us for details. ",1,northwest,0,0,0,0,0,0,0,0,,,0,0,,0,0,,,,,,,1.0,,,,,,,
Lal Kuan,270.0,540000.0,INR,1.0,1,0,"A plot property is available for sale in Lal Kuan, Ghaziabad. It has a salable area of 270 sqft and is available at a price of Rs. 2,000 per sqft. The time you'll spend here will become the greatest moment of your life that will also help you to relieve, relax & evoke a great sense of happiness. The site is in close proximity to various civic utilities. Contact us for more details. ",1,,0,0,0,0,0,0,0,0,,,0,0,,0,0,7.4,,,,,,,,,,,,,
Lal Kuan,900.0,2000000.0,INR,1.0,1,0,"This plot is situated in Aarvanss Infrastructure Mansarovar Park, Lal Kuan, Ghaziabad. It has an area of 900 sqft and is priced at Rs. 20.00 lac . It is facing northeast direction. The time you'll spend here will become the greatest moment of your life that will also help you to relieve, relax & evoke a great sense of happiness. It is situated in the proximity of all the important facilities. Please contact us for more details. ",1,northeast,0,4,1,1,0,0,0,0,,,0,0,,1,1,7.4,7.8,123.0,,,,,,,,,,,
Raj Nagar Extension,810.0,1798000.0,INR,,1,0,"This plot is available for sale and is located in Krishna Aprameya Group Enclave, one of the most prestigious projects of Raj Nagar Extension. It is facing northeast direction. The time you'll spend here will become the greatest moment of your life that will also help you to relieve, relax & evoke a great sense of happiness. The site is in close proximity to various civic utilities. Please contact us for more details. ",1,northeast,0,0,1,1,1,1,1,0,1.0,,1,0,1.0,1,1,,8.2,123.0,1.0,1.0,1.0,1.0,1.0,,1.0,,1.0,1.0,
Raj Nagar Extension,920.0,2000000.0,INR,0.0,1,0,"A plot is available at a prime location in Raj Nagar Extension. It has a salable area of 920 sqft and is available at a price of Rs. 2,173 per sqft. It is northeast facing property. The time you'll spend here will become the greatest moment of your life that will also help you to relieve, relax & evoke a great sense of happiness. Please contact us for more details. ",1,northeast,0,0,0,0,0,0,0,0,,,0,0,,0,0,,,,,,,,,,,,,,
Raj Nagar Extension,900.0,2400000.0,INR,1.0,1,0,"A plot property is available for sale in Raj Nagar Extension, Ghaziabad. It has a salable area of 900 sqft and is available at a price of Rs. 2,666 per sqft. It is facing west direction. The time you'll spend here will become the greatest moment of your life that will also help you to relieve, relax & evoke a great sense of happiness. The society is well connected by different modes of transportation. ",1,west,0,0,0,0,0,0,0,0,,,0,0,,0,0,,,,,,,,,,,,,,
Shakti Khand,450.0,900000.0,INR,1.0,0,0,,1,,0,122,1,1,1,1,1,0,1.0,1.0,1,1,1.0,1,1,9.3,,123.0,1.0,1.0,1.0,1.0,1.0,1.0,1.0,1.0,,,1.0
Dasna,1197.0,6000000.0,INR,1.0,1,0,"A plot property is available for sale in Aditya Builders Pune World City, Dasna, Ghaziabad. It has an area of 1197 sqft. The property is available at a price of Rs. 60.00 lac . Its entry is northwest facing. The time you'll spend here will become the greatest moment of your life that will also help you to relieve, relax & evoke a great sense of happiness. The site is in close proximity to various civic utilities. Please contact for more details. ",1,northwest,0,0,1,1,1,1,1,1,1.0,1.0,1,1,1.0,1,1,7.2,,43.0,1.0,1.0,1.0,1.0,1.0,1.0,1.0,,,,
Dasna,1198.0,6100000.0,INR,1.0,1,0,"A plot is available at a prime location in Aditya Builders Pune World City. It is facing northeast direction. The time you'll spend here will become the greatest moment of your life that will also help you to relieve, relax & evoke a great sense of happiness. The site is in close proximity to various civic utilities. Please contact for more details. ",1,northeast,0,0,1,1,1,1,1,1,1.0,1.0,1,1,1.0,1,1,7.2,,43.0,1.0,1.0,1.0,1.0,1.0,1.0,1.0,,,,
Dasna,1197.0,6200000.0,INR,1.0,1,0,"This plot is available for sale and is located in Aditya Builders Pune World City, one of the most prestigious projects of Dasna. It has a salable area of 1197 sqft and is available at a price of Rs. 5,179 per sqft. It is northwest facing property. The time you'll spend here will become the greatest moment of your life that will also help you to relieve, relax & evoke a great sense of happiness. The site is in close proximity to various civic utilities. Contact us for more details. ",1,northwest,0,0,1,1,1,1,1,1,1.0,1.0,1,1,1.0,1,1,7.2,,43.0,1.0,1.0,1.0,1.0,1.0,1.0,1.0,,,,
Lal Kuan,648.0,1120000.0,INR,1.0,1,0,"This plot is situated in Property Vision Promotors And Developers Mansarovar Park Lalkua, Lal Kuan, Ghaziabad. It has an area of 648 sqft and is priced at Rs. 11.20 lac . Its entry is east facing. The time you'll spend here will become the greatest moment of your life that will also help you to relieve, relax & evoke a great sense of happiness. It is situated in the proximity of all the important facilities. Please contact us for more details. ",1,east,0,4,0,0,0,0,0,0,,,0,0,,0,0,7.4,,123.0,,,,,,,,,,,
Chhapraula,720.0,850000.0,INR,1.0,1,0,"Plot for sale in Modern railway City Ghaziabad near Girdharpur.Boundary wall gated society and electricity pass colony.School hospital Shoaping complex and local market at walking distance half km. More About This Property 720 Square feet Plot for sale in Chhapraula, Ghaziabad. This land has a dimension of 36.0 mt length 20.0 mt width. Price. The plot is East facing. There are 1 open sides for this plot. The width of the facing road is 20.0 mt. This residential land also has a boundary wall. The maximum floor allowed for construction on this plot is 4. The most popular landmarks near this plot are Om bikaner sweets 21, om bikaner sweets, and Sachin Dhava",1,east,0,0,0,0,0,0,0,0,,,0,0,,0,0,,,,,,,,,,,,,,
Chhapraula,1080.0,1299000.0,INR,1.0,1,0,"A plot is available for sale in Chhapraula, Ghaziabad. It has a salable area of 1080 sqft and is available at a price of Rs. 1,202 per sqft. Its entry is west facing. It is situated in the proximity of all the important facilities. Kindly call us for details. ",1,west,0,0,0,0,0,0,0,0,,,0,0,,0,0,,,,,,,,,,,,,,
Lal Kuan,648.0,735000.0,INR,1.0,1,0,"Plot for sale in modern railway City Lal kuan Ghaziabad.school hospital Shoaping complex and local market at walking distance.
Boundary wall gated society and electricity pass colony. More About This Property 648 Square feet Plot for sale in Lal Kuan, Ghaziabad. This land has a dimension of 36.0 mt length 18.0 mt width. Price. The plot is East facing. There are 1 open sides for this plot. The width of the facing road is 20.0 mt. The maximum floor allowed for construction on this plot is 4. The most popular landmarks near this plot are SHUBHANG PARASHAR, vidya international school, and HERAMB UPADHYAY",1,east,0,0,0,0,0,0,0,0,,,0,0,,0,0,7.4,,,,,,,,,,,,,
Chhapraula,792.0,1020000.0,INR,1.0,1,0,"Plot for sale in modern railway City Ghaziabad.boundary wall gated society and electricity pass colony.School hospital Shoaping complex and local market at walking distance half km. More About This Property 792 Square feet Plot for sale in Chhapraula, Ghaziabad. This land has a dimension of 22.0 mt length 36.0 mt width. Price. The plot is East facing. There are 1 open sides for this plot. The width of the facing road is 20.0 mt. The maximum floor allowed for construction on this plot is 4. The most popular landmarks near this plot are Merry Child International School, Sunrise Academy, and TOJO PLAY SCHOOL",1,east,0,0,0,0,0,0,0,0,,,0,0,,0,0,,,,,,,,,,,,,,
Lal Kuan,502.0,612000.0,INR,1.0,1,0,"Plot for sale in Modern railway City Lal kuan Ghaziabad.Boundary Wall gated society and electricity pass colony.
Loan facility available.
Pradhan mantri aawas yojana sabsidi available.
School Hospital Shoaping Mall petrol pump and Market at walking distance. More About This Property 502 Square feet Plot for sale in Girdharpur Sunarasi, Ghaziabad. This land has a dimension of 35.0 mt length 15.0 mt width. Price. The name of the project is Aarvanss Modern Railway City. The plot is East facing. There are 1 open sides for this plot. The width of the facing road is 20.0 mt. This residential land also has a boundary wall. The maximum floor allowed for construction on this plot is 4. The most popular landmarks near this plot are Shree Ji Unitech Co., Sunrise Academy, and Merry Child International School",1,east,0,4,1,0,0,0,0,0,,,1,0,1.0,1,0,7.4,7.7,123.0,,1.0,,1.0,1.0,1.0,1.0,,1.0,1.0,
Chhapraula,612.0,800000.0,INR,1.0,1,0,"Plot for sale in modern railway City Lal kuan Ghaziabad.Boundary wall gated society and electricity pass colony.school hospital Shoaping complex and local market at walking distance half km. More About This Property 612 Square feet Plot for sale in Chhapraula, Ghaziabad. This land has a dimension of 36.0 mt length 17.0 mt width. Price. The plot is East facing. There are 1 open sides for this plot. The width of the facing road is 20.0 mt. The maximum floor allowed for construction on this plot is 4. The most popular landmarks near this plot are Sunrise Academy, Merry Child International School, and vidya international school",1,east,0,0,0,0,0,0,0,0,,,0,0,,0,0,,,,,,,,,,,,,,
Lal Kuan,549.0,980000.0,INR,1.0,1,0,"Plot for sale in Mansarovar park Lal kuan Ghaziabad near Sare Home.Boundary wall gated society and electricity pass colony.school hospital Shoaping complex and local market at walking distance. More About This Property 549 Square feet Plot for sale in Lal Kuan, Ghaziabad. This land has a dimension of 36.0 mt length 15.0 mt width. Price. The plot is East facing. There are 1 open sides for this plot. The width of the facing road is 20.0 mt. The maximum floor allowed for construction on this plot is 4. The most popular landmarks near this plot are Govt Primary School.Lal Kuan, The Achiever's Academy, and Training School Northern Railway",1,east,0,0,0,0,0,0,0,0,,,0,0,,0,0,7.4,,,,,,,,,,,,,
Lal Kuan,450.0,756000.0,INR,1.0,1,0,"A plot is available at a prime location in Lal Kuan. It has an area of 450 sqft and is priced at Rs. 7.56 lac . Its entry is east facing. The time you'll spend here will become the greatest moment of your life that will also help you to relieve, relax & evoke a great sense of happiness. The site is in close proximity to various civic utilities. Please contact for more details. ",1,east,0,0,0,0,0,0,0,0,,,0,0,,0,0,7.4,,,,,,,,,,,,,
Chhapraula,900.0,1100000.0,INR,1.0,1,0,"Plot for sale in Modern railway City Ghaziabad near Girdharpur.Boundary wall gated society and electricity pass colony.School hospital Shoaping complex and local market at walking distance half km. More About This Property 900 Square feet Plot for sale in Chhapraula, Ghaziabad. This land has a dimension of 36.0 mt length 25.0 mt width. Price. The plot is East facing. There are 1 open sides for this plot. The width of the facing road is 20.0 mt. The maximum floor allowed for construction on this plot is 4. The most popular landmarks near this plot are Om bikaner sweets 21, om bikaner sweets, and Sachin Dhava",1,east,0,0,0,0,0,0,0,0,,,0,0,,0,0,,,,,,,,,,,,,,
Chhapraula,540.0,650000.0,INR,1.0,1,0,"Plot for sale in Modern railway City Ghaziabad near Girdharpur.Boundary wall gated society and electricity pass colony.School hospital Shoaping complex and local market at walking distance half km. More About This Property 540 Square feet Plot for sale in Chhapraula, Ghaziabad. This land has a dimension of 36.0 mt length 15.0 mt width. Price. The plot is East facing. There are 1 open sides for this plot. The width of the facing road is 20.0 mt. The maximum floor allowed for construction on this plot is 4. The most popular landmarks near this plot are Om bikaner sweets 21, om bikaner sweets, and Sachin Dhava",1,east,0,0,0,0,0,0,0,0,,,0,0,,0,0,,,,,,,,,,,,,,
Lal Kuan,963.0,1605000.0,INR,1.0,1,0,"A plot is available at a prime location in Property Vision Promotors And Developers Mansarovar Park Lalkua. It has a salable area of 963 sqft and is available at a price of Rs. 1,666 per sqft. The time you'll spend here will become the greatest moment of your life that will also help you to relieve, relax & evoke a great sense of happiness. It is situated in the proximity of all the important facilities. Please contact us for more details. ",1,,0,4,0,0,0,0,0,0,,,0,0,,0,0,7.4,,123.0,,,,,,,,,,,
Lal Kuan,820.0,1500000.0,INR,1.0,1,0,"Plot for sale in Lal kuan Ghaziabad.
Boundary wall and gated society.electricity pass colony.
Wide cemented Road.school hospital Shoaping complex and local market at walking distance. More About This Property 820 Square feet Plot for sale in Lal Kuan, Ghaziabad. This land has a dimension of 41.0 mt length 20.0 mt width. Price. The plot is East facing. There are 1 open sides for this plot. The width of the facing road is 20.0 mt. The maximum floor allowed for construction on this plot is 4. The most popular landmarks near this plot are Govt Primary School.Lal Kuan, The Achiever's Academy, and Training School Northern Railway",1,east,0,0,0,0,0,0,0,0,,,0,0,,0,0,7.4,,,,,,,,,,,,,
Lal Kuan,792.0,1420000.0,INR,1.0,1,0,"plot for sale in Mansarovar park Lal kuan Ghaziabad.
Boundary wall gated society.
School hospital Shoaping complex and local market at walking distance.
Ghaziabad Railway station and Metro station within 6Km. More About This Property 792 Square feet Plot for sale in Lal Kuan, Ghaziabad. This land has a dimension of 36.0 mt length 22.0 mt width. Price. The plot is East facing. There are 1 open sides for this plot. The width of the facing road is 21.0 mt. The maximum floor allowed for construction on this plot is 4. The most popular landmarks near this plot are The Achiever's Academy, Training School Northern Railway, and Abhishek KASHYAP",1,east,0,0,0,0,0,0,0,0,,,0,0,,0,0,7.4,,,,,,,,,,,,,
Govindpuram,945.0,4250000.0,INR,1.0,0,0,"This plot is available for sale and is located in the heart of Govindpuram. It has an area of 945 sqft and is priced at Rs. 42.50 lac . It is northeast facing property. The time you'll spend here will become the greatest moment of your life that will also help you to relieve, relax & evoke a great sense of happiness. The site is in close proximity to various civic utilities. Please contact for more details. ",1,northeast,0,0,0,0,0,0,0,0,,,0,0,,0,0,,,,,,,,,,,,,,
Dasna,1197.0,5800000.0,INR,1.0,1,0,"This plot is situated in Aditya Builders Pune World City, Dasna, Ghaziabad. It is facing northeast direction. The time you'll spend here will become the greatest moment of your life that will also help you to relieve, relax & evoke a great sense of happiness. It is situated in the proximity of all the important facilities. Contact us for more details. ",1,northeast,0,0,1,1,1,1,1,1,1.0,1.0,1,1,1.0,1,1,7.2,,43.0,1.0,1.0,1.0,1.0,1.0,1.0,1.0,,,,
Dasna,1197.0,5700000.0,INR,1.0,1,0,"It has an area of 1197 sqft and is priced at Rs. 57.00 lac . It is northeast facing property. The time you'll spend here will become the greatest moment of your life that will also help you to relieve, relax & evoke a great sense of happiness. The society is well connected by different modes of transportation. Contact us for more details. ",1,northeast,0,0,1,1,1,1,1,1,1.0,1.0,1,1,1.0,1,1,7.2,,43.0,1.0,1.0,1.0,1.0,1.0,1.0,1.0,,,,
Dasna,1197.0,5950000.0,INR,1.0,1,0,"This plot is situated in Uppal Chadha Hi Tech Developers Sector 7 Plots, Dasna. It has an area of 1197 sqft and is priced at Rs. 59.50 lac . It is northeast facing property. The time you'll spend here will become the greatest moment of your life that will also help you to relieve, relax & evoke a great sense of happiness. It is situated in the proximity of all the important facilities. Contact us for more details. ",1,northeast,0,2,1,0,0,0,1,0,,,0,0,,0,0,7.2,,2022.0,,,,,,,,,,,
Dasna,1198.0,6019000.0,INR,1.0,1,0,"This plot is situated in Uppal Chadha Hi Tech Developers Sector 7 Plots, Dasna, Ghaziabad. It has a salable area of 1198 sqft and is available at a price of Rs. 5,024 per sqft. It is facing northeast direction. The time you'll spend here will become the greatest moment of your life that will also help you to relieve, relax & evoke a great sense of happiness. It is situated in the proximity of all the important facilities. If you are interested, please contact us for more details. ",1,northeast,0,2,1,0,0,0,1,0,,,0,0,,0,0,7.2,,2022.0,,,,,,,,,,,
Govindpuram,909.0,2845000.0,INR,1.0,0,0,"It has an area of 909 sqft and is priced at Rs. 28.45 lac . Its entry is northeast facing. The time you'll spend here will become the greatest moment of your life that will also help you to relieve, relax & evoke a great sense of happiness. The site is in close proximity to various civic utilities. If you are interested, please contact us for more details. ",1,northeast,0,0,0,0,0,0,0,0,,,0,0,,0,0,,,,,,,,,,,,,,
Govindpuram,927.0,3125000.0,INR,1.0,0,0,"A plot property is available for sale in Govindpuram, Ghaziabad. It has a salable area of 927 sqft and is available at a price of Rs. 3,371 per sqft. The time you'll spend here will become the greatest moment of your life that will also help you to relieve, relax & evoke a great sense of happiness. The site is in close proximity to various civic utilities. If you are interested, please contact us for more details. ",1,northwest,0,0,0,0,0,0,0,0,,,0,0,,0,0,,,,,,,,,,,,,,
Govindpuram,900.0,2878000.0,INR,1.0,0,0,"A plot is available for sale in Govindpuram, Ghaziabad. It has an area of 900 sqft and is priced at Rs. 28.78 lac . Its entry is northeast facing. The society is well connected by different modes of transportation. If you are interested, please contact us for more details. ",1,northeast,0,0,0,0,0,0,0,0,,,0,0,,0,0,,,,,,,,,,,,,,
Govindpuram,900.0,3221000.0,INR,1.0,1,0,"A plot is available at a prime location in Govindpuram. It has an area of 900 sqft and is priced at Rs. 32.21 lac . The time you'll spend here will become the greatest moment of your life that will also help you to relieve, relax & evoke a great sense of happiness. The society is well connected by different modes of transportation. Kindly call us for details. ",1,northeast,0,0,0,0,0,0,0,0,,,0,0,,0,0,,,,,,,,,,,,,,
Govindpuram,900.0,3121000.0,INR,1.0,0,0,"A plot is available at a prime location in Govindpuram. It has an area of 900 sqft and is priced at Rs. 31.21 lac . Its entry is northeast facing. The time you'll spend here will become the greatest moment of your life that will also help you to relieve, relax & evoke a great sense of happiness. The site is in close proximity to various civic utilities. ",1,northeast,0,0,0,0,0,0,0,0,,,0,0,,0,0,,,,,,,,,,,,,,
Govindpuram,900.0,2880000.0,INR,1.0,0,0,"A plot is available for sale in Govindpuram, Ghaziabad. It has an area of 900 sqft and is priced at Rs. 28.80 lac . Its entry is northeast facing. The society is well connected by different modes of transportation. Please contact for more details. ",1,northeast,0,0,0,0,0,0,0,0,,,0,0,,0,0,,,,,,,,,,,,,,
Govindpuram,450.0,1700000.0,INR,1.0,0,0,"A plot property is available for sale in Govindpuram, Ghaziabad. It has an area of 450 sqft and is priced at Rs. 17.00 lac . It is facing northeast direction. The time you'll spend here will become the greatest moment of your life that will also help you to relieve, relax & evoke a great sense of happiness. It is well connected to the city areas. Kindly call us for details. ",1,northeast,0,0,0,0,0,0,0,0,,,0,0,,0,0,,,,,,,,,,,,,,
sanjay nagar,900.0,2871000.0,INR,1.0,1,0,"A plot is available at a prime location in sanjay nagar. It has a salable area of 900 sqft and is available at a price of Rs. 3,190 per sqft. Its entry is northeast facing. The time you'll spend here will become the greatest moment of your life that will also help you to relieve, relax & evoke a great sense of happiness. It is well connected to the city areas. If you are interested, please contact us for more details. ",1,northeast,0,0,0,0,0,0,0,0,,,0,0,,0,0,,,,,,,,,,,,,,
Govindpuram,990.0,2999000.0,INR,1.0,1,0,"It has a salable area of 990 sqft and is available at a price of Rs. 3,029 per sqft. Its entry is east facing. The time you'll spend here will become the greatest moment of your life that will also help you to relieve, relax & evoke a great sense of happiness. It is situated in the proximity of all the important facilities. Please contact us for more details. ",1,east,0,0,0,0,0,0,0,0,,,0,0,,0,0,,,,,,,,,,,,,,
Govindpuram,540.0,1800000.0,INR,1.0,0,0,"This plot is situated in Shree Radhe Krishan Properties Homes 1, Govindpuram. It has an area of 540 sqft and is priced at Rs. 18.00 lac . Its entry is northeast facing. The time you'll spend here will become the greatest moment of your life that will also help you to relieve, relax & evoke a great sense of happiness. Kindly call us for details. ",1,northeast,0,6,0,0,0,0,0,0,,,0,0,,0,0,,,,,,,,,,,,,,
Govindpuram,900.0,2812000.0,INR,1.0,1,0,"A plot property is available for sale in Govindpuram, Ghaziabad. It has a salable area of 900 sqft and is available at a price of Rs. 3,124 per sqft. It is northeast facing property. The time you'll spend here will become the greatest moment of your life that will also help you to relieve, relax & evoke a great sense of happiness. The site is in close proximity to various civic utilities. Please contact for more details. ",1,northeast,0,0,0,0,0,0,0,0,,,0,0,,0,0,,,,,,,,,,,,,,
sanjay nagar,675.0,2095000.0,INR,1.0,0,0,"It has an area of 675 sqft and is priced at Rs. 20.95 lac . It is north facing property. The time you'll spend here will become the greatest moment of your life that will also help you to relieve, relax & evoke a great sense of happiness. The society is well connected by different modes of transportation. Kindly call us for details. ",1,north,0,0,0,0,0,0,0,0,,,0,0,,0,0,,,,,,,,,,,,,,
Dasna,495.0,1470000.0,INR,1.0,0,0,"This plot is situated in Dasna. It has an area of 495 sqft. The property is available at a price of Rs. 14.70 lac . The time you'll spend here will become the greatest moment of your life that will also help you to relieve, relax & evoke a great sense of happiness. The site is in close proximity to various civic utilities. Please contact us for more details. ",1,east,0,0,0,0,0,0,0,0,,,0,0,,0,0,7.2,,,,,,,,,,,,,
Raj Nagar Extension,927.0,5500000.0,INR,0.0,1,0,"A plot property is available for sale in Raj Nagar Extension, Ghaziabad. It has a salable area of 927 sqft and is available at a price of Rs. 5,933 per sqft. It is facing northeast direction. The society is well connected by different modes of transportation. If you are interested, please contact us for more details. ",1,northeast,0,0,0,0,0,0,0,0,,,0,0,,0,0,,,,,,,,,,,,,,
Govindpuram,900.0,3011000.0,INR,1.0,0,0,"This plot is situated in Govindpuram. It has an area of 900 sqft and is priced at Rs. 30.11 lac . Its entry is northeast facing. The time you'll spend here will become the greatest moment of your life that will also help you to relieve, relax & evoke a great sense of happiness. The society is well connected by different modes of transportation. If you are interested, please contact us for more details. ",1,northeast,0,0,0,0,0,0,0,0,,,0,0,,0,0,,,,,,,,,,,,,,
Shastri Nagar,927.0,2991000.0,INR,1.0,1,0,"A plot property is available for sale in Shastri Nagar, Ghaziabad. It is facing east direction. The time you'll spend here will become the greatest moment of your life that will also help you to relieve, relax & evoke a great sense of happiness. It is situated in the proximity of all the important facilities. Please contact for more details. ",1,east,0,0,0,0,0,0,0,0,,,0,0,,0,0,7.9,,,,,,,,,,,,,
Indirapuram,980.0,11000000.0,INR,1.0,0,0,"This plot is available for sale and is located in the heart of Indirapuram. It is facing west direction. The time you'll spend here will become the greatest moment of your life that will also help you to relieve, relax & evoke a great sense of happiness. It is well connected to the city areas. Contact us for more details. ",1,west,0,0,0,0,0,0,0,0,,,0,0,,0,0,,,,,,,,,,,,,,
Indirapuram,972.0,10800000.0,INR,1.0,0,0,"972 Square feet Plot for sale in Niti Khand II, Ghaziabad. This land has a dimension of 54.0 mt length 18.0 mt width. Price. The plot is East facing. There are 1 open sides for this plot. The width of the facing road is 36.0 mt. This residential land also has a boundary wall. The maximum floor allowed for construction on this plot is 4. The most popular landmarks near this plot are JKG TT Academy, JKG International School, and Gulati Punjabi Swad",1,east,0,0,0,0,0,0,0,0,,,0,0,,0,0,,,,,,,,,,,,,,
Indirapuram,1800.0,40000000.0,INR,1.0,0,0,"1800 Square feet Plot for sale in Shakti Khand IV, Ghaziabad. This land has a dimension of 60.0 mt length 30.0 mt width. Price. This is a corner plot. The plot is East facing. There are 2 open sides for this plot. The width of the facing road is 60.0 mt. The maximum floor allowed for construction on this plot is 4. The most popular landmarks near this plot are Shanti Juniors Shaktikhand 3, GURUKUL Kathak Kendra, and JKG International School",1,east,0,0,0,0,0,0,0,0,,,0,0,,0,0,,,,,,,,,,,,,,
Indirapuram,1200.0,15500000.0,INR,1.0,0,0,"A plot is available at a prime location in Indirapuram. It is facing west direction. The time you'll spend here will become the greatest moment of your life that will also help you to relieve, relax & evoke a great sense of happiness. It is well connected to the city areas. Contact us for more details. ",1,west,0,0,0,0,0,0,0,0,,,0,0,,0,0,,,,,,,,,,,,,,
Indirapuram,1200.0,15500000.0,INR,1.0,0,0,"1200 Square feet Plot for sale in Niti Khand I, Ghaziabad. This land has a dimension of 60.0 mt length 20.0 mt width. Price. The plot is East facing. There are 1 open sides for this plot. The width of the facing road is 36.0 mt. This residential land also has a boundary wall. The maximum floor allowed for construction on this plot is 4. The most popular landmarks near this plot are JKG International School, Apollo Clinic, and Gulati Punjabi Swad",1,east,0,0,0,0,0,0,0,0,,,0,0,,0,0,,,,,,,,,,,,,,
Indirapuram,3780.0,55000000.0,INR,1.0,0,0,"A plot is available for sale in Indirapuram, Ghaziabad. It has an area of 3780 sqft and is priced at Rs. 5.50 cr . Its entry is west facing. The time you'll spend here will become the greatest moment of your life that will also help you to relieve, relax & evoke a great sense of happiness. Please contact us for more details. ",1,west,0,0,0,0,0,0,0,0,,,0,0,,0,0,,,,,,,,,,,,,,
Indirapuram,3780.0,50000000.0,INR,1.0,0,0,"A plot is available for sale in Indirapuram, Ghaziabad. It has a salable area of 3780 sqft and is available at a price of Rs. 13,227 per sqft. The time you'll spend here will become the greatest moment of your life that will also help you to relieve, relax & evoke a great sense of happiness. It is situated in the proximity of all the important facilities. Contact us for more details. ",1,west,0,0,0,0,0,0,0,0,,,0,0,,0,0,,,,,,,,,,,,,,
Indirapuram,3780.0,65000000.0,INR,1.0,0,0,"A plot is available at a prime location in Indirapuram. It has an area of 3780 sqft and is priced at Rs. 6.50 cr . It is facing west direction. The time you'll spend here will become the greatest moment of your life that will also help you to relieve, relax & evoke a great sense of happiness. It is well connected to the city areas. Kindly call us for details. ",1,west,0,0,0,0,0,0,0,0,,,0,0,,0,0,,,,,,,,,,,,,,
Indirapuram,2625.0,39000000.0,INR,1.0,0,0,"A plot is available at a prime location in Indirapuram. It has a salable area of 2625 sqft and is available at a price of Rs. 14,857 per sqft. It is facing west direction. It is situated in the proximity of all the important facilities. If you are interested, please contact us for more details. ",1,west,0,0,0,0,0,0,0,0,,,0,0,,0,0,,,,,,,,,,,,,,
Indirapuram,3745.0,65000000.0,INR,1.0,0,0,"3745 Square feet Plot for sale in Niti Khand II, Ghaziabad. This land has a dimension of 107.0 mt length 35.0 mt width. Price. The plot is East facing. There are 1 open sides for this plot. The width of the facing road is 60.0 mt. This residential land also has a boundary wall. The maximum floor allowed for construction on this plot is 4. The most popular landmarks near this plot are Rise n Shine Pre School, JKG International School, and Gulati Punjabi Swad",1,east,0,0,0,0,0,0,0,0,,,0,0,,0,0,,,,,,,,,,,,,,
Indirapuram,1210.0,15000000.0,INR,1.0,0,0,"A plot is available at a prime location in Indirapuram. It has an area of 1210 sqft. The property is available at a price of Rs. 1.50 cr . It is west facing property. The time you'll spend here will become the greatest moment of your life that will also help you to relieve, relax & evoke a great sense of happiness. The site is in close proximity to various civic utilities. If you are interested, please contact us for more details. ",1,west,0,0,0,0,0,0,0,0,,,0,0,,0,0,,,,,,,,,,,,,,
Dasna,540.0,930000.0,INR,1.0,0,0,"540 Square feet Plot for sale in Wave City, Ghaziabad. This land has a dimension of 18.0 mt length 36.0 mt width. Price. The name of the project is Wave Dream Homes. The width of the facing road is 22.0 mt. The most popular landmarks near this plot are Zafferano Banquet, Vidya Jyoti Public School, and Bad Ram Charan Hospital Bambawar",1,,0,1,1,0,1,1,1,0,,,1,0,1.0,0,0,7.2,9.0,59.0,,,,,,,,,1.0,,
Chhapraula,315.0,350000.0,INR,1.0,0,0,"This plot is situated in Sundaram Construction Royal Garden, Chhapraula. It has a salable area of 315 sqft and is available at a price of Rs. 1,111 per sqft. It is facing east direction. The time you'll spend here will become the greatest moment of your life that will also help you to relieve, relax & evoke a great sense of happiness. It is well connected to the city areas. ",1,east,0,1,1,0,0,0,0,0,,,0,0,,0,1,,,,,,,,,,,,,,
Lal Kuan,720.0,1000000.0,INR,1.0,0,0,"This plot is situated in Aarvanss Infrastructure Mansarovar Park, Lal Kuan. It has a salable area of 720 sqft and is available at a price of Rs. 1,388 per sqft. Its entry is east facing. The time you'll spend here will become the greatest moment of your life that will also help you to relieve, relax & evoke a great sense of happiness. Please contact us for more details. ",1,east,0,4,1,1,0,0,0,0,,,0,0,,1,1,7.4,7.8,123.0,,,,,,,,,,,
Lal Kuan,370.0,420000.0,INR,1.0,0,0,"A plot property is available for sale in Royal shape infratech Highway Homes, Lal Kuan, Ghaziabad. It has an area of 370 sqft. The property is available at a price of Rs. 4.20 lac . It is east facing property. The time you'll spend here will become the greatest moment of your life that will also help you to relieve, relax & evoke a great sense of happiness. Kindly call us for details. ",1,east,0,0,1,0,0,0,1,0,,,0,0,,0,0,,,,,,,,,,,,,,
Lal Kuan,450.0,1000000.0,INR,1.0,0,0,"A plot property is available for sale in Shri Krishna Promoters And Developers Gagan Enclave Phase 1, Lal Kuan, Ghaziabad. It has an area of 450 sqft. The property is available at a price of Rs. 10.00 lac . It is facing east direction. The time you'll spend here will become the greatest moment of your life that will also help you to relieve, relax & evoke a great sense of happiness. It is well connected to the city areas. If you are interested, please contact us for more details. ",1,east,0,0,1,0,0,0,0,0,,,0,0,1.0,0,0,7.4,,,,,,,,,,,,,
Lal Kuan,315.0,437500.0,INR,0.0,1,0,"This plot is situated in Aarvanss Infrastructure Mansarovar Park, Lal Kuan. It is east facing property. The time you'll spend here will become the greatest moment of your life that will also help you to relieve, relax & evoke a great sense of happiness. The society is well connected by different modes of transportation. Kindly call us for details. ",1,east,0,0,1,1,0,0,1,0,,,0,0,,1,1,7.4,7.8,123.0,,,,,,,,,,,
Chhapraula,900.0,1540000.0,INR,1.0,1,0,"A plot is available for sale in Prithvi Associates Noida Greens, Chhapraula, Ghaziabad. It has an area of 900 sqft and is priced at Rs. 15.40 lac . Its entry is west facing. The time you'll spend here will become the greatest moment of your life that will also help you to relieve, relax & evoke a great sense of happiness. It is well connected to the city areas. If you are interested, please contact us for more details. ",1,west,0,0,0,0,0,0,0,0,,,0,0,,0,0,,,,,,,1.0,,,,,,,
Chhapraula,356.0,500000.0,INR,1.0,1,0,"This plot is situated in Prithvi Associates Noida Greens, Chhapraula. It has an area of 356 sqft. The property is available at a price of Rs. 5.00 lac . It is facing northwest direction. The time you'll spend here will become the greatest moment of your life that will also help you to relieve, relax & evoke a great sense of happiness. It is situated in the proximity of all the important facilities. ",1,northwest,0,0,0,0,0,0,0,0,,,0,0,,0,0,,,,,,,1.0,,,,,,,
Raj Nagar Extension,900.0,2190000.0,INR,1.0,1,0,"A plot property is available for sale in Raj Nagar Extension, Ghaziabad. It has an area of 900 sqft. The property is available at a price of Rs. 21.90 lac . The time you'll spend here will become the greatest moment of your life that will also help you to relieve, relax & evoke a great sense of happiness. It is well connected to the city areas. Please contact us for more details. ",1,,0,0,0,0,0,0,0,0,,,0,0,,0,0,,,,,,,,,,,,,,
Chhapraula,360.0,375000.0,INR,1.0,1,0,"A plot is available for sale in Prithvi Associates Noida Greens, Chhapraula, Ghaziabad. It has an area of 360 sqft and is priced at Rs. 3.75 lac . Its entry is west facing. The time you'll spend here will become the greatest moment of your life that will also help you to relieve, relax & evoke a great sense of happiness. It is well connected to the city areas. Please contact for more details. ",1,west,0,0,0,0,0,0,0,0,,,0,0,,0,0,,,,,,,1.0,,,,,,,
Chhapraula,356.0,550000.0,INR,1.0,1,0,"This plot is situated in Prithvi Associates Noida Greens, Chhapraula, Ghaziabad. It has an area of 356 sqft and is priced at Rs. 5.50 lac . Its entry is southeast facing. The time you'll spend here will become the greatest moment of your life that will also help you to relieve, relax & evoke a great sense of happiness. The site is in close proximity to various civic utilities. Kindly call us for details. ",1,southeast,0,0,0,0,0,0,0,0,,,0,0,,0,0,,,,,,,1.0,,,,,,,
Chhapraula,769.0,825500.0,INR,1.0,1,0,"It has an area of 769 sqft. The property is available at a price of Rs. 8.26 lac . It is facing northwest direction. The time you'll spend here will become the greatest moment of your life that will also help you to relieve, relax & evoke a great sense of happiness. The site is in close proximity to various civic utilities. Please contact for more details. ",1,northwest,0,0,0,0,0,0,0,0,,,0,0,,0,0,,,,,,,1.0,,,,,,,
Chhapraula,797.0,823000.0,INR,1.0,1,0,"This plot is available for sale and is located in Prithvi Associates Noida Greens, one of the most prestigious projects of Chhapraula. It has an area of 797 sqft. The property is available at a price of Rs. 8.23 lac . It is facing northwest direction. The time you'll spend here will become the greatest moment of your life that will also help you to relieve, relax & evoke a great sense of happiness. The society is well connected by different modes of transportation. Kindly call us for details. ",1,northwest,0,0,0,0,0,0,0,0,,,0,0,,0,0,,,,,,,1.0,,,,,,,
Chhapraula,445.0,565000.0,INR,1.0,1,0,"A plot is available for sale in Prithvi Associates Noida Greens, Chhapraula, Ghaziabad. It has a salable area of 445 sqft and is available at a price of Rs. 1,269 per sqft. Its entry is northwest facing. The time you'll spend here will become the greatest moment of your life that will also help you to relieve, relax & evoke a great sense of happiness. The society is well connected by different modes of transportation. Contact us for more details. ",1,northwest,0,0,0,0,0,0,0,0,,,0,0,,0,0,,,,,,,1.0,,,,,,,
Chhapraula,560.0,710000.0,INR,1.0,1,0,"A plot is available at a prime location in Prithvi Associates Noida Greens. It has an area of 560 sqft and is priced at Rs. 7.10 lac . It is east facing property. The time you'll spend here will become the greatest moment of your life that will also help you to relieve, relax & evoke a great sense of happiness. The site is in close proximity to various civic utilities. If you are interested, please contact us for more details. ",1,east,0,0,0,0,0,0,0,0,,,0,0,,0,0,,,,,,,1.0,,,,,,,
Chhapraula,846.0,1282500.0,INR,1.0,1,0,"This plot is situated in Prithvi Associates Noida Greens, Chhapraula, Ghaziabad. It has a salable area of 846 sqft and is available at a price of Rs. 1,515 per sqft. The time you'll spend here will become the greatest moment of your life that will also help you to relieve, relax & evoke a great sense of happiness. The site is in close proximity to various civic utilities. Kindly call us for details. ",1,,0,0,0,0,0,0,0,0,,,0,0,,0,0,,,,,,,1.0,,,,,,,
Chhapraula,410.0,621000.0,INR,1.0,1,0,"It has an area of 410 sqft and is priced at Rs. 6.21 lac . It is northwest facing property. The time you'll spend here will become the greatest moment of your life that will also help you to relieve, relax & evoke a great sense of happiness. It is well connected to the city areas. Please contact for more details. ",1,northwest,0,0,0,0,0,0,0,0,,,0,0,,0,0,,,,,,,1.0,,,,,,,
Chhapraula,723.0,816000.0,INR,1.0,1,0,"A plot property is available for sale in Prithvi Associates Noida Greens, Chhapraula, Ghaziabad. It has a salable area of 723 sqft and is available at a price of Rs. 1,128 per sqft. It is southeast facing property. The time you'll spend here will become the greatest moment of your life that will also help you to relieve, relax & evoke a great sense of happiness. The site is in close proximity to various civic utilities. Please contact for more details. ",1,southeast,0,0,0,0,0,0,0,0,,,0,0,,0,0,,,,,,,1.0,,,,,,,
Chhapraula,767.0,819000.0,INR,1.0,1,0,"This plot is situated in Prithvi Associates Noida Greens, Chhapraula. It has a salable area of 767 sqft and is available at a price of Rs. 1,067 per sqft. It is facing northwest direction. The society is well connected by different modes of transportation. Contact us for more details. ",1,northwest,0,0,0,0,0,0,0,0,,,0,0,,0,0,,,,,,,1.0,,,,,,,
Chhapraula,787.0,821000.0,INR,1.0,1,0,"This plot is situated in Prithvi Associates Noida Greens, Chhapraula. It has an area of 787 sqft and is priced at Rs. 8.21 lac . Its entry is southeast facing. The time you'll spend here will become the greatest moment of your life that will also help you to relieve, relax & evoke a great sense of happiness. It is well connected to the city areas. Please contact us for more details. ",1,southeast,0,0,0,0,0,0,0,0,,,0,0,,0,0,,,,,,,1.0,,,,,,,
Chhapraula,657.0,814000.0,INR,1.0,1,0,"This plot is situated in Prithvi Associates Noida Greens, Chhapraula, Ghaziabad. It has a salable area of 657 sqft and is available at a price of Rs. 1,238 per sqft. The time you'll spend here will become the greatest moment of your life that will also help you to relieve, relax & evoke a great sense of happiness. It is well connected to the city areas. Kindly call us for details. ",1,,0,0,0,0,0,0,0,0,,,0,0,,0,0,,,,,,,1.0,,,,,,,
Chhapraula,1069.0,6000000.0,INR,1.0,1,0,"This plot is situated in Prithvi Associates Noida Greens, Chhapraula. It has an area of 1069 sqft and is priced at Rs. 60.00 lac . The time you'll spend here will become the greatest moment of your life that will also help you to relieve, relax & evoke a great sense of happiness. The site is in close proximity to various civic utilities. Please contact us for more details. ",1,,0,0,0,0,0,0,0,0,,,0,0,,0,0,,,,,,,1.0,,,,,,,
Chhapraula,757.0,1147500.0,INR,1.0,1,0,"A plot is available for sale in Prithvi Associates Noida Greens, Chhapraula, Ghaziabad. It has an area of 757 sqft and is priced at Rs. 11.48 lac . The time you'll spend here will become the greatest moment of your life that will also help you to relieve, relax & evoke a great sense of happiness. The site is in close proximity to various civic utilities. If you are interested, please contact us for more details. ",1,,0,0,0,0,0,0,0,0,,,0,0,,0,0,,,,,,,1.0,,,,,,,
Chhapraula,534.0,720000.0,INR,1.0,1,0,"A plot property is available for sale in Prithvi Associates Noida Greens, Chhapraula, Ghaziabad. It has an area of 534 sqft and is priced at Rs. 7.20 lac . The time you'll spend here will become the greatest moment of your life that will also help you to relieve, relax & evoke a great sense of happiness. It is well connected to the city areas. Contact us for more details. ",1,,0,0,0,0,0,0,0,0,,,0,0,,0,0,,,,,,,1.0,,,,,,,
Nai Basti Dundahera,450.0,1150000.0,INR,1.0,1,0,"This plot is situated in Nai Basti Dundahera. It has a salable area of 450 sqft and is available at a price of Rs. 2,555 per sqft. The time you'll spend here will become the greatest moment of your life that will also help you to relieve, relax & evoke a great sense of happiness. It is well connected to the city areas. Please contact us for more details. ",1,,0,5,0,0,0,0,0,0,,,0,0,,0,0,,,,,,,,,,,,,,
Raj Nagar Extension,900.0,2200000.0,INR,1.0,1,0,"A plot is available for sale in Raj Nagar Extension, Ghaziabad. It has an area of 900 sqft and is priced at Rs. 22.00 lac . The time you'll spend here will become the greatest moment of your life that will also help you to relieve, relax & evoke a great sense of happiness. The site is in close proximity to various civic utilities. Kindly call us for details. ",1,,0,0,0,0,0,0,0,0,,,0,0,,0,0,,,,,,,,,,,,,,
Chhapraula,450.0,1325000.0,INR,1.0,1,0,"This plot is situated in Prithvi Associates Noida Greens, Chhapraula, Ghaziabad. It has an area of 450 sqft and is priced at Rs. 13.25 lac . It is facing northwest direction. The time you'll spend here will become the greatest moment of your life that will also help you to relieve, relax & evoke a great sense of happiness. It is well connected to the city areas. Kindly call us for details. ",1,northwest,0,0,0,0,0,0,0,0,,,0,0,,0,0,,,,,,,1.0,,,,,,,
Chhapraula,425.0,1015000.0,INR,1.0,1,0,"A plot is available at a prime location in Prithvi Associates Noida Greens. It has an area of 425 sqft. The property is available at a price of Rs. 10.15 lac . It is northwest facing property. The time you'll spend here will become the greatest moment of your life that will also help you to relieve, relax & evoke a great sense of happiness. It is well connected to the city areas. ",1,northwest,0,0,0,0,0,0,0,0,,,0,0,,0,0,,,,,,,1.0,,,,,,,
Raj Nagar Extension,1233.0,8990000.0,INR,1.0,1,0,"A plot is available for sale in Krishna Aprameya Group Enclave, Raj Nagar Extension, Ghaziabad. It has an area of 1233 sqft and is priced at Rs. 89.90 lac . The time you'll spend here will become the greatest moment of your life that will also help you to relieve, relax & evoke a great sense of happiness. The site is in close proximity to various civic utilities. If you are interested, please contact us for more details. ",1,northeast,0,0,1,1,1,1,1,0,1.0,,1,0,1.0,1,1,,8.2,123.0,1.0,1.0,1.0,1.0,1.0,,1.0,,1.0,1.0,
Raj Nagar Extension,1233.0,8400000.0,INR,1.0,0,0,"This plot is available for sale and is located in Krishna Aprameya Group Enclave, one of the most prestigious projects of Raj Nagar Extension. It has a salable area of 1233 sqft and is available at a price of Rs. 6,812 per sqft. Its entry is east facing. The time you'll spend here will become the greatest moment of your life that will also help you to relieve, relax & evoke a great sense of happiness. It is well connected to the city areas. Kindly call us for details. ",1,east,0,0,1,1,1,1,1,0,1.0,,1,0,1.0,1,1,,8.2,123.0,1.0,1.0,1.0,1.0,1.0,,1.0,,1.0,1.0,
Raj Nagar Extension,1233.0,8260000.0,INR,1.0,0,0,"This plot is available for sale and is located in Krishna Aprameya Group Enclave, one of the most prestigious projects of Raj Nagar Extension. It has a salable area of 1233 sqft and is available at a price of Rs. 6,699 per sqft. It is facing east direction. The time you'll spend here will become the greatest moment of your life that will also help you to relieve, relax & evoke a great sense of happiness. It is situated in the proximity of all the important facilities. Please contact us for more details. ",1,east,0,0,1,1,1,1,1,0,1.0,,1,0,1.0,1,1,,8.2,123.0,1.0,1.0,1.0,1.0,1.0,,1.0,,1.0,1.0,
Raj Nagar Extension,1233.0,9000000.0,INR,1.0,0,0,"It has an area of 1233 sqft. The property is available at a price of Rs. 90.00 lac . It is facing east direction. The time you'll spend here will become the greatest moment of your life that will also help you to relieve, relax & evoke a great sense of happiness. It is well connected to the city areas. Please contact us for more details. ",1,east,0,0,1,1,1,1,1,0,1.0,,1,0,1.0,1,1,,8.2,123.0,1.0,1.0,1.0,1.0,1.0,,1.0,,1.0,1.0,
Chhapraula,540.0,960000.0,INR,1.0,1,0,"This plot is available for sale and is located in the heart of Chhapraula. It has an area of 540 sqft. The property is available at a price of Rs. 9.60 lac . It is facing northeast direction. The time you'll spend here will become the greatest moment of your life that will also help you to relieve, relax & evoke a great sense of happiness. The society is well connected by different modes of transportation. If you are interested, please contact us for more details. ",1,northeast,0,0,1,0,0,0,0,0,,,0,0,,0,0,,,,,,,,,,,,,,
Chhapraula,630.0,1120000.0,INR,1.0,1,0,"This plot is situated in Chhapraula, Ghaziabad. It has an area of 630 sqft and is priced at Rs. 11.20 lac . Its entry is northeast facing. The time you'll spend here will become the greatest moment of your life that will also help you to relieve, relax & evoke a great sense of happiness. It is well connected to the city areas. If you are interested, please contact us for more details. ",1,northeast,0,0,1,0,0,0,0,0,,,0,0,,0,0,,,,,,,,,,,,,,
Lal Kuan,550.0,950000.0,INR,1.0,1,0,"550 Square feet Plot for sale in Girdharpur Sunarasi, Ghaziabad. This land has a dimension of 32.0 mt length 17.0 mt width. Price. The name of the project is Aarvanss Modern Heights. The width of the facing road is 17.0 mt. The most popular landmarks near this plot are Shree Ji Unitech Co., Sunrise Academy, and Merry Child International School",1,,0,4,1,0,1,1,1,0,1.0,,1,0,1.0,1,1,7.4,7.7,123.0,,1.0,,1.0,1.0,,1.0,,1.0,1.0,
Shakti Khand,3800.0,56000000.0,INR,0.0,0,0,A plot is available at a prime location in Shakti Khand. It has an area of 3800 sqft and is priced at Rs. 5.60 cr . It is east facing property. The site is in close proximity to various civic utilities. Please contact for more details. ,1,east,0,0,0,0,0,0,0,0,,,0,0,,0,0,9.3,,,,,,,,,,,,,
Chhapraula,459.0,875000.0,INR,1.0,1,0,"This plot is situated in Prithvi Associates Noida Greens, Chhapraula, Ghaziabad. It has an area of 459 sqft. The property is available at a price of Rs. 8.75 lac . It is northwest facing property. The time you'll spend here will become the greatest moment of your life that will also help you to relieve, relax & evoke a great sense of happiness. The site is in close proximity to various civic utilities. If you are interested, please contact us for more details. ",1,northwest,0,0,0,0,0,0,0,0,,,0,0,,0,0,,,,,,,1.0,,,,,,,
Chhapraula,453.0,746000.0,INR,1.0,1,0,"This plot is situated in Prithvi Associates Noida Greens, Chhapraula, Ghaziabad. It has a salable area of 453 sqft and is available at a price of Rs. 1,646 per sqft. Its entry is southeast facing. The time you'll spend here will become the greatest moment of your life that will also help you to relieve, relax & evoke a great sense of happiness. The site is in close proximity to various civic utilities. Kindly call us for details. ",1,southeast,0,0,0,0,0,0,0,0,,,0,0,,0,0,,,,,,,1.0,,,,,,,
Chhapraula,538.0,738000.0,INR,1.0,1,0,"A plot property is available for sale in Prithvi Associates Noida Greens, Chhapraula, Ghaziabad. It has a salable area of 538 sqft and is available at a price of Rs. 1,371 per sqft. It is northwest facing property. The time you'll spend here will become the greatest moment of your life that will also help you to relieve, relax & evoke a great sense of happiness. The site is in close proximity to various civic utilities. If you are interested, please contact us for more details. ",1,northwest,0,0,0,0,0,0,0,0,,,0,0,,0,0,,,,,,,1.0,,,,,,,
Chhapraula,549.0,742000.0,INR,1.0,1,0,"A plot is available at a prime location in Prithvi Associates Noida Greens. It has an area of 549 sqft and is priced at Rs. 7.42 lac . It is southeast facing property. The time you'll spend here will become the greatest moment of your life that will also help you to relieve, relax & evoke a great sense of happiness. The site is in close proximity to various civic utilities. Contact us for more details. ",1,southeast,0,0,0,0,0,0,0,0,,,0,0,,0,0,,,,,,,1.0,,,,,,,
Chhapraula,689.0,772000.0,INR,1.0,1,0,"This plot is available for sale and is located in Prithvi Associates Noida Greens, one of the most prestigious projects of Chhapraula. It has an area of 689 sqft. The property is available at a price of Rs. 7.72 lac . It is southeast facing property. The time you'll spend here will become the greatest moment of your life that will also help you to relieve, relax & evoke a great sense of happiness. The site is in close proximity to various civic utilities. Please contact us for more details. ",1,southeast,0,0,0,0,0,0,0,0,,,0,0,,0,0,,,,,,,1.0,,,,,,,
Chhapraula,549.0,749000.0,INR,1.0,1,0,"A plot is available for sale in Prithvi Associates Noida Greens, Chhapraula, Ghaziabad. It has an area of 549 sqft and is priced at Rs. 7.49 lac . The time you'll spend here will become the greatest moment of your life that will also help you to relieve, relax & evoke a great sense of happiness. It is well connected to the city areas. Kindly call us for details. ",1,southeast,0,0,0,0,0,0,0,0,,,0,0,,0,0,,,,,,,1.0,,,,,,,
Chhapraula,432.0,743000.0,INR,1.0,1,0,"A plot is available at a prime location in Prithvi Associates Noida Greens. It has a salable area of 432 sqft and is available at a price of Rs. 1,719 per sqft. The time you'll spend here will become the greatest moment of your life that will also help you to relieve, relax & evoke a great sense of happiness. It is situated in the proximity of all the important facilities. Kindly call us for details. ",1,southeast,0,0,0,0,0,0,0,0,,,0,0,,0,0,,,,,,,1.0,,,,,,,
Chhapraula,682.0,771000.0,INR,1.0,1,0,"This plot is situated in Prithvi Associates Noida Greens, Chhapraula, Ghaziabad. Its entry is northwest facing. The time you'll spend here will become the greatest moment of your life that will also help you to relieve, relax & evoke a great sense of happiness. It is situated in the proximity of all the important facilities. Please contact for more details. ",1,northwest,0,0,0,0,0,0,0,0,,,0,0,,0,0,,,,,,,1.0,,,,,,,
Chhapraula,678.0,769000.0,INR,1.0,1,0,"A plot property is available for sale in Prithvi Associates Noida Greens, Chhapraula, Ghaziabad. It has an area of 678 sqft. The property is available at a price of Rs. 7.69 lac . Its entry is northwest facing. The time you'll spend here will become the greatest moment of your life that will also help you to relieve, relax & evoke a great sense of happiness. The site is in close proximity to various civic utilities. ",1,northwest,0,0,0,0,0,0,0,0,,,0,0,,0,0,,,,,,,1.0,,,,,,,
Chhapraula,676.0,768000.0,INR,1.0,1,0,"A plot is available for sale in Prithvi Associates Noida Greens, Chhapraula, Ghaziabad. It has an area of 676 sqft and is priced at Rs. 7.68 lac . It is southeast facing property. The time you'll spend here will become the greatest moment of your life that will also help you to relieve, relax & evoke a great sense of happiness. It is well connected to the city areas. Please contact us for more details. ",1,southeast,0,0,0,0,0,0,0,0,,,0,0,,0,0,,,,,,,1.0,,,,,,,
Chhapraula,645.0,761000.0,INR,1.0,1,0,"It has an area of 645 sqft. The property is available at a price of Rs. 7.61 lac . It is northwest facing property. The time you'll spend here will become the greatest moment of your life that will also help you to relieve, relax & evoke a great sense of happiness. The society is well connected by different modes of transportation. Contact us for more details. ",1,northwest,0,0,0,0,0,0,0,0,,,0,0,,0,0,,,,,,,1.0,,,,,,,
Chhapraula,589.0,752500.0,INR,1.0,1,0,"This plot is situated in Prithvi Associates Noida Greens, Chhapraula, Ghaziabad. It has a salable area of 589 sqft and is available at a price of Rs. 1,277 per sqft. It is northwest facing property. The time you'll spend here will become the greatest moment of your life that will also help you to relieve, relax & evoke a great sense of happiness. It is well connected to the city areas. ",1,northwest,0,0,0,0,0,0,0,0,,,0,0,,0,0,,,,,,,1.0,,,,,,,
Chhapraula,689.0,735000.0,INR,1.0,1,0,"It has an area of 689 sqft and is priced at Rs. 7.35 lac . It is facing northwest direction. The time you'll spend here will become the greatest moment of your life that will also help you to relieve, relax & evoke a great sense of happiness. It is situated in the proximity of all the important facilities. If you are interested, please contact us for more details. ",1,northwest,0,0,0,0,0,0,0,0,,,0,0,,0,0,,,,,,,1.0,,,,,,,
Chhapraula,549.0,752000.0,INR,1.0,1,0,"It has an area of 549 sqft and is priced at Rs. 7.52 lac . Its entry is southeast facing. The time you'll spend here will become the greatest moment of your life that will also help you to relieve, relax & evoke a great sense of happiness. The site is in close proximity to various civic utilities. Kindly call us for details. ",1,southeast,0,0,0,0,0,0,0,0,,,0,0,,0,0,,,,,,,1.0,,,,,,,
Chhapraula,625.0,832000.0,INR,1.0,1,0,"This plot is situated in Prithvi Associates Noida Greens, Chhapraula. It has an area of 625 sqft and is priced at Rs. 8.32 lac . It is facing southeast direction. The time you'll spend here will become the greatest moment of your life that will also help you to relieve, relax & evoke a great sense of happiness. Kindly call us for details. ",1,southeast,0,0,0,0,0,0,0,0,,,0,0,,0,0,,,,,,,1.0,,,,,,,
Chhapraula,668.0,1010000.0,INR,1.0,1,0,"This plot is available for sale and is located in Prithvi Associates Noida Greens, one of the most prestigious projects of Chhapraula. It has an area of 668 sqft. The property is available at a price of Rs. 10.10 lac . It is facing northwest direction. The time you'll spend here will become the greatest moment of your life that will also help you to relieve, relax & evoke a great sense of happiness. It is well connected to the city areas. ",1,northwest,0,0,0,0,0,0,0,0,,,0,0,,0,0,,,,,,,1.0,,,,,,,
Chhapraula,713.0,1120000.0,INR,1.0,1,0,"This plot is available for sale and is located in Prithvi Associates Noida Greens, one of the most prestigious projects of Chhapraula. Its entry is northwest facing. The time you'll spend here will become the greatest moment of your life that will also help you to relieve, relax & evoke a great sense of happiness. It is well connected to the city areas. Please contact for more details. ",1,northwest,0,0,0,0,0,0,0,0,,,0,0,,0,0,,,,,,,1.0,,,,,,,
Chhapraula,623.0,950000.0,INR,1.0,1,0,"A plot is available for sale in Prithvi Associates Noida Greens, Chhapraula, Ghaziabad. It has an area of 623 sqft and is priced at Rs. 9.50 lac . The time you'll spend here will become the greatest moment of your life that will also help you to relieve, relax & evoke a great sense of happiness. The site is in close proximity to various civic utilities. Please contact us for more details. ",1,,0,0,0,0,0,0,0,0,,,0,0,,0,0,,,,,,,1.0,,,,,,,
Chhapraula,427.0,955000.0,INR,1.0,1,0,"This plot is available for sale and is located in Prithvi Associates Noida Greens, one of the most prestigious projects of Chhapraula. It has an area of 427 sqft and is priced at Rs. 9.55 lac . It is southeast facing property. The time you'll spend here will become the greatest moment of your life that will also help you to relieve, relax & evoke a great sense of happiness. The society is well connected by different modes of transportation. ",1,southeast,0,0,0,0,0,0,0,0,,,0,0,,0,0,,,,,,,1.0,,,,,,,
Chhapraula,534.0,780000.0,INR,1.0,1,0,"This plot is situated in Prithvi Associates Noida Greens, Chhapraula. It has an area of 534 sqft and is priced at Rs. 7.80 lac . It is northeast facing property. The time you'll spend here will become the greatest moment of your life that will also help you to relieve, relax & evoke a great sense of happiness. The society is well connected by different modes of transportation. Contact us for more details. ",1,northeast,0,0,0,0,0,0,0,0,,,0,0,,0,0,,,,,,,1.0,,,,,,,
Chhapraula,802.0,1260000.0,INR,1.0,1,0,"This plot is available for sale and is located in Prithvi Associates Noida Greens, one of the most prestigious projects of Chhapraula. It has an area of 802 sqft. The property is available at a price of Rs. 12.60 lac . The time you'll spend here will become the greatest moment of your life that will also help you to relieve, relax & evoke a great sense of happiness. The site is in close proximity to various civic utilities. Please contact us for more details. ",1,northeast,0,0,0,0,0,0,0,0,,,0,0,,0,0,,,,,,,1.0,,,,,,,
Chhapraula,713.0,1080000.0,INR,1.0,1,0,"This plot is situated in Prithvi Associates Noida Greens, Chhapraula, Ghaziabad. It has an area of 713 sqft. The property is available at a price of Rs. 10.80 lac . It is facing northwest direction. The time you'll spend here will become the greatest moment of your life that will also help you to relieve, relax & evoke a great sense of happiness. The society is well connected by different modes of transportation. ",1,northwest,0,0,0,0,0,0,0,0,,,0,0,,0,0,,,,,,,1.0,,,,,,,
Chhapraula,508.0,912000.0,INR,1.0,1,0,"It has an area of 508 sqft and is priced at Rs. 9.12 lac . Its entry is northwest facing. The time you'll spend here will become the greatest moment of your life that will also help you to relieve, relax & evoke a great sense of happiness. The society is well connected by different modes of transportation. Please contact for more details. ",1,northwest,0,0,0,0,0,0,0,0,,,0,0,,0,0,,,,,,,1.0,,,,,,,
Chhapraula,720.0,1090000.0,INR,1.0,1,0,"A plot is available for sale in Prithvi Associates Noida Greens, Chhapraula, Ghaziabad. It has an area of 720 sqft. The property is available at a price of Rs. 10.90 lac . It is northwest facing property. The time you'll spend here will become the greatest moment of your life that will also help you to relieve, relax & evoke a great sense of happiness. The society is well connected by different modes of transportation. Please contact us for more details. ",1,northwest,0,0,0,0,0,0,0,0,,,0,0,,0,0,,,,,,,1.0,,,,,,,
Chhapraula,534.0,792000.0,INR,1.0,1,0,"A plot is available at a prime location in Prithvi Associates Noida Greens. It has an area of 534 sqft. The property is available at a price of Rs. 7.92 lac . Its entry is northwest facing. The time you'll spend here will become the greatest moment of your life that will also help you to relieve, relax & evoke a great sense of happiness. It is situated in the proximity of all the important facilities. Please contact us for more details. ",1,northwest,0,0,0,0,0,0,0,0,,,0,0,,0,0,,,,,,,1.0,,,,,,,
Chhapraula,695.0,1029600.0,INR,1.0,1,0,"It has an area of 695 sqft. The property is available at a price of Rs. 10.30 lac . It is southeast facing property. The time you'll spend here will become the greatest moment of your life that will also help you to relieve, relax & evoke a great sense of happiness. The site is in close proximity to various civic utilities. Please contact us for more details. ",1,southeast,0,0,0,0,0,0,0,0,,,0,0,,0,0,,,,,,,1.0,,,,,,,
Chhapraula,850.0,1710000.0,INR,1.0,1,0,"This plot is available for sale and is located in Prithvi Associates Noida Greens, one of the most prestigious projects of Chhapraula. It has an area of 850 sqft. The property is available at a price of Rs. 17.10 lac . It is facing south direction. It is well connected to the city areas. If you are interested, please contact us for more details. ",1,south,0,0,0,0,0,0,0,0,,,0,0,,0,0,,,,,,,1.0,,,,,,,
Chhapraula,579.0,858000.0,INR,1.0,1,0,"A plot is available for sale in Prithvi Associates Noida Greens, Chhapraula, Ghaziabad. It has an area of 579 sqft. The property is available at a price of Rs. 8.58 lac . It is southeast facing property. The time you'll spend here will become the greatest moment of your life that will also help you to relieve, relax & evoke a great sense of happiness. It is situated in the proximity of all the important facilities. If you are interested, please contact us for more details. ",1,southeast,0,0,0,0,0,0,0,0,,,0,0,,0,0,,,,,,,1.0,,,,,,,
Chhapraula,623.0,910000.0,INR,1.0,1,0,"This plot is situated in Prithvi Associates Noida Greens, Chhapraula, Ghaziabad. It has an area of 623 sqft. The property is available at a price of Rs. 9.10 lac . Its entry is northeast facing. The time you'll spend here will become the greatest moment of your life that will also help you to relieve, relax & evoke a great sense of happiness. It is well connected to the city areas. Contact us for more details. ",1,northeast,0,0,0,0,0,0,0,0,,,0,0,,0,0,,,,,,,1.0,,,,,,,
Chhapraula,534.0,810000.0,INR,1.0,1,0,"A plot is available for sale in Prithvi Associates Noida Greens, Chhapraula, Ghaziabad. It has an area of 534 sqft. The property is available at a price of Rs. 8.10 lac . It is facing northwest direction. The time you'll spend here will become the greatest moment of your life that will also help you to relieve, relax & evoke a great sense of happiness. It is well connected to the city areas. ",1,northwest,0,0,0,0,0,0,0,0,,,0,0,,0,0,,,,,,,1.0,,,,,,,
Chhapraula,445.0,784000.0,INR,1.0,1,0,"A plot property is available for sale in Prithvi Associates Noida Greens, Chhapraula, Ghaziabad. It has an area of 445 sqft and is priced at Rs. 7.84 lac . Its entry is northwest facing. The time you'll spend here will become the greatest moment of your life that will also help you to relieve, relax & evoke a great sense of happiness. The society is well connected by different modes of transportation. If you are interested, please contact us for more details. ",1,northwest,0,0,0,0,0,0,0,0,,,0,0,,0,0,,,,,,,1.0,,,,,,,
Chhapraula,463.0,702000.0,INR,1.0,1,0,"This plot is situated in Prithvi Associates Noida Greens, Chhapraula. It has an area of 463 sqft and is priced at Rs. 7.02 lac . It is facing northwest direction. The time you'll spend here will become the greatest moment of your life that will also help you to relieve, relax & evoke a great sense of happiness. The site is in close proximity to various civic utilities. Please contact us for more details. ",1,northwest,0,0,0,0,0,0,0,0,,,0,0,,0,0,,,,,,,1.0,,,,,,,
Chhapraula,668.0,1012500.0,INR,1.0,1,0,"It has an area of 668 sqft and is priced at Rs. 10.13 lac . It is northeast facing property. The time you'll spend here will become the greatest moment of your life that will also help you to relieve, relax & evoke a great sense of happiness. It is situated in the proximity of all the important facilities. Please contact us for more details. ",1,northeast,0,0,0,0,0,0,0,0,,,0,0,,0,0,,,,,,,1.0,,,,,,,
Chhapraula,1069.0,1920000.0,INR,1.0,1,0,"A plot is available for sale in Prithvi Associates Noida Greens, Chhapraula, Ghaziabad. It has an area of 1069 sqft. The property is available at a price of Rs. 19.20 lac . It is northwest facing property. The society is well connected by different modes of transportation. Contact us for more details. ",1,northwest,0,0,0,0,0,0,0,0,,,0,0,,0,0,,,,,,,1.0,,,,,,,
Chhapraula,579.0,877500.0,INR,1.0,1,0,"This plot is available for sale and is located in Prithvi Associates Noida Greens, one of the most prestigious projects of Chhapraula. It has a salable area of 579 sqft and is available at a price of Rs. 1,515 per sqft. It is facing northeast direction. The time you'll spend here will become the greatest moment of your life that will also help you to relieve, relax & evoke a great sense of happiness. The society is well connected by different modes of transportation. Please contact us for more details. ",1,northeast,0,0,0,0,0,0,0,0,,,0,0,,0,0,,,,,,,1.0,,,,,,,
Chhapraula,434.0,820000.0,INR,1.0,1,0,"A plot is available at a prime location in Prithvi Associates Noida Greens. It has a salable area of 434 sqft and is available at a price of Rs. 1,889 per sqft. Its entry is northeast facing. The time you'll spend here will become the greatest moment of your life that will also help you to relieve, relax & evoke a great sense of happiness. It is well connected to the city areas. Please contact us for more details. ",1,northeast,0,0,0,0,0,0,0,0,,,0,0,,0,0,,,,,,,1.0,,,,,,,
Chhapraula,820.0,1564000.0,INR,1.0,1,0,"This plot is situated in Prithvi Associates Noida Greens, Chhapraula. It has an area of 820 sqft and is priced at Rs. 15.64 lac . The time you'll spend here will become the greatest moment of your life that will also help you to relieve, relax & evoke a great sense of happiness. It is well connected to the city areas. If you are interested, please contact us for more details. ",1,northwest,0,0,0,0,0,0,0,0,,,0,0,,0,0,,,,,,,1.0,,,,,,,
Lal Kuan,900.0,1950000.0,INR,1.0,1,0,"This plot is available for sale and is located in Aarvanss Infrastructure Modern Heights, one of the most prestigious projects of Lal Kuan. It has a salable area of 900 sqft and is available at a price of Rs. 2,166 per sqft. It is east facing property. It is well connected to the city areas. Please contact for more details. ",1,east,0,4,1,0,1,1,1,0,1.0,,1,0,1.0,1,1,7.4,7.7,123.0,,1.0,,1.0,1.0,,1.0,,1.0,1.0,
Lal Kuan,648.0,1155000.0,INR,1.0,1,0,"This plot is situated in Aarvanss Infrastructure Modern Heights, Lal Kuan. It has an area of 648 sqft and is priced at Rs. 11.55 lac . It is east facing property. The time you'll spend here will become the greatest moment of your life that will also help you to relieve, relax & evoke a great sense of happiness. It is situated in the proximity of all the important facilities. Kindly call us for details. ",1,east,0,4,1,0,1,1,1,0,1.0,,1,0,1.0,1,1,7.4,7.7,123.0,,1.0,,1.0,1.0,,1.0,,1.0,1.0,
Lal Kuan,648.0,1155000.0,INR,1.0,1,0,"Takshvi global home's THE Mission of company is to the Most Sucessful Real Estate Company in Delhi NCR .
Takshvi Group is Young Vibrant and Dynamic reality Company with expending intrest in residential & Commercial Real Estate. We have young , Growing and Dynamic team of professional specializing in the marketing listings and saleing new Residential Plots and house .Undevloped land and commercial and investing opportunities .takshvi global home's is a creative innovative and people oriented organization providing individual opportunities personal satisfaction and rewarding challenges in all members of the company 


PROJECT SPECIFICATION & LOCATION ADVANTAGES
ECOFRIENDLY AND POLLUTION FREE TOWNSHIP
Blakhh TOP WIDE ROAD
GATED SOCIETY 
DEVLOPMENT STARTED IMMEDIATE REGISTRY POSSESSION & MUTATION 
 
Mansarovar park is connected with 2 national highway namely nh 91 & 24 which provide direct connectivity to the township .Proposed metro station school hospiltal less then 1 km wide main road 
5 km from railway station 
4 km from bus station more then 50 institute like IT .
Adjoining all residential colonies & High rise Township of Wave city , Jaipuriya Sare Homes Saamag , Aditya World city etc More About This Property 648 Square feet Plot for sale in Girdharpur Sunarasi, Ghaziabad. This land has a dimension of 18.0 mt length 36.0 mt width. Price. The name of the project is Aarvanss Modern Heights. The plot is East facing. There are 1 open sides for this plot. The width of the facing road is 18.0 mt. This residential land also has a boundary wall. The maximum floor allowed for construction on this plot is 4. The most popular landmarks near this plot are Shree Ji Unitech Co., Sunrise Academy, and Merry Child International School",1,east,0,4,1,0,1,1,1,0,1.0,,1,0,1.0,1,1,7.4,7.7,123.0,,1.0,,1.0,1.0,,1.0,,1.0,1.0,
Chhapraula,420.0,1230000.0,INR,1.0,1,0,"This plot is available for sale and is located in Prithvi Associates Noida Greens, one of the most prestigious projects of Chhapraula. It has an area of 420 sqft. The property is available at a price of Rs. 12.30 lac . It is east facing property. The time you'll spend here will become the greatest moment of your life that will also help you to relieve, relax & evoke a great sense of happiness. It is situated in the proximity of all the important facilities. Kindly call us for details. ",1,east,0,0,0,0,0,0,0,0,,,0,0,,0,0,,,,,,,1.0,,,,,,,
Chhapraula,421.0,1145000.0,INR,1.0,1,0,"A plot is available for sale in Prithvi Associates Noida Greens, Chhapraula, Ghaziabad. It has an area of 421 sqft. The property is available at a price of Rs. 11.45 lac . It is facing east direction. The time you'll spend here will become the greatest moment of your life that will also help you to relieve, relax & evoke a great sense of happiness. It is well connected to the city areas. Contact us for more details. ",1,east,0,0,0,0,0,0,0,0,,,0,0,,0,0,,,,,,,1.0,,,,,,,
Chhapraula,876.0,1425000.0,INR,1.0,1,0,"This plot is available for sale and is located in Prithvi Associates Noida Greens, one of the most prestigious projects of Chhapraula. It has an area of 876 sqft and is priced at Rs. 14.25 lac . It is northeast facing property. The time you'll spend here will become the greatest moment of your life that will also help you to relieve, relax & evoke a great sense of happiness. It is situated in the proximity of all the important facilities. If you are interested, please contact us for more details. ",1,northeast,0,0,0,0,0,0,0,0,,,0,0,,0,0,,,,,,,1.0,,,,,,,
Chhapraula,450.0,1250000.0,INR,1.0,1,0,"This plot is available for sale and is located in Prithvi Associates Noida Greens, one of the most prestigious projects of Chhapraula. It has a salable area of 450 sqft and is available at a price of Rs. 2,777 per sqft. It is facing northeast direction. The time you'll spend here will become the greatest moment of your life that will also help you to relieve, relax & evoke a great sense of happiness. It is situated in the proximity of all the important facilities. Please contact for more details. ",1,northeast,0,0,0,0,0,0,0,0,,,0,0,,0,0,,,,,,,1.0,,,,,,,
Chhapraula,400.0,1200000.0,INR,1.0,1,0,"This plot is available for sale and is located in Prithvi Associates Noida Greens, one of the most prestigious projects of Chhapraula. It has an area of 400 sqft and is priced at Rs. 12.00 lac . Its entry is east facing. It is situated in the proximity of all the important facilities. Contact us for more details. ",1,east,0,0,0,0,0,0,0,0,,,0,0,,0,0,,,,,,,1.0,,,,,,,
Chhapraula,435.0,1020000.0,INR,1.0,1,0,"A plot property is available for sale in Prithvi Associates Noida Greens, Chhapraula, Ghaziabad. It has a salable area of 435 sqft and is available at a price of Rs. 2,344 per sqft. It is southwest facing property. The time you'll spend here will become the greatest moment of your life that will also help you to relieve, relax & evoke a great sense of happiness. The society is well connected by different modes of transportation. If you are interested, please contact us for more details. ",1,southwest,0,0,0,0,0,0,0,0,,,0,0,,0,0,,,,,,,1.0,,,,,,,
Nyay Khand,1940.0,15800000.0,INR,1.0,0,0,"This plot is available for sale and is located in the heart of Nyay Khand. It has an area of 1940 sqft. The property is available at a price of Rs. 1.58 cr . It is facing east direction. The time you'll spend here will become the greatest moment of your life that will also help you to relieve, relax & evoke a great sense of happiness. The society is well connected by different modes of transportation. Please contact for more details. ",1,east,0,0,0,0,0,0,0,0,,,0,0,,0,0,9.2,,,,,,,,,,,,,
Shakti Khand,2380.0,26000000.0,INR,1.0,0,0,"This plot is situated in Shakti Khand, Ghaziabad. It has an area of 2380 sqft and is priced at Rs. 2.60 cr . The time you'll spend here will become the greatest moment of your life that will also help you to relieve, relax & evoke a great sense of happiness. The site is in close proximity to various civic utilities. Kindly call us for details. ",1,,0,0,0,0,0,0,0,0,,,0,0,,0,0,9.3,,,,,,,,,,,,,
Niti Khand,1210.0,14500000.0,INR,0.0,0,0,"It has an area of 1210 sqft and is priced at Rs. 1.45 cr . It is facing east direction. The time you'll spend here will become the greatest moment of your life that will also help you to relieve, relax & evoke a great sense of happiness. It is situated in the proximity of all the important facilities. If you are interested, please contact us for more details. ",1,east,0,0,0,0,0,0,0,0,,,0,0,,0,0,9.3,,,,,,,,,,,,,
Niti Khand,3500.0,70000000.0,INR,0.0,0,0,"This plot is situated in Niti Khand. It has an area of 3500 sqft and is priced at Rs. 7.00 cr . It is east facing property. The time you'll spend here will become the greatest moment of your life that will also help you to relieve, relax & evoke a great sense of happiness. It is situated in the proximity of all the important facilities. Kindly call us for details. ",1,east,0,0,0,0,0,0,0,0,,,0,0,,0,0,9.3,,,,,,,,,,,,,
Shakti Khand,900.0,10499400.0,INR,1.0,0,0,"A plot property is available for sale in Shakti Khand, Ghaziabad. It has an area of 900 sqft and is priced at Rs. 1.05 cr . It is facing east direction. The society is well connected by different modes of transportation. Kindly call us for details. ",1,east,0,0,0,0,0,0,0,0,,,0,0,,0,0,9.3,,,,,,,,,,,,,
Gyan Khand,2380.0,25800000.0,INR,1.0,0,0,"It has a salable area of 2380 sqft and is available at a price of Rs. 10,840 per sqft. It is facing southwest direction. The time you'll spend here will become the greatest moment of your life that will also help you to relieve, relax & evoke a great sense of happiness. It is well connected to the city areas. Please contact us for more details. ",1,southwest,0,0,0,0,0,0,0,0,,,0,0,,0,0,9.5,,,,,,,,,,,,,
Sector 7 Vaishali,3510.0,45000000.0,INR,0.0,0,0,"A plot is available for sale in Ramprastha Greens, Sector 7 Vaishali, Ghaziabad. It has an area of 3510 sqft. The property is available at a price of Rs. 4.50 cr . It is southeast facing property. It is situated in the proximity of all the important facilities. Contact us for more details. ",1,southeast,0,0,1,1,1,1,1,1,,,1,0,1.0,1,1,9.7,,62.0,,,1.0,,,1.0,,1.0,,,
Lal Kuan,540.0,1989900.0,INR,1.0,1,0,"This plot is situated in Sundaram Construction SHRI NATH JI HOMES, Lal Kuan, Ghaziabad. It has a salable area of 540 sqft and is available at a price of Rs. 3,685 per sqft. The time you'll spend here will become the greatest moment of your life that will also help you to relieve, relax & evoke a great sense of happiness. The site is in close proximity to various civic utilities. Please contact us for more details. ",1,,0,1,0,0,0,0,0,0,,,0,0,,0,0,7.4,,,,,,,,,,,,,
Lal Kuan,369.0,1360134.0,INR,1.0,1,0,"A plot is available at a prime location in Sundaram Construction SHRI NATH JI HOMES. It has an area of 369 sqft and is priced at Rs. 13.60 lac . The time you'll spend here will become the greatest moment of your life that will also help you to relieve, relax & evoke a great sense of happiness. The site is in close proximity to various civic utilities. Contact us for more details. ",1,,0,1,0,0,0,0,0,0,,,0,0,,0,0,7.4,,,,,,,,,,,,,
Lal Kuan,450.0,1660050.0,INR,1.0,1,0,"A plot is available at a prime location in Sundaram Construction SHRI NATH JI HOMES. It has an area of 450 sqft. The property is available at a price of Rs. 16.60 lac . The time you'll spend here will become the greatest moment of your life that will also help you to relieve, relax & evoke a great sense of happiness. The society is well connected by different modes of transportation. Please contact for more details. ",1,,0,1,0,0,0,0,0,0,,,0,0,,0,0,7.4,,,,,,,,,,,,,
Lal Kuan,495.0,1830015.0,INR,1.0,1,0,"A plot property is available for sale in Sundaram Construction SHRI NATH JI HOMES, Lal Kuan, Ghaziabad. It has an area of 495 sqft. The property is available at a price of Rs. 18.30 lac . The time you'll spend here will become the greatest moment of your life that will also help you to relieve, relax & evoke a great sense of happiness. The site is in close proximity to various civic utilities. If you are interested, please contact us for more details. ",1,,0,1,0,0,0,0,0,0,,,0,0,,0,0,7.4,,,,,,,,,,,,,
Chhapraula,720.0,800000.0,INR,1.0,1,0,"80 Square yard Plot for sale in Chhapraula, Ghaziabad. This land has a dimension of 24.0 mt length 3.0 mt width. Price. The name of the project is SHRI SAI HERITAGE. This is a corner plot. The plot is North-East facing. There are 2 open sides for this plot. The width of the facing road is 80.0 mt. This residential land also has a boundary wall. The maximum floor allowed for construction on this plot is 4. The most popular landmarks near this plot are Shiv Sudh Sakahari Dhaba, DEV children's School, Chaapraula., and DEV children's School",1,northeast,0,2,1,0,0,0,1,0,,,0,0,,0,0,,,2022.0,,,,,,,,,,,
Lal Kuan,540.0,900180.0,INR,0.0,1,0,"It has an area of 540 sqft. The property is available at a price of Rs. 9.00 lac . It has sewage treatment plant as well as 24x7 water supply. The project also has aggregate area of recreational open space, storm water drains, car parking, water conservation, rain water harvesting, street lighting, gated community and recreation facilities. The time you'll spend here will become the greatest moment of your life that will also help you to relieve, relax & evoke a great sense of happiness. It is situated in the proximity of all the important facilities. Please contact for more details. ",1,,0,0,0,0,0,0,0,0,,,0,0,1.0,0,0,7.4,,,,,,,,,,,,,
Lal Kuan,450.0,750150.0,INR,0.0,1,0,"This plot is available for sale and is located in Shri Krishna Promoters And Developers Gagan Enclave Phase 1, one of the most prestigious projects of Lal Kuan. It has an area of 450 sqft. The property is available at a price of Rs. 7.50 lac . The amenities include 24x7 water supply, street lighting, car parking, storm water drains, gated community, recreation facilities, water conservation, rain water harvesting, aggregate area of recreational open space and sewage treatment plant. The time you'll spend here will become the greatest moment of your life that will also help you to relieve, relax & evoke a great sense of happiness. The site is in close proximity to various civic utilities. Contact us for more details. ",1,,0,0,0,0,0,0,0,0,,,0,0,1.0,0,0,7.4,,,,,,,,,,,,,
Lal Kuan,495.0,825165.0,INR,0.0,1,0,"This plot is available for sale and is located in Shri Krishna Promoters And Developers Gagan Enclave Phase 1, one of the most prestigious projects of Lal Kuan. It has an area of 495 sqft and is priced at Rs. 8.25 lac . The amenities include storm water drains, recreation facilities, water conservation, rain water harvesting, gated community, car parking, street lighting, sewage treatment plant, aggregate area of recreational open space and 24x7 water supply. The time you'll spend here will become the greatest moment of your life that will also help you to relieve, relax & evoke a great sense of happiness. It is well connected to the city areas. Kindly call us for details. ",1,,0,0,0,0,0,0,0,0,,,0,0,1.0,0,0,7.4,,,,,,,,,,,,,
Lal Kuan,450.0,625000.0,INR,1.0,1,0,"This plot is situated in Lal Kuan. It has a salable area of 450 sqft and is available at a price of Rs. 1,388 per sqft. The time you'll spend here will become the greatest moment of your life that will also help you to relieve, relax & evoke a great sense of happiness. It is well connected to the city areas. Please contact for more details. ",1,,0,0,0,0,0,0,0,0,,,0,0,,0,0,7.4,,,,,,,,,,,,,
Lal Kuan,315.0,630000.0,INR,1.0,1,0,"A plot is available for sale in Lal Kuan, Ghaziabad. It has an area of 315 sqft. The property is available at a price of Rs. 6.30 lac . The time you'll spend here will become the greatest moment of your life that will also help you to relieve, relax & evoke a great sense of happiness. It is situated in the proximity of all the important facilities. If you are interested, please contact us for more details. ",1,,0,0,0,0,0,0,0,0,,,0,0,,0,0,7.4,,,,,,,,,,,,,
Lal Kuan,360.0,720000.0,INR,1.0,1,0,"This plot is situated in Lal Kuan, Ghaziabad. It has a salable area of 360 sqft and is available at a price of Rs. 2,000 per sqft. The time you'll spend here will become the greatest moment of your life that will also help you to relieve, relax & evoke a great sense of happiness. The society is well connected by different modes of transportation. Contact us for more details. ",1,,0,0,0,0,0,0,0,0,,,0,0,,0,0,7.4,,,,,,,,,,,,,
Siddhartha Vihar,900.0,3500000.0,INR,1.0,1,0,"A plot is available at a prime location in Siddhartha Vihar. It has an area of 900 sqft. The property is available at a price of Rs. 35.00 lac . The time you'll spend here will become the greatest moment of your life that will also help you to relieve, relax & evoke a great sense of happiness. It is well connected to the city areas. If you are interested, please contact us for more details. ",1,,0,3,0,0,0,0,0,0,,,0,0,,0,0,,,,,,,,,,,,,,
Lal Kuan,540.0,1260000.0,INR,1.0,1,0,"This plot is available for sale and is located in Aarvanss Infrastructure Mansarovar Park, one of the most prestigious projects of Lal Kuan. It is east facing property. The time you'll spend here will become the greatest moment of your life that will also help you to relieve, relax & evoke a great sense of happiness. The site is in close proximity to various civic utilities. Kindly call us for details. ",1,east,0,4,1,1,0,0,0,0,,,0,0,,1,1,7.4,7.8,123.0,,,,,,,,,,,
Lal Kuan,540.0,1150000.0,INR,1.0,1,0,"A plot is available at a prime location in Aarvanss Infrastructure Mansarovar Park. It has a salable area of 540 sqft and is available at a price of Rs. 2,129 per sqft. Its entry is east facing. The time you'll spend here will become the greatest moment of your life that will also help you to relieve, relax & evoke a great sense of happiness. It is situated in the proximity of all the important facilities. Contact us for more details. ",1,east,0,4,1,1,0,0,0,0,,,0,0,,1,1,7.4,7.8,123.0,,,,,,,,,,,
Lal Kuan,730.0,1950000.0,INR,1.0,1,0,"This plot is situated in Aarvanss Infrastructure Mansarovar Park, Lal Kuan, Ghaziabad. Its entry is east facing. The time you'll spend here will become the greatest moment of your life that will also help you to relieve, relax & evoke a great sense of happiness. It is situated in the proximity of all the important facilities. Kindly call us for details. ",1,east,0,4,1,1,0,0,0,0,,,0,0,,1,1,7.4,7.8,123.0,,,,,,,,,,,
Govindpuram,1350.0,4500000.0,INR,1.0,0,0,"A plot is available at a prime location in Govindpuram. It has an area of 1350 sqft. The property is available at a price of Rs. 45.00 lac . It is facing northeast direction. The time you'll spend here will become the greatest moment of your life that will also help you to relieve, relax & evoke a great sense of happiness. The site is in close proximity to various civic utilities. If you are interested, please contact us for more details. ",1,northeast,0,0,1,0,0,0,0,0,,,0,0,,0,0,,,,,,,,,,,,,,
Shastri Nagar,1350.0,7500000.0,INR,1.0,0,0,"A plot is available at a prime location in Shastri Nagar. It has a salable area of 1350 sqft and is available at a price of Rs. 5,555 per sqft. It is west facing property. The time you'll spend here will become the greatest moment of your life that will also help you to relieve, relax & evoke a great sense of happiness. The site is in close proximity to various civic utilities. Please contact us for more details. ",1,west,0,0,1,0,0,0,0,0,,,0,0,,0,0,7.9,,,,,,,,,,,,,
Rajendra Nagar,520.0,3200000.0,INR,1.0,0,0,"It has an area of 520 sqft. The property is available at a price of Rs. 32.00 lac . It is north facing property. The time you'll spend here will become the greatest moment of your life that will also help you to relieve, relax & evoke a great sense of happiness. The site is in close proximity to various civic utilities. Please contact us for more details. ",1,north,0,0,0,0,0,0,0,0,,,0,0,,0,0,,,,,,,,,,,,,,
Hindan Residential Area,900.0,2500000.0,INR,1.0,0,0,"This plot is situated in Hindan Residential Area. It has an area of 900 sqft and is priced at Rs. 25.00 lac . Its entry is east facing. The time you'll spend here will become the greatest moment of your life that will also help you to relieve, relax & evoke a great sense of happiness. It is situated in the proximity of all the important facilities. ",1,east,0,3,1,0,0,0,0,0,,,0,0,,0,0,,,,,,,,,,,,,,
Nehru Nagar,2052.0,18000000.0,INR,1.0,0,0,"A plot property is available for sale in Nehru Nagar, Ghaziabad. It has a salable area of 2052 sqft and is available at a price of Rs. 8,771 per sqft. It is northwest facing property. The time you'll spend here will become the greatest moment of your life that will also help you to relieve, relax & evoke a great sense of happiness. Contact us for more details. ",1,northwest,0,0,1,0,0,0,0,0,,,1,0,,1,0,,,,,,,,,,1.0,,,,
Rajendra Nagar,700.0,5500000.0,INR,1.0,0,0,"Best property in town with best surroundings. Walking distance to metro and upcoming domestic airport. More About This Property 700 Square feet Plot for sale in Rajendra Nagar, Ghaziabad. This land has a dimension of 35.0 mt length 20.0 mt width. Price. The plot is East facing. There are 1 open sides for this plot. The width of the facing road is 15.0 mt. This residential land also has a boundary wall. The maximum floor allowed for construction on this plot is 3. The most popular landmarks near this plot are Laxmi Fast Food, Fortune Blue Restaurant, and Rahul Sweet Restaurant",1,east,0,0,1,0,0,0,1,0,,,0,0,,0,0,,,,,,,,,,,,,,
Rajendra Nagar,695.0,6500000.0,INR,1.0,0,0,"A plot is available for sale in Rajendra Nagar, Ghaziabad. It is facing east direction. The time you'll spend here will become the greatest moment of your life that will also help you to relieve, relax & evoke a great sense of happiness. It is situated in the proximity of all the important facilities. If you are interested, please contact us for more details. ",1,east,0,0,1,0,0,0,1,0,,,0,0,,0,0,,,,,,,,,,,,,,
Patel Nagar,3195.0,40000000.0,INR,1.0,0,0,"This plot is situated in Patel Nagar, Ghaziabad. It has an area of 3195 sqft. The property is available at a price of Rs. 4.00 cr . It is facing west direction. The time you'll spend here will become the greatest moment of your life that will also help you to relieve, relax & evoke a great sense of happiness. It is well connected to the city areas. ",1,west,0,0,1,0,0,0,0,0,,,0,0,,0,0,,,,,,,,,,,,,,
Ansals Chiranjiv Vihar,1800.0,6000000.0,INR,1.0,0,0,"A plot property is available for sale in Ansals Chiranjiv Vihar, Ghaziabad. Its entry is east facing. The time you'll spend here will become the greatest moment of your life that will also help you to relieve, relax & evoke a great sense of happiness. It is situated in the proximity of all the important facilities. Please contact us for more details. ",1,east,0,4,1,0,0,0,0,0,,,0,0,,0,0,,,,,,,,,,,,,,
DLF Ankur Vihar,900.0,4400000.0,INR,1.0,1,0,"This plot is situated in DLF Ankur Vihar. It has an area of 900 sqft and is priced at Rs. 44.00 lac . It is northeast facing property. The time you'll spend here will become the greatest moment of your life that will also help you to relieve, relax & evoke a great sense of happiness. The society is well connected by different modes of transportation. Please contact for more details. ",1,northeast,0,0,0,0,0,0,0,0,,,0,0,,0,0,,,,,,,,,,,,,,
Govindpuram,1365.0,8500000.0,INR,1.0,0,0,"A plot property is available for sale in Govindpuram, Ghaziabad. It is north facing property. The time you'll spend here will become the greatest moment of your life that will also help you to relieve, relax & evoke a great sense of happiness. The site is in close proximity to various civic utilities. If you are interested, please contact us for more details. ",1,north,0,0,1,0,0,0,0,0,,,0,0,,0,0,,,,,,,,,,,,,,
Mahagunpuram,900.0,2950000.0,INR,1.0,1,0,"A plot is available for sale in Mahagunpuram, Ghaziabad. It has an area of 900 sqft. The property is available at a price of Rs. 29.50 lac . It is facing east direction. It is situated in the proximity of all the important facilities. If you are interested, please contact us for more details. ",1,east,0,6,0,0,0,0,0,0,,,0,0,,0,0,,,,,,,,,,,,,,
Raj Nagar,900.0,3000001.0,INR,1.0,1,0,"This plot is situated in Raj Nagar. It has an area of 900 sqft. The property is available at a price of Rs. 30.00 lac . The time you'll spend here will become the greatest moment of your life that will also help you to relieve, relax & evoke a great sense of happiness. It is well connected to the city areas. Kindly call us for details. ",1,,0,0,0,0,0,0,0,0,,,0,0,,0,0,,,,,,,,,,,,,,
Govindpuram,450.0,1400002.0,INR,1.0,1,0,"This plot is situated in Govindpuram. It has an area of 450 sqft and is priced at Rs. 14.00 lac . The time you'll spend here will become the greatest moment of your life that will also help you to relieve, relax & evoke a great sense of happiness. It is well connected to the city areas. If you are interested, please contact us for more details. ",1,,0,0,0,0,0,0,0,0,,,0,0,,0,0,,,,,,,,,,,,,,
Raj Nagar Extension,900.0,3500000.0,INR,1.0,1,0,"A plot is available for sale in Raj Nagar Extension, Ghaziabad. It has an area of 900 sqft. The property is available at a price of Rs. 35.00 lac . The time you'll spend here will become the greatest moment of your life that will also help you to relieve, relax & evoke a great sense of happiness. The site is in close proximity to various civic utilities. Please contact us for more details. ",1,,0,0,0,0,0,0,0,0,,,0,0,,0,0,,,,,,,,,,,,,,
sanjay nagar,450.0,1500000.0,INR,1.0,1,0,"This plot is situated in sanjay nagar. It has a salable area of 450 sqft and is available at a price of Rs. 3,333 per sqft. Its entry is east facing. The time you'll spend here will become the greatest moment of your life that will also help you to relieve, relax & evoke a great sense of happiness. It is well connected to the city areas. If you are interested, please contact us for more details. ",1,east,0,0,0,0,0,0,0,0,,,0,0,,0,0,,,,,,,,,,,,,,
Govindpuram,450.0,1400000.0,INR,1.0,1,0,"This plot is available for sale and is located in the heart of Govindpuram. It has an area of 450 sqft. The property is available at a price of Rs. 14.00 lac . Its entry is east facing. The time you'll spend here will become the greatest moment of your life that will also help you to relieve, relax & evoke a great sense of happiness. The society is well connected by different modes of transportation. Kindly call us for details. ",1,east,0,0,0,0,0,0,0,0,,,0,0,,0,0,,,,,,,,,,,,,,
Govindpuram,450.0,1300000.0,INR,1.0,1,0,"This plot is situated in Govindpuram. It has an area of 450 sqft and is priced at Rs. 13.00 lac . Its entry is east facing. The time you'll spend here will become the greatest moment of your life that will also help you to relieve, relax & evoke a great sense of happiness. The site is in close proximity to various civic utilities. Kindly call us for details. ",1,east,0,0,0,0,0,0,0,0,,,0,0,,0,0,,,,,,,,,,,,,,
Govindpuram,450.0,1300002.0,INR,1.0,1,0,"A plot property is available for sale in Govindpuram, Ghaziabad. It has an area of 450 sqft and is priced at Rs. 13.00 lac . The time you'll spend here will become the greatest moment of your life that will also help you to relieve, relax & evoke a great sense of happiness. It is well connected to the city areas. Contact us for more details. ",1,,0,0,0,0,0,0,0,0,,,0,0,,0,0,,,,,,,,,,,,,,
Govindpuram,540.0,1800000.0,INR,1.0,1,0,"It has a salable area of 540 sqft and is available at a price of Rs. 3,333 per sqft. It is facing east direction. The time you'll spend here will become the greatest moment of your life that will also help you to relieve, relax & evoke a great sense of happiness. The site is in close proximity to various civic utilities. Kindly call us for details. ",1,east,0,0,0,0,0,0,0,0,,,0,0,,0,0,,,,,,,,,,,,,,
Raj Nagar Extension,900.0,3500001.0,INR,1.0,1,0,"This plot is situated in Raj Nagar Extension, Ghaziabad. It has an area of 900 sqft and is priced at Rs. 35.00 lac . The time you'll spend here will become the greatest moment of your life that will also help you to relieve, relax & evoke a great sense of happiness. It is well connected to the city areas. Please contact for more details. ",1,,0,0,0,0,0,0,0,0,,,0,0,,0,0,,,,,,,,,,,,,,
Raj Nagar,900.0,3000005.0,INR,1.0,1,0,"A plot is available for sale in Raj Nagar, Ghaziabad. It has an area of 900 sqft and is priced at Rs. 30.00 lac . The time you'll spend here will become the greatest moment of your life that will also help you to relieve, relax & evoke a great sense of happiness. The society is well connected by different modes of transportation. Please contact us for more details. ",1,,0,0,0,0,0,0,0,0,,,0,0,,0,0,,,,,,,,,,,,,,
Raj Nagar,900.0,3000006.0,INR,1.0,1,0,"This plot is situated in Raj Nagar, Ghaziabad. It has an area of 900 sqft and is priced at Rs. 30.00 lac . The time you'll spend here will become the greatest moment of your life that will also help you to relieve, relax & evoke a great sense of happiness. It is situated in the proximity of all the important facilities. Contact us for more details. ",1,,0,0,0,0,0,0,0,0,,,0,0,,0,0,,,,,,,,,,,,,,
Govindpuram,495.0,1450001.0,INR,1.0,1,0,"A plot is available for sale in Govindpuram, Ghaziabad. It has an area of 495 sqft. The property is available at a price of Rs. 14.50 lac . The time you'll spend here will become the greatest moment of your life that will also help you to relieve, relax & evoke a great sense of happiness. It is well connected to the city areas. Please contact us for more details. ",1,,0,0,0,0,0,0,0,0,,,0,0,,0,0,,,,,,,,,,,,,,
Govindpuram,495.0,1450002.0,INR,1.0,1,0,"This plot is situated in Govindpuram. It has a salable area of 495 sqft and is available at a price of Rs. 2,929 per sqft. The time you'll spend here will become the greatest moment of your life that will also help you to relieve, relax & evoke a great sense of happiness. The site is in close proximity to various civic utilities. If you are interested, please contact us for more details. ",1,,0,0,0,0,0,0,0,0,,,0,0,,0,0,,,,,,,,,,,,,,
Govindpuram,495.0,1450003.0,INR,1.0,1,0,"A plot property is available for sale in Govindpuram, Ghaziabad. It has an area of 495 sqft and is priced at Rs. 14.50 lac . The time you'll spend here will become the greatest moment of your life that will also help you to relieve, relax & evoke a great sense of happiness. The site is in close proximity to various civic utilities. Please contact us for more details. ",1,,0,0,0,0,0,0,0,0,,,0,0,,0,0,,,,,,,,,,,,,,
Govindpuram,450.0,1400001.0,INR,1.0,1,0,"A plot is available at a prime location in Govindpuram. It has an area of 450 sqft. The property is available at a price of Rs. 14.00 lac . The time you'll spend here will become the greatest moment of your life that will also help you to relieve, relax & evoke a great sense of happiness. It is well connected to the city areas. Contact us for more details. ",1,,0,0,0,0,0,0,0,0,,,0,0,,0,0,,,,,,,,,,,,,,
Raj Nagar,900.0,2900000.0,INR,1.0,1,0,"This plot is situated in Raj Nagar, Ghaziabad. It has an area of 900 sqft. The property is available at a price of Rs. 29.00 lac . It is facing northeast direction. The time you'll spend here will become the greatest moment of your life that will also help you to relieve, relax & evoke a great sense of happiness. Please contact for more details. ",1,northeast,0,0,0,0,0,0,0,0,,,0,0,,0,0,,,,,,,,,,,,,,
Raj Nagar,900.0,3000007.0,INR,1.0,1,0,"A plot property is available for sale in Raj Nagar, Ghaziabad. It has a salable area of 900 sqft and is available at a price of Rs. 3,333 per sqft. The time you'll spend here will become the greatest moment of your life that will also help you to relieve, relax & evoke a great sense of happiness. The society is well connected by different modes of transportation. If you are interested, please contact us for more details. ",1,,0,0,0,0,0,0,0,0,,,0,0,,0,0,,,,,,,,,,,,,,
Raj Nagar,900.0,3000003.0,INR,1.0,1,0,"A plot property is available for sale in Raj Nagar, Ghaziabad. It has a salable area of 900 sqft and is available at a price of Rs. 3,333 per sqft. The time you'll spend here will become the greatest moment of your life that will also help you to relieve, relax & evoke a great sense of happiness. The society is well connected by different modes of transportation. Contact us for more details. ",1,,0,0,0,0,0,0,0,0,,,0,0,,0,0,,,,,,,,,,,,,,
sanjay nagar,450.0,1500002.0,INR,1.0,1,0,"This plot is situated in sanjay nagar, Ghaziabad. It has a salable area of 450 sqft and is available at a price of Rs. 3,333 per sqft. The time you'll spend here will become the greatest moment of your life that will also help you to relieve, relax & evoke a great sense of happiness. The society is well connected by different modes of transportation. Please contact for more details. ",1,,0,0,0,0,0,0,0,0,,,0,0,,0,0,,,,,,,,,,,,,,
sanjay nagar,450.0,1500001.0,INR,1.0,1,0,"A plot property is available for sale in sanjay nagar, Ghaziabad. It has a salable area of 450 sqft and is available at a price of Rs. 3,333 per sqft. The time you'll spend here will become the greatest moment of your life that will also help you to relieve, relax & evoke a great sense of happiness. It is situated in the proximity of all the important facilities. Please contact us for more details. ",1,,0,0,0,0,0,0,0,0,,,0,0,,0,0,,,,,,,,,,,,,,
Govindpuram,450.0,1300001.0,INR,1.0,1,0,"A plot is available at a prime location in Govindpuram. It has an area of 450 sqft. The property is available at a price of Rs. 13.00 lac . The time you'll spend here will become the greatest moment of your life that will also help you to relieve, relax & evoke a great sense of happiness. It is situated in the proximity of all the important facilities. Please contact for more details. ",1,,0,0,0,0,0,0,0,0,,,0,0,,0,0,,,,,,,,,,,,,,
Raj Nagar,900.0,3000000.0,INR,1.0,1,0,"This plot is available for sale and is located in the heart of Raj Nagar. It has an area of 900 sqft. The property is available at a price of Rs. 30.00 lac . It is facing east direction. The time you'll spend here will become the greatest moment of your life that will also help you to relieve, relax & evoke a great sense of happiness. The society is well connected by different modes of transportation. Please contact us for more details. ",1,east,0,0,0,0,0,0,0,0,,,0,0,,0,0,,,,,,,,,,,,,,
Govindpuram,720.0,2400000.0,INR,1.0,1,0,"This plot is situated in Govindpuram, Ghaziabad. It has an area of 720 sqft and is priced at Rs. 24.00 lac . The time you'll spend here will become the greatest moment of your life that will also help you to relieve, relax & evoke a great sense of happiness. It is situated in the proximity of all the important facilities. Contact us for more details. ",1,,0,0,0,0,0,0,0,0,,,0,0,,0,0,,,,,,,,,,,,,,
Raj Nagar Extension,900.0,2265000.0,INR,1.0,1,0,"This plot is situated in Krishna Aprameya Group Enclave, Raj Nagar Extension, Ghaziabad. It has an area of 900 sqft. The property is available at a price of Rs. 22.65 lac . It is northeast facing property. The time you'll spend here will become the greatest moment of your life that will also help you to relieve, relax & evoke a great sense of happiness. The society is well connected by different modes of transportation. Please contact for more details. ",1,northeast,0,0,1,1,1,1,1,0,1.0,,1,0,1.0,1,1,,8.2,123.0,1.0,1.0,1.0,1.0,1.0,,1.0,,1.0,1.0,
Raj Nagar Extension,900.0,1998000.0,INR,1.0,0,0,"A plot is available for sale in Krishna Aprameya Group Enclave, Raj Nagar Extension, Ghaziabad. It has an area of 900 sqft and is priced at Rs. 19.98 lac . Its entry is northeast facing. The time you'll spend here will become the greatest moment of your life that will also help you to relieve, relax & evoke a great sense of happiness. It is well connected to the city areas. Contact us for more details. ",1,northeast,0,0,1,1,1,1,1,0,1.0,,1,0,1.0,1,1,,8.2,123.0,1.0,1.0,1.0,1.0,1.0,,1.0,,1.0,1.0,
Vaishali,968.0,11000000.0,INR,1.0,0,0,"This plot is situated in Vaishali. It has a salable area of 968 sqft and is available at a price of Rs. 11,363 per sqft. It is east facing property. The time you'll spend here will become the greatest moment of your life that will also help you to relieve, relax & evoke a great sense of happiness. The site is in close proximity to various civic utilities. Contact us for more details. ",1,east,0,0,0,0,0,0,0,0,,,0,0,,0,0,,,,,,,,,,,,,,
Vasundhara,550.0,5500000.0,INR,1.0,0,0,"A plot property is available for sale in Vasundhara, Ghaziabad. It has a salable area of 550 sqft and is available at a price of Rs. 10,000 per sqft. The time you'll spend here will become the greatest moment of your life that will also help you to relieve, relax & evoke a great sense of happiness. It is situated in the proximity of all the important facilities. Contact us for more details. ",1,east,0,0,0,0,0,0,0,0,,,0,0,,0,0,,,,,,,,,,,,,,
Vaishali,1300.0,25000000.0,INR,1.0,0,0,"This plot is situated in Vaishali, Ghaziabad. Its entry is northeast facing. The time you'll spend here will become the greatest moment of your life that will also help you to relieve, relax & evoke a great sense of happiness. The site is in close proximity to various civic utilities. Kindly call us for details. ",1,northeast,0,0,0,0,0,0,0,0,,,0,0,,0,0,,,,,,,,,,,,,,
Lal Kuan,945.0,1598000.0,INR,1.0,1,0,"This plot is available for sale and is located in Aarvanss Infrastructure Mansarovar Park, one of the most prestigious projects of Lal Kuan. It has an area of 945 sqft and is priced at Rs. 15.98 lac . It is facing east direction. The time you'll spend here will become the greatest moment of your life that will also help you to relieve, relax & evoke a great sense of happiness. The site is in close proximity to various civic utilities. Contact us for more details. ",1,east,0,4,1,1,0,0,0,0,,,0,0,,1,1,7.4,7.8,123.0,,,,,,,,,,,
Chhapraula,508.0,584000.0,INR,1.0,1,0,"Plot for in Modern railway City Lal kuan Ghaziabad.Boundary wall gated society and electricity pass colony.School Hospital Shoaping complex and local market walking distance. More About This Property 508 Square feet Plot for sale in Chhapraula, Ghaziabad. This land has a dimension of 34.0 mt length 15.0 mt width. Price. The plot is East facing. There are 1 open sides for this plot. The width of the facing road is 20.0 mt. This residential land also has a boundary wall. The maximum floor allowed for construction on this plot is 4. The most popular landmarks near this plot are Colonel Public School, Om bikaner sweets 21, and om bikaner sweets",1,east,0,0,0,0,0,0,0,0,,,0,0,,0,0,,,,,,,,,,,,,,
Lal Kuan,549.0,950000.0,INR,1.0,1,0,"Plot for sale in Mansarovar park Lal kuan Ghaziabad near relience petrol pump.
Boundary wall gated society and electricity pass colony.
School hospital Shoaping complex and local market at walking distance half km. More About This Property 549 Square feet Plot for sale in Lal Kuan, Ghaziabad. This land has a dimension of 36.0 mt length 15.0 mt width. Price. The name of the project is Mansarovar Park Lalkua. The plot is East facing. There are 1 open sides for this plot. The width of the facing road is 21.0 mt. The maximum floor allowed for construction on this plot is 4. The most popular landmarks near this plot are Radha Krishna Public School, The Achiever's Academy, and Training School Northern Railway",1,east,0,4,0,0,0,0,0,0,,,0,0,,0,0,7.4,,123.0,,,,,,,,,,,
Raj Nagar Extension,900.0,2150000.0,INR,1.0,1,0,"900 Square feet Plot for sale in Ghukna, Ghaziabad. This land has a dimension of 20.0 mt length 45.0 mt width. Price. The plot is East facing. There are 1 open sides for this plot. The width of the facing road is 25.0 mt. This residential land also has a boundary wall. The maximum floor allowed for construction on this plot is 3. The most popular landmarks near this plot are The American School, Ghaziabad, Natkhat Fast Food & Restaurant, and Makoons Pre-School",1,east,0,0,0,0,0,0,0,0,,,0,0,,0,0,,,,,,,,,,,,,,
Vasundhara,900.0,11000000.0,INR,1.0,0,0,"This plot is available for sale and is located in the heart of Vasundhara. It has an area of 900 sqft and is priced at Rs. 1.10 cr . Its entry is west facing. The time you'll spend here will become the greatest moment of your life that will also help you to relieve, relax & evoke a great sense of happiness. It is situated in the proximity of all the important facilities. Please contact us for more details. ",1,west,0,0,0,0,0,0,0,0,,,0,0,,0,0,,,,,,,,,,,,,,
Vasundhara,850.0,10000000.0,INR,1.0,0,0,"A plot is available at a prime location in Vasundhara. It has a salable area of 850 sqft and is available at a price of Rs. 11,764 per sqft. It is west facing property. The time you'll spend here will become the greatest moment of your life that will also help you to relieve, relax & evoke a great sense of happiness. The site is in close proximity to various civic utilities. Please contact us for more details. ",1,west,0,0,0,0,0,0,0,0,,,0,0,,0,0,,,,,,,,,,,,,,
wave city,900.0,1251000.0,INR,1.0,1,0,"This plot is situated in wave city, Ghaziabad. It has an area of 900 sqft. The property is available at a price of Rs. 12.51 lac . It is east facing property. The time you'll spend here will become the greatest moment of your life that will also help you to relieve, relax & evoke a great sense of happiness. The site is in close proximity to various civic utilities. Please contact us for more details. ",1,east,0,0,0,0,0,0,0,0,,,0,0,,0,0,,,,,,,,,,,,,,
wave city,900.0,1252000.0,INR,1.0,1,0,"This plot is available for sale and is located in the heart of wave city. It has a salable area of 900 sqft and is available at a price of Rs. 1,391 per sqft. It is east facing property. The time you'll spend here will become the greatest moment of your life that will also help you to relieve, relax & evoke a great sense of happiness. It is situated in the proximity of all the important facilities. Kindly call us for details. ",1,east,0,0,0,0,0,0,0,0,,,0,0,,0,0,,,,,,,,,,,,,,
Lal Kuan,360.0,510000.0,INR,1.0,1,0,"360 Square feet Plot for sale in Wave City, Ghaziabad. This land has a dimension of 15.0 mt length 24.0 mt width. Price. The name of the project is Mehak Eco City. The width of the facing road is 25.0 mt. The most popular landmarks near this plot are Vikas Global Public School, Green Field Modern Public School Greater Noida Branch, and Green Field Modern Public School",1,,0,0,1,1,1,1,1,0,1.0,1.0,0,1,1.0,1,1,7.4,,17.0,1.0,,1.0,,,,1.0,,,,
Lal Kuan,450.0,630000.0,INR,1.0,1,0,"A plot property is available for sale in Mehak Infrastructure Eco City, Lal Kuan, Ghaziabad. It has an area of 450 sqft. The property is available at a price of Rs. 6.30 lac . It is facing north direction. The time you'll spend here will become the greatest moment of your life that will also help you to relieve, relax & evoke a great sense of happiness. It is well connected to the city areas. Please contact us for more details. ",1,north,0,0,1,1,1,1,1,0,1.0,1.0,0,1,1.0,1,1,7.4,,17.0,1.0,,1.0,,,,1.0,,,,
wave city,900.0,1250000.0,INR,1.0,1,0,"This plot is situated in wave city. It has an area of 900 sqft. The property is available at a price of Rs. 12.50 lac . The time you'll spend here will become the greatest moment of your life that will also help you to relieve, relax & evoke a great sense of happiness. The society is well connected by different modes of transportation. Contact us for more details. ",1,east,0,0,0,0,0,0,0,0,,,0,0,,0,0,,,,,,,,,,,,,,
wave city,450.0,628000.0,INR,1.0,1,0,"It has an area of 450 sqft and is priced at Rs. 6.28 lac . It is east facing property. The time you'll spend here will become the greatest moment of your life that will also help you to relieve, relax & evoke a great sense of happiness. The site is in close proximity to various civic utilities. Please contact us for more details. ",1,east,0,0,0,0,0,0,0,0,,,0,0,,0,0,,,,,,,,,,,,,,
Chhapraula,450.0,625000.0,INR,1.0,0,0,"This plot is situated in Chhapraula, Ghaziabad. It has an area of 450 sqft. The property is available at a price of Rs. 6.25 lac . It is facing east direction. The time you'll spend here will become the greatest moment of your life that will also help you to relieve, relax & evoke a great sense of happiness. The site is in close proximity to various civic utilities. Please contact us for more details. ",1,east,0,0,1,0,0,0,1,0,,,0,0,,0,0,,,,,,,,,,,,,,
Raj Nagar Extension,927.0,5300000.0,INR,1.0,1,0,"927 Square feet Plot for sale in Ghukna, Ghaziabad. This land has a dimension of 44.0 mt length 21.0 mt width. Price. This is a corner plot. The plot is North-East facing. There are 2 open sides for this plot. The width of the facing road is 30.0 mt. This residential land also has a boundary wall. The maximum floor allowed for construction on this plot is 3. The most popular landmarks near this plot are The American School, Ghaziabad, Natkhat Fast Food & Restaurant, and Makoons Pre-School",1,northeast,0,0,0,0,0,0,0,0,,,0,0,,0,0,,,,,,,,,,,,,,
Raj Nagar Extension,1080.0,5951000.0,INR,1.0,1,0,"GDA APPROVED GATED SOCIETY AT 100 FEET ROAD AT RAJ NAGAR EXTN., GHAZIABAD More About This Property 1080 Square feet Plot for sale in Ghukna, Ghaziabad. This land has a dimension of 50.0 mt length 22.0 mt width. Price. The width of the facing road is 30.0 mt. The maximum floor allowed for construction on this plot is 3. The most popular landmarks near this plot are The American School, Ghaziabad, Natkhat Fast Food & Restaurant, and Makoons Pre-School",1,,0,0,0,0,0,0,0,0,,,0,0,,0,0,,,,,,,,,,,,,,
Raj Nagar Extension,1125.0,6249000.0,INR,1.0,1,0,"GDA APPROVED GATED SOCIETY AT 100 FEET ROAD, IN RAJ NAGAR GHZIABAD More About This Property 1125 Square feet Plot for sale in Ghukna, Ghaziabad. This land has a dimension of 52.0 mt length 22.0 mt width. Price. The plot is North facing. The width of the facing road is 30.0 mt. The maximum floor allowed for construction on this plot is 3. The most popular landmarks near this plot are The American School, Ghaziabad, Natkhat Fast Food & Restaurant, and Makoons Pre-School",1,north,0,0,0,0,0,0,0,0,,,0,0,,0,0,,,,,,,,,,,,,,
Raj Nagar Extension,1080.0,6000000.0,INR,1.0,1,0,"This plot is available for sale and is located in the heart of Raj Nagar Extension. It has an area of 1080 sqft. The property is available at a price of Rs. 60.00 lac . Its entry is northeast facing. The time you'll spend here will become the greatest moment of your life that will also help you to relieve, relax & evoke a great sense of happiness. The site is in close proximity to various civic utilities. Please contact for more details. ",1,northeast,0,0,0,0,0,0,0,0,,,0,0,,0,0,,,,,,,,,,,,,,
Raj Nagar Extension,927.0,5200000.0,INR,1.0,1,0,"927 Square feet Plot for sale in Ghukna, Ghaziabad. This land has a dimension of 44.0 mt length 21.0 mt width. Price. The plot is North-East facing. There are 2 open sides for this plot. The width of the facing road is 30.0 mt. This residential land also has a boundary wall. The maximum floor allowed for construction on this plot is 3. The most popular landmarks near this plot are The American School, Ghaziabad, Natkhat Fast Food & Restaurant, and Makoons Pre-School",1,northeast,0,0,0,0,0,0,0,0,,,0,0,,0,0,,,,,,,,,,,,,,
Raj Nagar Extension,1075.0,6051000.0,INR,1.0,1,0,"1075 Square feet Plot for sale in Ghukna, Ghaziabad. This land has a dimension of 42.0 mt length 26.0 mt width. Price. This is a corner plot. The plot is East facing. There are 2 open sides for this plot. The width of the facing road is 30.0 mt. This residential land also has a boundary wall. The maximum floor allowed for construction on this plot is 5. The most popular landmarks near this plot are The American School, Ghaziabad, Natkhat Fast Food & Restaurant, and Makoons Pre-School",1,east,0,0,0,0,0,0,0,0,,,0,0,,0,0,,,,,,,,,,,,,,
Raj Nagar Extension,1080.0,6050000.0,INR,1.0,1,0,"1080 Square feet Plot for sale in Ghukna, Ghaziabad. This land has a dimension of 46.0 mt length 26.0 mt width. Price. This is a corner plot. The plot is North-East facing. There are 2 open sides for this plot. The width of the facing road is 30.0 mt. This residential land also has a boundary wall. The maximum floor allowed for construction on this plot is 3. The most popular landmarks near this plot are The American School, Ghaziabad, Natkhat Fast Food & Restaurant, and Makoons Pre-School",1,northeast,0,0,0,0,0,0,0,0,,,0,0,,0,0,,,,,,,,,,,,,,
Raj Nagar Extension,927.0,5198000.0,INR,1.0,1,0,"927 Square feet Plot for sale in Raj Nagar Extension, Ghaziabad. This land has a dimension of 44.0 mt length 21.0 mt width. Price. The plot is East facing. There are 2 open sides for this plot. The width of the facing road is 30.0 mt. This residential land also has a boundary wall. The maximum floor allowed for construction on this plot is 3. The most popular landmarks near this plot are Wah Ji Wah, Ganga Family Restaurant, and Geetanjali Dental Clinic",1,east,0,0,0,0,0,0,0,0,,,0,0,,0,0,,,,,,,,,,,,,,
Raj Nagar Extension,1080.0,5950000.0,INR,1.0,1,0,"1080 Square feet Plot for sale in Ghukna, Ghaziabad. This land has a dimension of 47.0 mt length 23.0 mt width. Price. The plot is North-East facing. There are 2 open sides for this plot. The width of the facing road is 30.0 mt. This residential land also has a boundary wall. The maximum floor allowed for construction on this plot is 4. The most popular landmarks near this plot are The American School, Ghaziabad, Natkhat Fast Food & Restaurant, and Makoons Pre-School",1,northeast,0,0,0,0,0,0,0,0,,,0,0,,0,0,,,,,,,,,,,,,,
Raj Nagar Extension,1125.0,6250000.0,INR,1.0,1,0,"1125 Square feet Plot for sale in Ghukna, Ghaziabad. This land has a dimension of 45.0 mt length 25.0 mt width. Price. The plot is North-East facing. There are 2 open sides for this plot. The width of the facing road is 30.0 mt. This residential land also has a boundary wall. The maximum floor allowed for construction on this plot is 5. The most popular landmarks near this plot are The American School, Ghaziabad, Natkhat Fast Food & Restaurant, and Makoons Pre-School",1,northeast,0,0,0,0,0,0,0,0,,,0,0,,0,0,,,,,,,,,,,,,,
Raj Nagar Extension,925.0,5127000.0,INR,1.0,1,0,"Geted society GDA approved ploting in rajnagar extension More About This Property 925 Square feet Plot for sale in Ghukna, Ghaziabad. This land has a dimension of 42.0 mt length 22.0 mt width. Price. The plot is North-East facing. There are 2 open sides for this plot. The width of the facing road is 30.0 mt. This residential land also has a boundary wall. The maximum floor allowed for construction on this plot is 5. The most popular landmarks near this plot are The American School, Ghaziabad, Natkhat Fast Food & Restaurant, and Makoons Pre-School",1,northeast,0,0,0,0,0,0,0,0,,,0,0,,0,0,,,,,,,,,,,,,,
Raj Nagar Extension,926.0,5021000.0,INR,1.0,1,0,"926 Square feet Plot for sale in Ghukna, Ghaziabad. This land has a dimension of 43.0 mt length 21.0 mt width. Price. The plot is North-East facing. There are 2 open sides for this plot. The width of the facing road is 30.0 mt. This residential land also has a boundary wall. The maximum floor allowed for construction on this plot is 5. The most popular landmarks near this plot are The American School, Ghaziabad, Natkhat Fast Food & Restaurant, and Makoons Pre-School",1,northeast,0,0,0,0,0,0,0,0,,,0,0,,0,0,,,,,,,,,,,,,,
Raj Nagar Extension,927.0,5235000.0,INR,1.0,1,0,"927 Square feet Plot for sale in Ghukna, Ghaziabad. This land has a dimension of 42.0 mt length 21.0 mt width. Price. The plot is North-East facing. There are 2 open sides for this plot. The width of the facing road is 30.0 mt. This residential land also has a boundary wall. The maximum floor allowed for construction on this plot is 5. The most popular landmarks near this plot are The American School, Ghaziabad, Natkhat Fast Food & Restaurant, and Makoons Pre-School",1,northeast,0,0,0,0,0,0,0,0,,,0,0,,0,0,,,,,,,,,,,,,,
Raj Nagar Extension,928.0,5225000.0,INR,1.0,1,0,"928 Square feet Plot for sale in Ghukna, Ghaziabad. This land has a dimension of 42.0 mt length 22.0 mt width. Price. The plot is North-East facing. There are 2 open sides for this plot. The width of the facing road is 30.0 mt. This residential land also has a boundary wall. The maximum floor allowed for construction on this plot is 3. The most popular landmarks near this plot are The American School, Ghaziabad, Natkhat Fast Food & Restaurant, and Makoons Pre-School",1,northeast,0,0,0,0,0,0,0,0,,,0,0,,0,0,,,,,,,,,,,,,,
Raj Nagar Extension,927.0,5175000.0,INR,1.0,1,0,"927 Square feet Plot for sale in Ghukna, Ghaziabad. This land has a dimension of 42.0 mt length 21.0 mt width. Price. The plot is North-East facing. There are 2 open sides for this plot. The width of the facing road is 30.0 mt. This residential land also has a boundary wall. The maximum floor allowed for construction on this plot is 5. The most popular landmarks near this plot are The American School, Ghaziabad, Natkhat Fast Food & Restaurant, and Makoons Pre-School",1,northeast,0,0,0,0,0,0,0,0,,,0,0,,0,0,,,,,,,,,,,,,,
Raj Nagar Extension,930.0,5400000.0,INR,1.0,1,0,"930 Square feet Plot for sale in Ghukna, Ghaziabad. This land has a dimension of 42.0 mt length 21.0 mt width. Price. The plot is North-East facing. There are 2 open sides for this plot. The width of the facing road is 30.0 mt. This residential land also has a boundary wall. The maximum floor allowed for construction on this plot is 5. The most popular landmarks near this plot are The American School, Ghaziabad, Natkhat Fast Food & Restaurant, and Makoons Pre-School",1,northeast,0,0,0,0,0,0,0,0,,,0,0,,0,0,,,,,,,,,,,,,,
Raj Nagar Extension,928.0,5155000.0,INR,1.0,1,0,"928 Square feet Plot for sale in Ghukna, Ghaziabad. This land has a dimension of 44.0 mt length 21.0 mt width. Price. The plot is North-West facing. There are 2 open sides for this plot. The width of the facing road is 30.0 mt. This residential land also has a boundary wall. The maximum floor allowed for construction on this plot is 3. The most popular landmarks near this plot are The American School, Ghaziabad, Natkhat Fast Food & Restaurant, and Makoons Pre-School",1,northwest,0,0,0,0,0,0,0,0,,,0,0,,0,0,,,,,,,,,,,,,,
Raj Nagar Extension,927.0,5149000.0,INR,1.0,1,0,"927 Square feet Plot for sale in Ghukna, Ghaziabad. This land has a dimension of 44.0 mt length 21.0 mt width. Price. The plot is North-East facing. There are 2 open sides for this plot. The width of the facing road is 30.0 mt. This residential land also has a boundary wall. The maximum floor allowed for construction on this plot is 3. The most popular landmarks near this plot are Aryan public school, MODERN NATIONAL PUBLIC SCHOOL, and Schiller Institute Senior Secondary School",1,northeast,0,0,0,0,0,0,0,0,,,0,0,,0,0,,,,,,,,,,,,,,
Raj Nagar Extension,927.0,5121000.0,INR,1.0,1,0,"927 Square feet Plot for sale in Ghukna, Ghaziabad. This land has a dimension of 44.0 mt length 21.0 mt width. Price. The plot is East facing. There are 2 open sides for this plot. The width of the facing road is 30.0 mt. This residential land also has a boundary wall. The maximum floor allowed for construction on this plot is 3. The most popular landmarks near this plot are The American School, Ghaziabad, Natkhat Fast Food & Restaurant, and Makoons Pre-School",1,east,0,0,0,0,0,0,0,0,,,0,0,,0,0,,,,,,,,,,,,,,
Raj Nagar Extension,925.0,5211000.0,INR,1.0,1,0,"925 Square feet Plot for sale in Ghukna, Ghaziabad. This land has a dimension of 44.0 mt length 21.0 mt width. Price. The plot is North-East facing. There are 2 open sides for this plot. The width of the facing road is 30.0 mt. This residential land also has a boundary wall. The maximum floor allowed for construction on this plot is 3. The most popular landmarks near this plot are The American School, Ghaziabad, Natkhat Fast Food & Restaurant, and Makoons Pre-School",1,northeast,0,0,0,0,0,0,0,0,,,0,0,,0,0,,,,,,,,,,,,,,
Raj Nagar Extension,927.0,5353000.0,INR,1.0,1,0,"927 Square feet Plot for sale in Ghukna, Ghaziabad. This land has a dimension of 44.0 mt length 21.0 mt width. Price. The plot is North-East facing. There are 2 open sides for this plot. The width of the facing road is 30.0 mt. This residential land also has a boundary wall. The maximum floor allowed for construction on this plot is 3. The most popular landmarks near this plot are The Chef's Kitchen, AAWISHKAR THE SCHOOL, and Primary school noornagar, ghaziabad",1,northeast,0,0,0,0,0,0,0,0,,,0,0,,0,0,,,,,,,,,,,,,,
Raj Nagar Extension,1080.0,6231000.0,INR,1.0,1,0,"1080 Square feet Plot for sale in Ghukna, Ghaziabad. This land has a dimension of 45.0 mt length 24.0 mt width. Price. The plot is North-East facing. There are 2 open sides for this plot. The width of the facing road is 30.0 mt. This residential land also has a boundary wall. The maximum floor allowed for construction on this plot is 3. The most popular landmarks near this plot are The American School, Ghaziabad, Natkhat Fast Food & Restaurant, and Makoons Pre-School",1,northeast,0,0,0,0,0,0,0,0,,,0,0,,0,0,,,,,,,,,,,,,,
Raj Nagar Extension,1080.0,6175000.0,INR,1.0,1,0,"GDA approved ploting in rajnagar extension geted society light and road complete More About This Property 1080 Square feet Plot for sale in Ghukna, Ghaziabad. This land has a dimension of 45.0 mt length 24.0 mt width. Price. The plot is North-West facing. There are 2 open sides for this plot. The width of the facing road is 30.0 mt. This residential land also has a boundary wall. The maximum floor allowed for construction on this plot is 3. The most popular landmarks near this plot are The American School, Ghaziabad, Natkhat Fast Food & Restaurant, and Makoons Pre-School",1,northwest,0,0,0,0,0,0,0,0,,,0,0,,0,0,,,,,,,,,,,,,,
Raj Nagar Extension,1080.0,5985000.0,INR,1.0,1,0,"1080 Square feet Plot for sale in Ghukna, Ghaziabad. This land has a dimension of 45.0 mt length 24.0 mt width. Price. The plot is North-West facing. There are 2 open sides for this plot. The width of the facing road is 30.0 mt. This residential land also has a boundary wall. The maximum floor allowed for construction on this plot is 3. The most popular landmarks near this plot are The American School, Ghaziabad, Natkhat Fast Food & Restaurant, and Makoons Pre-School",1,northwest,0,0,0,0,0,0,0,0,,,0,0,,0,0,,,,,,,,,,,,,,
Raj Nagar Extension,1125.0,6240000.0,INR,1.0,1,0,"1125 Square feet Plot for sale in Ghukna, Ghaziabad. This land has a dimension of 45.0 mt length 25.0 mt width. Price. The plot is North-East facing. There are 2 open sides for this plot. The width of the facing road is 30.0 mt. This residential land also has a boundary wall. The maximum floor allowed for construction on this plot is 3. The most popular landmarks near this plot are The American School, Ghaziabad, Natkhat Fast Food & Restaurant, and Makoons Pre-School",1,northeast,0,0,0,0,0,0,0,0,,,0,0,,0,0,,,,,,,,,,,,,,
Raj Nagar Extension,930.0,5095000.0,INR,1.0,1,0,"930 Square feet Plot for sale in Ghukna, Ghaziabad. This land has a dimension of 44.0 mt length 21.0 mt width. Price. The plot is North-East facing. There are 2 open sides for this plot. The width of the facing road is 30.0 mt. This residential land also has a boundary wall. The maximum floor allowed for construction on this plot is 3. The most popular landmarks near this plot are The Chef's Kitchen, AAWISHKAR THE SCHOOL, and Primary school noornagar, ghaziabad",1,northeast,0,0,0,0,0,0,0,0,,,0,0,,0,0,,,,,,,,,,,,,,
Raj Nagar Extension,1081.0,6300000.0,INR,1.0,1,0,"1081 Square feet Plot for sale in Ghukna, Ghaziabad. This land has a dimension of 45.0 mt length 24.0 mt width. Price. The plot is North-East facing. There are 2 open sides for this plot. The width of the facing road is 30.0 mt. This residential land also has a boundary wall. The maximum floor allowed for construction on this plot is 5. The most popular landmarks near this plot are The American School, Ghaziabad, Natkhat Fast Food & Restaurant, and Makoons Pre-School",1,northeast,0,0,0,0,0,0,0,0,,,0,0,,0,0,,,,,,,,,,,,,,
Raj Nagar Extension,1125.0,6251000.0,INR,0.0,1,0,"A plot is available for sale in Raj Nagar Extension, Ghaziabad. It has an area of 1125 sqft. The property is available at a price of Rs. 62.51 lac . Its entry is east facing. The time you'll spend here will become the greatest moment of your life that will also help you to relieve, relax & evoke a great sense of happiness. The site is in close proximity to various civic utilities. ",1,east,0,0,0,0,0,0,0,0,,,0,0,,0,0,,,,,,,,,,,,,,
Raj Nagar Extension,1125.0,6230000.0,INR,0.0,1,0,"A plot is available at a prime location in Raj Nagar Extension. It has an area of 1125 sqft and is priced at Rs. 62.30 lac . The time you'll spend here will become the greatest moment of your life that will also help you to relieve, relax & evoke a great sense of happiness. The society is well connected by different modes of transportation. Please contact us for more details. ",1,north,0,0,0,0,0,0,0,0,,,0,0,,0,0,,,,,,,,,,,,,,
Raj Nagar Extension,927.0,5151000.0,INR,1.0,1,0,"This plot is situated in Raj Nagar Extension. It has an area of 927 sqft. The property is available at a price of Rs. 51.51 lac . Its entry is east facing. The time you'll spend here will become the greatest moment of your life that will also help you to relieve, relax & evoke a great sense of happiness. The society is well connected by different modes of transportation. Please contact us for more details. ",1,east,0,0,0,0,0,0,0,0,,,0,0,,0,0,,,,,,,,,,,,,,
Raj Nagar Extension,1125.0,6350000.0,INR,1.0,1,0,"A plot is available at a prime location in Raj Nagar Extension. It has a salable area of 1125 sqft and is available at a price of Rs. 5,644 per sqft. Its entry is northeast facing. The time you'll spend here will become the greatest moment of your life that will also help you to relieve, relax & evoke a great sense of happiness. It is well connected to the city areas. Please contact for more details. ",1,northeast,0,0,0,0,0,0,0,0,,,0,0,,0,0,,,,,,,,,,,,,,
Raj Nagar Extension,1125.0,6225000.0,INR,0.0,1,0,"GDA Approved gated society at 100 feet road in Raj nagar Extn., Ghaziabad More About This Property 125 Square yard Plot for sale in Ghukna, Ghaziabad. This land has a dimension of 14.0 mt length 9.0 mt width. Price. The plot is East facing. The width of the facing road is 10.0 mt. The maximum floor allowed for construction on this plot is 3. The most popular landmarks near this plot are The American School, Ghaziabad, Natkhat Fast Food & Restaurant, and Makoons Pre-School",1,east,0,0,0,0,0,0,0,0,,,0,0,,0,0,,,,,,,,,,,,,,
Raj Nagar Extension,1125.0,6235000.0,INR,0.0,1,0,"GDA APPROVED GATED SOCIETY AT 100 FEET ROAD AT RAJ NAGAR EXTN GHAZIABAD More About This Property 125 Square yard Plot for sale in Ghukna, Ghaziabad. This land has a dimension of 14.0 mt length 9.0 mt width. Price. The plot is North facing. The width of the facing road is 10.0 mt. The maximum floor allowed for construction on this plot is 3. The most popular landmarks near this plot are The American School, Ghaziabad, Natkhat Fast Food & Restaurant, and Makoons Pre-School",1,north,0,0,0,0,0,0,0,0,,,0,0,,0,0,,,,,,,,,,,,,,
Raj Nagar Extension,1125.0,6241000.0,INR,0.0,1,0,"GDA approved Gated Society, Raj Nagar Extn. at 100 feet Road More About This Property 125 Square yard Plot for sale in Ghukna, Ghaziabad. This land has a dimension of 14.0 mt length 9.0 mt width. Price. This is a corner plot. The plot is North facing. The width of the facing road is 10.0 mt. The most popular landmarks near this plot are The American School, Ghaziabad, Natkhat Fast Food & Restaurant, and Makoons Pre-School",1,north,0,0,0,0,0,0,0,0,,,0,0,,0,0,,,,,,,,,,,,,,
Raj Nagar Extension,900.0,1450000.0,INR,1.0,1,0,"900 Square feet Plot for sale in Ghukna, Ghaziabad. This land has a dimension of 43.0 mt length 21.0 mt width. Price. The plot is North-East facing. There are 1 open sides for this plot. The width of the facing road is 20.0 mt. This residential land also has a boundary wall. The maximum floor allowed for construction on this plot is 3. The most popular landmarks near this plot are The American School, Ghaziabad, Natkhat Fast Food & Restaurant, and Makoons Pre-School",1,northeast,0,0,0,0,0,0,0,0,,,0,0,,0,0,,,,,,,,,,,,,,
Raj Nagar Extension,1125.0,6211000.0,INR,0.0,1,0,"125 Square yard Plot for sale in Ghukna, Ghaziabad. This land has a dimension of 14.0 mt length 9.0 mt width. Price. The plot is North-East facing. There are 2 open sides for this plot. The width of the facing road is 30.0 mt. This residential land also has a boundary wall. The maximum floor allowed for construction on this plot is 3. The most popular landmarks near this plot are The American School, Ghaziabad, Natkhat Fast Food & Restaurant, and Makoons Pre-School",1,northeast,0,0,0,0,0,0,0,0,,,0,0,,0,0,,,,,,,,,,,,,,
Raj Nagar Extension,927.0,5151000.0,INR,1.0,1,0,"103 Square yard Plot for sale in Ghukna, Ghaziabad. This land has a dimension of 13.0 mt length 8.0 mt width. Price. The plot is North-East facing. There are 2 open sides for this plot. The width of the facing road is 30.0 mt. This residential land also has a boundary wall. The maximum floor allowed for construction on this plot is 3. The most popular landmarks near this plot are The American School, Ghaziabad, Natkhat Fast Food & Restaurant, and Makoons Pre-School",1,northeast,0,0,0,0,0,0,0,0,,,0,0,,0,0,,,,,,,,,,,,,,
Raj Nagar Extension,1080.0,6600000.0,INR,1.0,1,0,"A plot property is available for sale in Raj Nagar Extension, Ghaziabad. It has an area of 1080 sqft. The property is available at a price of Rs. 66.00 lac . The time you'll spend here will become the greatest moment of your life that will also help you to relieve, relax & evoke a great sense of happiness. The society is well connected by different modes of transportation. Please contact for more details. ",1,northeast,0,0,0,0,0,0,0,0,,,0,0,,0,0,,,,,,,,,,,,,,
Raj Nagar Extension,927.0,5655000.0,INR,1.0,1,0,"It has an area of 927 sqft and is priced at Rs. 56.55 lac . It is east facing property. The time you'll spend here will become the greatest moment of your life that will also help you to relieve, relax & evoke a great sense of happiness. It is situated in the proximity of all the important facilities. Contact us for more details. ",1,east,0,0,0,0,0,0,0,0,,,0,0,,0,0,,,,,,,,,,,,,,
Raj Nagar Extension,927.0,5550000.0,INR,1.0,1,0,"A plot property is available for sale in Raj Nagar Extension, Ghaziabad. It has an area of 927 sqft. The property is available at a price of Rs. 55.50 lac . The time you'll spend here will become the greatest moment of your life that will also help you to relieve, relax & evoke a great sense of happiness. The site is in close proximity to various civic utilities. Kindly call us for details. ",1,northeast,0,0,0,0,0,0,0,0,,,0,0,,0,0,,,,,,,,,,,,,,
12 Greater Noida West Link Road,300.0,4500000.0,INR,,1,1,"This plot is available for sale and is located in the heart of 12 Greater Noida West Link Road. It has an area of 300 sqft. The property is available at a price of Rs. 45.00 lac (negotiable). The time you'll spend here will become the greatest moment of your life that will also help you to relieve, relax & evoke a great sense of happiness. The site is in close proximity to various civic utilities. Kindly call us for details. ",1,,0,0,0,0,0,0,0,0,,,0,0,,0,0,,,,,,,,,,,,,,
Crossing Republik,2025.0,9450000.0,INR,,0,0,"A plot is available for sale in Ansal API Aquapolis, Crossing Republik, Ghaziabad. The amenities include club house, sports facility, indoor games, hospital, staff quarter, gymnasium, power backup, rain water harvesting, lift available and car parking. Its entry is southwest facing. The time you'll spend here will become the greatest moment of your life that will also help you to relieve, relax & evoke a great sense of happiness. Kindly call us for details. ",1,southwest,0,0,1,1,1,1,1,0,1.0,1.0,1,1,1.0,1,1,,8.8,55.0,1.0,1.0,1.0,1.0,1.0,,1.0,,1.0,1.0,
Crossing Republik,1638.0,7644000.0,INR,,0,0,"A plot is available at a prime location in Ansal API Aquapolis. It has an area of 1638 sqft and is priced at Rs. 76.44 lac . The amenities include cctv, car parking, intercom, children's play area, staff quarter, reserved parking, gymnasium, swimming pool, service lift and 24 x 7 security. The time you'll spend here will become the greatest moment of your life that will also help you to relieve, relax & evoke a great sense of happiness. The site is in close proximity to various civic utilities. Contact us for more details. ",1,northeast,0,0,1,1,1,1,1,0,1.0,1.0,1,1,1.0,1,1,,8.8,55.0,1.0,1.0,1.0,1.0,1.0,,1.0,,1.0,1.0,
Dasna,630.0,1120000.0,INR,1.0,1,0,"Plots are available for sale in Dasna, Ghaziabad. It has an area of 630 sqft and is priced at Rs. 11.20 lac . It is facing northeast direction. The property is available on freehold. The time you'll spend here will become the greatest moment of your life that will also help you to relieve, relax & evoke a great sense of happiness. Kindly call us for details.",1,northeast,0,0,0,0,0,0,0,0,,,0,0,,0,0,7.2,,,,,,,,,,,,,
SHAKTI KHAND 4,1250.0,15500000.0,INR,1.0,0,1,"This plot is situated in SHAKTI KHAND 4, Ghaziabad. It has an area of 1250 sqft and is priced at Rs. 1.55 cr (negotiable). It is east facing property. The property is available on freehold. The time you'll spend here will become the greatest moment of your life that will also help you to relieve, relax & evoke a great sense of happiness. It is situated in the proximity of all the important facilities. Contact us for more details. ",1,east,0,25,0,1,0,0,0,0,1.0,1.0,0,1,1.0,1,1,,,,,1.0,,1.0,1.0,,1.0,,,1.0,
Govindpuram,450.0,600000.0,INR,1.0,1,0,"Residential Plot available for sale in Eastern Peripheral Expressway On Nh-24, Govindpuram, Ghaziabad. Available amenities are: Gym, Garden. Plot has 450 square_feet area It is 1 years old. Property is inside a gated community.",1,north,0,0,1,0,0,0,0,0,,,0,0,,0,0,,,,,,,,,,,,,,
N T P C Dadri Road,200.0,5000000.0,INR,,1,1,"This plot is situated in N T P C Dadri Road. It has an area of 200 sqft and is priced at Rs. 50.00 lac (negotiable). The time you'll spend here will become the greatest moment of your life that will also help you to relieve, relax & evoke a great sense of happiness. The society is well connected by different modes of transportation. Kindly call us for details. ",1,,0,0,0,0,0,0,0,0,,,0,0,,0,0,,,,,,,,,,,,,,
"GYAN KHAND - 1, INDIRAPURAM",1216.0,16500000.0,INR,1.0,0,1,"A plot property is available for sale in GYAN KHAND - 1, INDIRAPURAM, Ghaziabad. It has an area of 1216 sqft and is priced at Rs. 1.65 cr (negotiable). One of the major USPs of the property is that it is a road facing property. The property is available on freehold. The time you'll spend here will become the greatest moment of your life that will also help you to relieve, relax & evoke a great sense of happiness. Please contact us for more details. ",1,west,0,25,0,0,0,0,0,0,,,0,0,,0,0,,,,,,,,,,,,,,
Ghaziabad,500.0,4000000.0,INR,,1,1,"This plot is situated in Ghaziabad. It has an area of 500 sqft and is priced at Rs. 40.00 lac (negotiable). The time you'll spend here will become the greatest moment of your life that will also help you to relieve, relax & evoke a great sense of happiness. It is well connected to the city areas. Please contact for more details. ",1,,0,0,0,0,0,0,0,0,,,0,0,,0,0,,,,,,,,,,,,,,
Raj Nagar Extension,927.0,5148000.0,INR,1.0,1,0,"A plot property is available for sale in Raj Nagar Extension, Ghaziabad. It has a salable area of 927 sqft and is available at a price of Rs. 5,553 per sqft. It is facing northeast direction. The time you'll spend here will become the greatest moment of your life that will also help you to relieve, relax & evoke a great sense of happiness. The site is in close proximity to various civic utilities. Please contact us for more details. ",1,northeast,0,0,0,0,0,0,0,0,,,0,0,,0,0,,,,,,,,,,,,,,
Niti Khand,3434.0,60000000.0,INR,,0,1,"Niti Khand, Ghaziabad, 319 sqmtr residential plot available for sale, in main location of indirapuram. Construction allowed ground floor to 3rd floor. In front of 80foota road.
All amenities like, school, hospitals, banks, atms, malls, institutional centers, on walking distance.",1,east,0,0,0,0,0,0,0,0,,,0,0,1.0,1,1,,,,,,,,,,,,,,
Niti Khand,2368.0,30000000.0,INR,,0,1,"A plot is available at a prime location in SVP Group Park View I. It has an area of 2368 sqft and is priced at Rs. 3.00 cr (negotiable). It is east facing property. The time you'll spend here will become the greatest moment of your life that will also help you to relieve, relax & evoke a great sense of happiness. The society is well connected by different modes of transportation. Kindly call us for details. ",1,east,0,0,1,0,1,1,1,0,1.0,,1,0,1.0,1,1,9.3,8.5,23.0,,,,,,,1.0,,1.0,,
Niti Khand II,4090.0,72500000.0,INR,1.0,0,1,"It has an area of 4090 sqft. The property is available at a price of Rs. 7.25 cr (negotiable). It is a road facing property. The property is available on freehold. The time you'll spend here will become the greatest moment of your life that will also help you to relieve, relax & evoke a great sense of happiness. It is situated in the proximity of all the important facilities. If you are interested, please contact us for more details. ",1,west,0,14,0,0,0,0,0,0,,,0,0,,0,0,,,,,,,,,,,,,,
Siddhartha Vihar,900.0,1210000.0,INR,1.0,1,0,"This plot is situated in Siddhartha Vihar. It is facing north direction. The time you'll spend here will become the greatest moment of your life that will also help you to relieve, relax & evoke a great sense of happiness. The society is well connected by different modes of transportation. Please contact for more details. ",1,north,0,3,1,0,0,0,0,0,,,0,0,,0,0,,,,,,,,,,,,,,
Dasna,2152.0,10039080.0,INR,0.0,1,0,"A plot property is available for sale in Aditya Builders Pune World City, Dasna, Ghaziabad. It has an area of 2152 sqft. The property is available at a price of Rs. 1.00 cr . The amenities include children's play area, power backup, community hall, sewage treatment plant, indoor games, service lift, cycling & jogging track, multipurpose room, 24x7_water_supply and shopping mall. The time you'll spend here will become the greatest moment of your life that will also help you to relieve, relax & evoke a great sense of happiness. The society is well connected by different modes of transportation. Kindly call us for details. ",1,,0,0,1,1,1,1,1,1,1.0,1.0,1,1,1.0,1,1,7.2,,43.0,1.0,1.0,1.0,1.0,1.0,1.0,1.0,,,,
Dasna,1197.0,5584005.0,INR,0.0,1,0,"A plot is available for sale in Aditya Builders Pune World City, Dasna, Ghaziabad. It has an area of 1197 sqft. The property is available at a price of Rs. 55.84 lac . It has multipurpose room as well as atm. The project also has sports facility, landscaped gardens, 24 x 7 security, landscape garden and tree planting, conference room, cycling & jogging track, lift available and visitor parking. The time you'll spend here will become the greatest moment of your life that will also help you to relieve, relax & evoke a great sense of happiness. Contact us for more details. ",1,,0,0,1,1,1,1,1,1,1.0,1.0,1,1,1.0,1,1,7.2,,43.0,1.0,1.0,1.0,1.0,1.0,1.0,1.0,,,,
Dasna,1377.0,4436694.0,INR,1.0,1,0,"This plot is available for sale and is located in Aditya GZB Park Town, one of the most prestigious projects of Dasna. It has an area of 1377 sqft and is priced at Rs. 44.37 lac . It has recreation facilities as well as landscape garden and tree planting. The project also has rain water harvesting, maintenance staff, 24 x 7 security, jogging track, storm water drains, gated community, power backup and sewage treatment plant. The time you'll spend here will become the greatest moment of your life that will also help you to relieve, relax & evoke a great sense of happiness. Contact us for more details. ",1,,0,3,0,0,0,0,0,0,1.0,1.0,1,0,,1,1,7.2,8.3,43.0,,,,,,,,,,,
Dasna,1205.0,3882510.0,INR,1.0,1,0,"A plot property is available for sale in Aditya GZB Park Town, Dasna, Ghaziabad. It has sewage treatment plant as well as gated community. The project also has power backup, recreation facilities, landscape garden and tree planting, 24 x 7 security, maintenance staff, storm water drains, access controlled entry and exit and jogging track. The time you'll spend here will become the greatest moment of your life that will also help you to relieve, relax & evoke a great sense of happiness. It is well connected to the city areas. Kindly call us for details. ",1,,0,3,0,0,0,0,0,0,1.0,1.0,1,0,,1,1,7.2,8.3,43.0,,,,,,,,,,,
Dasna,1550.0,4994100.0,INR,1.0,1,0,"It has an area of 1550 sqft. The property is available at a price of Rs. 49.94 lac . The amenities include maintenance staff, landscape garden and tree planting, rain water harvesting, recreation facilities, sewage treatment plant, 24 x 7 security, storm water drains, power backup, gated community and jogging track. The time you'll spend here will become the greatest moment of your life that will also help you to relieve, relax & evoke a great sense of happiness. It is well connected to the city areas. Please contact for more details. ",1,,0,3,0,0,0,0,0,0,1.0,1.0,1,0,,1,1,7.2,8.3,43.0,,,,,,,,,,,
Dasna,1459.0,4700898.0,INR,1.0,1,0,"A plot is available for sale in Aditya GZB Park Town, Dasna, Ghaziabad. It has an area of 1459 sqft and is priced at Rs. 47.01 lac . It has power backup as well as maintenance staff. The project also has 24 x 7 security, sewage treatment plant, rain water harvesting, access controlled entry and exit, landscape garden and tree planting, recreation facilities, storm water drains and gated community. The time you'll spend here will become the greatest moment of your life that will also help you to relieve, relax & evoke a great sense of happiness. Please contact for more details. ",1,,0,3,0,0,0,0,0,0,1.0,1.0,1,0,,1,1,7.2,8.3,43.0,,,,,,,,,,,
Dasna,1295.0,4172490.0,INR,1.0,1,0,"A plot is available for sale in Aditya GZB Park Town, Dasna, Ghaziabad. It has a salable area of 1295 sqft and is available at a price of Rs. 3,222 per sqft. The amenities include 24 x 7 security, storm water drains, jogging track, rain water harvesting, landscape garden and tree planting, access controlled entry and exit, recreation facilities, gated community, power backup and sewage treatment plant. The time you'll spend here will become the greatest moment of your life that will also help you to relieve, relax & evoke a great sense of happiness. It is well connected to the city areas. Please contact for more details. ",1,,0,3,0,0,0,0,0,0,1.0,1.0,1,0,,1,1,7.2,8.3,43.0,,,,,,,,,,,
Dasna,1356.0,4369032.0,INR,1.0,1,0,"A plot is available for sale in Aditya GZB Park Town, Dasna, Ghaziabad. It has a salable area of 1356 sqft and is available at a price of Rs. 3,222 per sqft. The amenities include sewage treatment plant, landscape garden and tree planting, power backup, gated community, rain water harvesting, 24 x 7 security, maintenance staff, storm water drains, recreation facilities and access controlled entry and exit. The society is well connected by different modes of transportation. Kindly call us for details. ",1,,0,3,0,0,0,0,0,0,1.0,1.0,1,0,,1,1,7.2,8.3,43.0,,,,,,,,,,,
Dasna,2340.0,7539480.0,INR,1.0,1,0,"This plot is situated in Aditya GZB Park Town, Dasna. It has an area of 2340 sqft and is priced at Rs. 75.39 lac . It has recreation facilities as well as access controlled entry and exit. The project also has power backup, storm water drains, landscape garden and tree planting, maintenance staff, sewage treatment plant, jogging track, gated community and 24 x 7 security. The time you'll spend here will become the greatest moment of your life that will also help you to relieve, relax & evoke a great sense of happiness. The society is well connected by different modes of transportation. If you are interested, please contact us for more details. ",1,,0,3,0,0,0,0,0,0,1.0,1.0,1,0,,1,1,7.2,8.3,43.0,,,,,,,,,,,
Dasna,1898.0,6115356.0,INR,1.0,1,0,"A plot is available at a prime location in Aditya GZB Park Town. It has an area of 1898 sqft and is priced at Rs. 61.15 lac . It has recreation facilities as well as sewage treatment plant. The project also has gated community, storm water drains, landscape garden and tree planting, maintenance staff, access controlled entry and exit, jogging track, power backup and rain water harvesting. The time you'll spend here will become the greatest moment of your life that will also help you to relieve, relax & evoke a great sense of happiness. It is situated in the proximity of all the important facilities. Kindly call us for details. ",1,,0,3,0,0,0,0,0,0,1.0,1.0,1,0,,1,1,7.2,8.3,43.0,,,,,,,,,,,
Dasna,1431.0,4610682.0,INR,1.0,1,0,"A plot property is available for sale in Aditya GZB Park Town, Dasna, Ghaziabad. It has an area of 1431 sqft and is priced at Rs. 46.11 lac . It has access controlled entry and exit as well as gated community. The project also has landscape garden and tree planting, rain water harvesting, sewage treatment plant, maintenance staff, 24 x 7 security, storm water drains, power backup and jogging track. The time you'll spend here will become the greatest moment of your life that will also help you to relieve, relax & evoke a great sense of happiness. The site is in close proximity to various civic utilities. If you are interested, please contact us for more details. ",1,,0,3,0,0,0,0,0,0,1.0,1.0,1,0,,1,1,7.2,8.3,43.0,,,,,,,,,,,
Lal Kuan,540.0,750000.0,INR,,0,1,"This plot is available for sale and is located in Royal shape infratech Highway Homes, one of the most prestigious projects of Lal Kuan. It has a salable area of 540 sqft and is available at a price of Rs. 1,388 per sqft. Its entry is east facing. The time you'll spend here will become the greatest moment of your life that will also help you to relieve, relax & evoke a great sense of happiness. Kindly call us for details. ",1,east,0,0,0,0,0,0,0,0,,,0,0,1.0,1,1,,,,,1.0,,1.0,1.0,,1.0,,,1.0,
Lal Kuan,495.0,687000.0,INR,,0,1,"This plot is available for sale and is located in Satayam Sivam Sundram Royal City, one of the most prestigious projects of Lal Kuan. It has an area of 495 sqft and is priced at Rs. 6.87 lac (negotiable). It is east facing property. The time you'll spend here will become the greatest moment of your life that will also help you to relieve, relax & evoke a great sense of happiness. The society is well connected by different modes of transportation. Please contact us for more details. ",1,east,0,0,0,1,0,0,0,0,,,0,0,1.0,1,1,7.4,,2022.0,,1.0,,1.0,1.0,,1.0,,,1.0,
Lal Kuan,450.0,625000.0,INR,,0,1,"A plot property is available for sale in Lal Kuan, Ghaziabad. It has a salable area of 450 sqft and is available at a price of Rs. 1,388 per sqft. It is east facing property. The time you'll spend here will become the greatest moment of your life that will also help you to relieve, relax & evoke a great sense of happiness. It is situated in the proximity of all the important facilities. Contact us for more details. ",1,east,0,0,1,0,0,0,0,0,,,1,0,1.0,1,1,,,,,1.0,,1.0,1.0,,1.0,,,1.0,
Lal Kuan,630.0,875000.0,INR,,0,1,"A plot is available at a prime location in Royal shape infratech Highway Homes. It has a salable area of 630 sqft and is available at a price of Rs. 1,388 per sqft. Its entry is east facing. The society is well connected by different modes of transportation. Contact us for more details. ",1,east,0,0,0,0,0,0,0,0,,1.0,1,1,1.0,1,1,,,,1.0,1.0,,1.0,1.0,1.0,1.0,,1.0,1.0,1.0
Lal Kuan,540.0,1989900.0,INR,1.0,1,0,"A plot is available at a prime location in Sundaram Construction SHRI NATH JI HOMES. It has an area of 540 sqft. The property is available at a price of Rs. 19.90 lac . The time you'll spend here will become the greatest moment of your life that will also help you to relieve, relax & evoke a great sense of happiness. It is well connected to the city areas. Please contact us for more details. ",1,,0,1,0,0,0,0,0,0,,,0,0,,0,0,7.4,,,,,,,,,,,,,
Lal Kuan,369.0,1360134.0,INR,1.0,1,0,"This plot is situated in Sundaram Construction SHRI NATH JI HOMES, Lal Kuan. It has an area of 369 sqft. The property is available at a price of Rs. 13.60 lac . The time you'll spend here will become the greatest moment of your life that will also help you to relieve, relax & evoke a great sense of happiness. The society is well connected by different modes of transportation. Please contact us for more details. ",1,,0,1,0,0,0,0,0,0,,,0,0,,0,0,7.4,,,,,,,,,,,,,
Lal Kuan,450.0,1660050.0,INR,1.0,1,0,"This plot is situated in Sundaram Construction SHRI NATH JI HOMES, Lal Kuan. It has an area of 450 sqft. The property is available at a price of Rs. 16.60 lac . The time you'll spend here will become the greatest moment of your life that will also help you to relieve, relax & evoke a great sense of happiness. The site is in close proximity to various civic utilities. Kindly call us for details. ",1,,0,1,0,0,0,0,0,0,,,0,0,,0,0,7.4,,,,,,,,,,,,,
Lal Kuan,495.0,1830015.0,INR,1.0,1,0,"This plot is situated in Sundaram Construction SHRI NATH JI HOMES, Lal Kuan. It has an area of 495 sqft and is priced at Rs. 18.30 lac . The time you'll spend here will become the greatest moment of your life that will also help you to relieve, relax & evoke a great sense of happiness. The society is well connected by different modes of transportation. Contact us for more details. ",1,,0,1,0,0,0,0,0,0,,,0,0,,0,0,7.4,,,,,,,,,,,,,
Raj Nagar Extension,927.0,5010000.0,INR,1.0,1,0,"927 Square feet Plot for sale in Ghukna, Ghaziabad. This land has a dimension of 44.0 mt length 21.0 mt width. Price. The plot is North-East facing. There are 2 open sides for this plot. The width of the facing road is 30.0 mt. This residential land also has a boundary wall. The maximum floor allowed for construction on this plot is 3. The most popular landmarks near this plot are Shaheed Memorial Vidya Kendra Jhs, Shaheed Memorial Public School, and Swerojgar Prashikshan Kendra",1,northeast,0,0,0,0,0,0,0,0,,,0,0,,0,0,,,,,,,,,,,,,,
Lal Kuan,540.0,2063880.0,INR,1.0,1,0,"A plot property is available for sale in ADV Realtors AR Residency, Lal Kuan, Ghaziabad. It has a salable area of 540 sqft and is available at a price of Rs. 3,822 per sqft. It has temple as well as cctv. The project also has gated community, 24x7 water supply, landscape garden and tree planting and 24 x 7 security. The time you'll spend here will become the greatest moment of your life that will also help you to relieve, relax & evoke a great sense of happiness. The site is in close proximity to various civic utilities. If you are interested, please contact us for more details. ",1,,0,0,0,0,0,0,0,0,,,0,0,,1,0,7.4,,,,,,,,,,,,,
Lal Kuan,900.0,3439800.0,INR,1.0,1,0,"A plot is available at a prime location in ADV Realtors AR Residency. It has an area of 900 sqft and is priced at Rs. 34.40 lac . The amenities include 24x7 water supply, landscape garden and tree planting, gated community, temple, cctv and 24 x 7 security. The time you'll spend here will become the greatest moment of your life that will also help you to relieve, relax & evoke a great sense of happiness. The site is in close proximity to various civic utilities. Kindly call us for details. ",1,,0,0,0,0,0,0,0,0,,,0,0,,1,0,7.4,,,,,,,,,,,,,
Lal Kuan,720.0,2751840.0,INR,1.0,1,0,"A plot is available for sale in ADV Realtors AR Residency, Lal Kuan, Ghaziabad. It has an area of 720 sqft. The property is available at a price of Rs. 27.52 lac . The amenities include 24x7 water supply, cctv, temple, gated community, 24 x 7 security and landscape garden and tree planting. It is well connected to the city areas. If you are interested, please contact us for more details. ",1,,0,0,0,0,0,0,0,0,,,0,0,,1,0,7.4,,,,,,,,,,,,,
Lal Kuan,630.0,2407860.0,INR,1.0,1,0,"A plot property is available for sale in ADV Realtors AR Residency, Lal Kuan, Ghaziabad. It has a salable area of 630 sqft and is available at a price of Rs. 3,822 per sqft. The time you'll spend here will become the greatest moment of your life that will also help you to relieve, relax & evoke a great sense of happiness. It is situated in the proximity of all the important facilities. Please contact us for more details. ",1,,0,0,0,0,0,0,0,0,,,0,0,,1,0,7.4,,,,,,,,,,,,,
Lal Kuan,810.0,3095820.0,INR,1.0,1,0,"This plot is available for sale and is located in ADV Realtors AR Residency, one of the most prestigious projects of Lal Kuan. It has a salable area of 810 sqft and is available at a price of Rs. 3,822 per sqft. The amenities include temple, cctv, 24 x 7 security, landscape garden and tree planting, 24x7 water supply and gated community. The time you'll spend here will become the greatest moment of your life that will also help you to relieve, relax & evoke a great sense of happiness. The site is in close proximity to various civic utilities. Please contact for more details. ",1,,0,0,0,0,0,0,0,0,,,0,0,,1,0,7.4,,,,,,,,,,,,,
Raj Nagar Extension,1080.0,6059000.0,INR,1.0,1,0,"This plot is situated in Raj Nagar Extension, Ghaziabad. It has an area of 1080 sqft. The property is available at a price of Rs. 60.59 lac . Its entry is northeast facing. The time you'll spend here will become the greatest moment of your life that will also help you to relieve, relax & evoke a great sense of happiness. Kindly call us for details. ",1,northeast,0,0,0,0,0,0,0,0,,,0,0,,0,0,,,,,,,,,,,,,,
Raj Nagar Extension,558.0,550000.0,INR,,1,0,"A plot is available at a prime location in Raj Nagar Extension. It has a salable area of 558 sqft and is available at a price of Rs. 985 per sqft. Its entry is west facing. The time you'll spend here will become the greatest moment of your life that will also help you to relieve, relax & evoke a great sense of happiness. The site is in close proximity to various civic utilities. Kindly call us for details. ",1,west,0,0,0,1,0,0,1,0,,,1,0,,1,0,,,,1.0,,,,,,1.0,,,,
Raj Nagar Extension,558.0,500000.0,INR,,1,0,"A plot is available at a prime location in Raj Nagar Extension. It has a salable area of 558 sqft and is available at a price of Rs. 896 per sqft. Its entry is northeast facing. The time you'll spend here will become the greatest moment of your life that will also help you to relieve, relax & evoke a great sense of happiness. Please contact us for more details. ",1,northeast,0,0,0,1,0,0,1,0,,,1,1,,1,0,,,,1.0,,,,,,1.0,,,,
Raj Nagar Extension,1944.0,1299999.0,INR,,1,0,"This plot is available for sale and is located in the heart of Raj Nagar Extension. It has an area of 1944 sqft. The property is available at a price of Rs. 13.00 lac . Its entry is northeast facing. The time you'll spend here will become the greatest moment of your life that will also help you to relieve, relax & evoke a great sense of happiness. It is situated in the proximity of all the important facilities. Please contact for more details. ",1,northeast,0,0,0,1,0,0,1,1,,,1,1,,1,0,,,,1.0,,,,,,1.0,,,,
Raj Nagar Extension,558.0,550000.0,INR,,1,0,"A plot is available for sale in Raj Nagar Extension, Ghaziabad. It has an area of 558 sqft. The property is available at a price of Rs. 5.50 lac . The time you'll spend here will become the greatest moment of your life that will also help you to relieve, relax & evoke a great sense of happiness. It is well connected to the city areas. Please contact for more details. ",1,northeast,0,0,0,1,0,0,1,1,,,1,1,,1,0,,,,1.0,,,,,,1.0,,,,
Raj Nagar Extension,558.0,500000.0,INR,,1,0,"This plot is available for sale and is located in the heart of Raj Nagar Extension. It has an area of 558 sqft. The property is available at a price of Rs. 5.00 lac . The time you'll spend here will become the greatest moment of your life that will also help you to relieve, relax & evoke a great sense of happiness. The site is in close proximity to various civic utilities. Please contact us for more details. ",1,northeast,0,0,0,1,0,0,1,0,,1.0,1,1,,1,1,,,,1.0,,,,,1.0,1.0,,1.0,,
Hindon Air Force Station,558.0,550000.0,INR,,1,0,"This plot is situated in Hindon Air Force Station, Ghaziabad. It has an area of 558 sqft and is priced at Rs. 5.50 lac . It is northeast facing property. The time you'll spend here will become the greatest moment of your life that will also help you to relieve, relax & evoke a great sense of happiness. It is well connected to the city areas. Kindly call us for details. ",1,northeast,0,0,0,1,0,0,1,0,,,1,1,,1,0,,,,1.0,,,,,,1.0,,,,
Tilla Mode Farukh Nagar Road,558.0,500000.0,INR,,1,0,"62 Sq. Yards (Gajj) Plots Available at Just 10 Minutes away From Northern Peripheral Way and Behind Hindon Airport Ghaziabad. Plots just 7km. away from East Delhi Border. Plots Near-By Loni Bhopora Road Ghaziabad.

Plot Size - 62 Sq. Yards
Basic PRice - 5 lakhhh Rs. 

Included Facilities:- 
(1) Just 5kms. away from Mohan Nagar Metro Station, Ghaziabad 
(2) Just 7kms. away from East Delhi, 
(3) Near BCCI Cricket Stadium, Raj Nagar Ext. Ghaziabad, 
(4) 24X7 Security & Electricity, 
(5)CCTV Surveillance 
(6) Swimming Pool, Parks, 
(7) Badminton Ground, 
(8) Jogging Tracks & Many More.

For More Information:- 
Contact Now - Gold Castle Housing 
Visit Our Website - Gold Castle Housing 
Follow Our Facebook page – Gold Castle Housing/Great JaminDar-Delhi NCR",1,northeast,0,0,0,1,0,0,1,0,,,1,1,,1,0,,,,1.0,,,,,,1.0,,,,
Raj Nagar Extension,558.0,500000.0,INR,,1,0,"It has an area of 558 sqft. The property is available at a price of Rs. 5.00 lac . It is facing northeast direction. The time you'll spend here will become the greatest moment of your life that will also help you to relieve, relax & evoke a great sense of happiness. The site is in close proximity to various civic utilities. Kindly call us for details. ",1,northeast,0,0,0,1,0,0,1,0,,,1,1,,1,0,,,,1.0,,,,,,1.0,,,,
Tilla Mode Farukh Nagar Road,558.0,500000.0,INR,,1,0,"A plot property is available for sale in Tilla Mode Farukh Nagar Road, Ghaziabad. It has a salable area of 558 sqft and is available at a price of Rs. 896 per sqft. It is northeast facing property. The time you'll spend here will become the greatest moment of your life that will also help you to relieve, relax & evoke a great sense of happiness. It is situated in the proximity of all the important facilities. Contact us for more details. ",1,northeast,0,0,0,1,0,0,1,0,,,1,1,,1,0,,,,1.0,,,,,,,,,,
Raj Nagar Extension,1944.0,1296000.0,INR,,1,0,"This plot is situated in Raj Nagar Extension, Ghaziabad. Its entry is northeast facing. The time you'll spend here will become the greatest moment of your life that will also help you to relieve, relax & evoke a great sense of happiness. It is situated in the proximity of all the important facilities. If you are interested, please contact us for more details. ",1,northeast,0,0,0,1,0,0,1,0,,,1,1,,1,0,,,,1.0,,,,,,1.0,,,,
Raj Nagar Extension,558.0,500000.0,INR,,1,0,"A plot property is available for sale in Raj Nagar Extension, Ghaziabad. It has an area of 558 sqft. The property is available at a price of Rs. 5.00 lac . It is facing northeast direction. The time you'll spend here will become the greatest moment of your life that will also help you to relieve, relax & evoke a great sense of happiness. It is well connected to the city areas. If you are interested, please contact us for more details. ",1,northeast,0,0,0,1,0,0,1,0,,,1,1,,1,0,,,,1.0,,,,,,1.0,,,,
Raj Nagar Extension,558.0,550000.0,INR,,1,0,"This plot is situated in Raj Nagar Extension. It has a salable area of 558 sqft and is available at a price of Rs. 985 per sqft. Its entry is northeast facing. The time you'll spend here will become the greatest moment of your life that will also help you to relieve, relax & evoke a great sense of happiness. It is situated in the proximity of all the important facilities. Kindly call us for details. ",1,northeast,0,0,0,1,0,0,1,1,,,1,1,,0,0,,,,1.0,,,,,,1.0,,,,
Raj Nagar Extension,558.0,550000.0,INR,,1,0,"This plot is situated in Raj Nagar Extension, Ghaziabad. It is northeast facing property. The time you'll spend here will become the greatest moment of your life that will also help you to relieve, relax & evoke a great sense of happiness. It is well connected to the city areas. Kindly call us for details. ",1,northeast,0,0,0,1,0,0,1,0,,,1,1,,1,0,,,,1.0,,,,,,1.0,,,,
Raj Nagar Extension,1944.0,1231000.0,INR,,1,0,"This plot is situated in Raj Nagar Extension. It has an area of 1944 sqft. The property is available at a price of Rs. 12.31 lac . Its entry is northeast facing. The time you'll spend here will become the greatest moment of your life that will also help you to relieve, relax & evoke a great sense of happiness. It is well connected to the city areas. ",1,northeast,0,0,0,1,0,0,1,1,,,1,1,,1,1,,,,1.0,,,,,,1.0,,,,
Ghaziabad,558.0,550000.0,INR,,1,0,"A plot property is available for sale in Ghaziabad, Ghaziabad. It has a salable area of 558 sqft and is available at a price of Rs. 985 per sqft. Its entry is northeast facing. The site is in close proximity to various civic utilities. Please contact for more details. ",1,northeast,0,0,0,1,0,0,1,0,,,1,1,,1,0,,,,1.0,,,,,,1.0,,,,
Hindan Residential Area,558.0,500000.0,INR,,1,0,"This plot is available for sale and is located in the heart of Hindan Residential Area. It has an area of 558 sqft and is priced at Rs. 5.00 lac . It is northeast facing property. The time you'll spend here will become the greatest moment of your life that will also help you to relieve, relax & evoke a great sense of happiness. It is situated in the proximity of all the important facilities. Please contact us for more details. ",1,northeast,0,0,0,1,0,0,1,0,,,1,1,,1,0,,,,,,,,,,1.0,,,,
Tilla Mode Farukh Nagar Road,558.0,500000.0,INR,,1,0,"This plot is situated in Tilla Mode Farukh Nagar Road, Ghaziabad. It has a salable area of 558 sqft and is available at a price of Rs. 896 per sqft. The time you'll spend here will become the greatest moment of your life that will also help you to relieve, relax & evoke a great sense of happiness. The society is well connected by different modes of transportation. Please contact us for more details. ",1,northeast,0,0,0,1,0,0,1,0,,1.0,1,1,,1,0,,,,,,,,,,1.0,,,,
Hindon Air Force Station,558.0,550000.0,INR,,1,0,"A plot is available at a prime location in Hindon Air Force Station. It has an area of 558 sqft. The property is available at a price of Rs. 5.50 lac . Its entry is northeast facing. The time you'll spend here will become the greatest moment of your life that will also help you to relieve, relax & evoke a great sense of happiness. It is well connected to the city areas. Please contact for more details. ",1,northeast,0,0,0,1,0,0,1,0,,1.0,1,0,,1,0,,,,,1.0,,1.0,,,,,,,
Raj Nagar Extension,1620.0,1080000.0,INR,,1,0,"A plot is available for sale in Raj Nagar Extension, Ghaziabad. It has an area of 1620 sqft. The property is available at a price of Rs. 10.80 lac . It is northeast facing property. The time you'll spend here will become the greatest moment of your life that will also help you to relieve, relax & evoke a great sense of happiness. The site is in close proximity to various civic utilities. If you are interested, please contact us for more details. ",1,northeast,0,0,0,1,0,0,1,0,,1.0,1,1,,1,0,,,,1.0,,,,,,1.0,,,,
Ghaziabad,558.0,500000.0,INR,,1,0,"It has a salable area of 558 sqft and is available at a price of Rs. 896 per sqft. Its entry is northeast facing. The time you'll spend here will become the greatest moment of your life that will also help you to relieve, relax & evoke a great sense of happiness. It is situated in the proximity of all the important facilities. If you are interested, please contact us for more details. ",1,northeast,0,0,0,1,0,0,1,0,,1.0,1,1,,1,0,,,,,,,,,,1.0,,,,
Raj Nagar Extension,558.0,550000.0,INR,,1,0,"Pay 10% & Rs. get registry, Rest amount in 24 month . Gated with 24hrs security, Just 10 km from Ghaziabad . Adjacent to 3 major highways- Northern expressway, New Ghaziabad by pass, Eastern peripheral exp way with BCCI cricket stadium and high speed rail connectivity...",1,northeast,0,0,1,1,1,0,1,1,,,0,1,1.0,1,1,,,,,,,,,,,1.0,,,1.0
Raj Nagar Extension,558.0,500000.0,INR,,1,0,"This plot is situated in Raj Nagar Extension. It has an area of 558 sqft and is priced at Rs. 5.00 lac . It is northeast facing property. The time you'll spend here will become the greatest moment of your life that will also help you to relieve, relax & evoke a great sense of happiness. Contact us for more details. ",1,northeast,0,0,0,1,0,0,1,1,,,1,1,,1,0,,,,1.0,,,,,,1.0,,,,
Tilla Mode Farukh Nagar Road,558.0,500000.0,INR,,1,0,"A plot is available for sale in Tilla Mode Farukh Nagar Road, Ghaziabad. It has an area of 558 sqft. The property is available at a price of Rs. 5.00 lac . It is northeast facing property. The time you'll spend here will become the greatest moment of your life that will also help you to relieve, relax & evoke a great sense of happiness. It is well connected to the city areas. Kindly call us for details. ",1,northeast,0,0,0,1,0,0,1,1,,,1,0,,1,0,,,,1.0,,,,,,1.0,,,,
Raj Nagar Extension,450.0,350000.0,INR,,1,0,"A plot is available for sale in Raj Nagar Extension, Ghaziabad. It has an area of 450 sqft and is priced at Rs. 3.50 lac . Its entry is northeast facing. The society is well connected by different modes of transportation. Kindly call us for details. ",1,northeast,0,0,0,1,0,0,0,0,,,1,0,,1,0,,,,1.0,,,,,,1.0,,,,
Hindon Air Force Station,558.0,500000.0,INR,,1,0,"It has a salable area of 558 sqft and is available at a price of Rs. 896 per sqft. Its entry is east facing. The time you'll spend here will become the greatest moment of your life that will also help you to relieve, relax & evoke a great sense of happiness. The site is in close proximity to various civic utilities. Contact us for more details. ",1,east,0,0,0,1,0,0,1,1,,,1,1,,1,0,,,,1.0,,,,,,1.0,,,,
Hindon Air Force Station,558.0,550000.0,INR,,1,0,"This plot is situated in Hindon Air Force Station. It has an area of 558 sqft and is priced at Rs. 5.50 lac . It is east facing property. The time you'll spend here will become the greatest moment of your life that will also help you to relieve, relax & evoke a great sense of happiness. It is well connected to the city areas. Kindly call us for details. ",1,east,0,0,0,1,0,0,1,1,,,1,1,,1,0,,,,1.0,,,,,,1.0,,,,
Raj Nagar Extension,558.0,550000.0,INR,,1,0,"This plot is situated in Raj Nagar Extension, Ghaziabad. It is east facing property. The time you'll spend here will become the greatest moment of your life that will also help you to relieve, relax & evoke a great sense of happiness. The site is in close proximity to various civic utilities. Please contact for more details. ",1,east,0,0,0,1,0,0,1,1,,,1,1,,1,0,,,,1.0,,,,,,1.0,,,,
Tilla Mode Farukh Nagar Road,1944.0,1300000.0,INR,,1,0,"A plot is available at a prime location in Tilla Mode Farukh Nagar Road. It has an area of 1944 sqft. The property is available at a price of Rs. 13.00 lac . The time you'll spend here will become the greatest moment of your life that will also help you to relieve, relax & evoke a great sense of happiness. The site is in close proximity to various civic utilities. If you are interested, please contact us for more details. ",1,northeast,0,0,0,1,0,0,1,1,,,1,0,,1,0,,,,1.0,,,,,,1.0,,,,
Raj Nagar Extension,1944.0,1300000.0,INR,,1,0,"Buy Farmhouse Land Near Raj Nagar Extension & Northern Peripheral Way Ghaziabad. Farmhouse Lands For Sale Just 7km. away From East Delhi Border. 
Included Facilities:- 
(1) Just 5kms. away from Mohan Nagar Metro Station, Ghaziabad 
(2) Just 7kms. away from East Delhi, 
(3) Near BCCI International Cricket Stadium, Raj Nagar Ext. Ghaziabad, 
(4) 24 Hours Security, 
(5) CCTV Surveillance, 
(6) Swimming Pool, Parks, 
(7) Badminton Ground, 
(8) Jogging Tracks & Many More.",1,northeast,0,0,0,1,0,0,1,1,,,1,0,,1,0,,,,1.0,,,,,,1.0,,,,
Raj Nagar Extension,558.0,500000.0,INR,,1,0,"A plot is available for sale in Raj Nagar Extension, Ghaziabad. Its entry is northeast facing. The time you'll spend here will become the greatest moment of your life that will also help you to relieve, relax & evoke a great sense of happiness. It is well connected to the city areas. Kindly call us for details. ",1,northeast,0,0,0,1,0,0,1,1,,,1,1,,1,0,,,,1.0,,,,,,1.0,,,,
Raj Nagar Extension,558.0,500000.0,INR,,1,0,"A plot is available for sale in Raj Nagar Extension, Ghaziabad. It has an area of 558 sqft. The property is available at a price of Rs. 5.00 lac . It is facing northeast direction. The time you'll spend here will become the greatest moment of your life that will also help you to relieve, relax & evoke a great sense of happiness. The site is in close proximity to various civic utilities. Please contact us for more details. ",1,northeast,0,0,0,1,0,0,1,1,,,1,1,,1,0,,,,,,,,,,1.0,,,,
Raj Nagar Extension,9072.0,6000000.0,INR,,1,0,"A plot property is available for sale in Raj Nagar Extension, Ghaziabad. It has an area of 9072 sqft. The property is available at a price of Rs. 60.00 lac . Its entry is northeast facing. The time you'll spend here will become the greatest moment of your life that will also help you to relieve, relax & evoke a great sense of happiness. The site is in close proximity to various civic utilities. Kindly call us for details. ",1,northeast,0,0,0,1,0,0,1,1,,,1,1,,1,0,,,,,,,,,,1.0,,,,
Hindan Residential Area,558.0,500000.0,INR,,1,0,"This plot is situated in Hindan Residential Area, Ghaziabad. It has an area of 558 sqft. The property is available at a price of Rs. 5.00 lac . It is facing east direction. The time you'll spend here will become the greatest moment of your life that will also help you to relieve, relax & evoke a great sense of happiness. The site is in close proximity to various civic utilities. If you are interested, please contact us for more details. ",1,east,0,0,0,1,0,0,1,1,,,1,1,,1,0,,,,1.0,,,,,,1.0,,,,
Raj Nagar Extension,9072.0,6000000.0,INR,,1,0,"A plot property is available for sale in Raj Nagar Extension, Ghaziabad. It has an area of 9072 sqft and is priced at Rs. 60.00 lac . Its entry is east facing. The time you'll spend here will become the greatest moment of your life that will also help you to relieve, relax & evoke a great sense of happiness. It is well connected to the city areas. If you are interested, please contact us for more details. ",1,east,0,0,0,1,0,0,1,1,,,1,1,,1,0,,,,1.0,,,,,,1.0,,,,
Raj Nagar Extension,558.0,500000.0,INR,,1,0,"Buy Residential Plot Near Raj Nagar Extension Ghaziabad. Plots Just 7km. From East Delhi Border. 
Facilities With Plot - Gated Society, Green Parks, Children's Play Ground, Swimming Pool, Badminton Ground, 18ft. Front Facing Road, 25ft. Main Internal Road, CCTV Surveillance, 24 Hours Security, and Many More...
Plots Location - Plots Adjacent Northern Peripheral Way & Near Raj Nagar Extension Ghaziabad. Plots Just 7km. From East Delhi Border and Near-by Bharat City Ghaziabad.",1,northeast,0,0,0,1,0,0,1,1,,,1,1,,1,0,,,,1.0,,,,,,1.0,,,,
Raj Nagar Extension,558.0,500000.0,INR,,1,0,"A plot property is available for sale in Raj Nagar Extension, Ghaziabad. It has an area of 558 sqft. The property is available at a price of Rs. 5.00 lac . It is facing northeast direction. The time you'll spend here will become the greatest moment of your life that will also help you to relieve, relax & evoke a great sense of happiness. It is situated in the proximity of all the important facilities. Kindly call us for details. ",1,northeast,0,0,0,1,0,0,1,1,,,1,1,,1,0,,,,1.0,,,,,,1.0,,,,
Hindon Air Force Station,558.0,500000.0,INR,,1,0,"This plot is situated in Hindon Air Force Station, Ghaziabad. It has an area of 558 sqft and is priced at Rs. 5.00 lac . It is northeast facing property. The time you'll spend here will become the greatest moment of your life that will also help you to relieve, relax & evoke a great sense of happiness. Please contact for more details. ",1,northeast,0,0,0,1,0,0,1,0,,,1,1,,1,0,,,,1.0,,,,,,1.0,,,,
Raj Nagar Extension,558.0,500000.0,INR,,1,0,"This plot is situated in Raj Nagar Extension. It has an area of 558 sqft. The property is available at a price of Rs. 5.00 lac . It is northeast facing property. The time you'll spend here will become the greatest moment of your life that will also help you to relieve, relax & evoke a great sense of happiness. The site is in close proximity to various civic utilities. If you are interested, please contact us for more details. ",1,northeast,0,0,0,1,0,0,1,1,,,1,0,,1,0,,,,1.0,,,,,,1.0,,,,
Raj Nagar Extension,1944.0,1300000.0,INR,,1,0,"A plot is available for sale in Raj Nagar Extension, Ghaziabad. It has an area of 1944 sqft and is priced at Rs. 13.00 lac . It is east facing property. The society is well connected by different modes of transportation. Please contact us for more details. ",1,east,0,0,0,1,0,0,1,1,,,1,1,,1,0,,,,1.0,,,,,,1.0,,,,
Surya Nagar,3195.0,75000000.0,INR,,0,1,"A plot is available at a prime location in Surya Nagar. It has a salable area of 3195 sqft and is available at a price of Rs. 23,474 per sqft. The time you'll spend here will become the greatest moment of your life that will also help you to relieve, relax & evoke a great sense of happiness. It is well connected to the city areas. Kindly call us for details. ",1,southeast,0,0,0,0,0,0,0,0,1.0,1.0,0,0,1.0,1,0,,,,,,1.0,,,,1.0,,,,
Surya Nagar,3195.0,77500000.0,INR,,0,1,"It has an area of 3195 sqft and is priced at Rs. 7.75 cr (negotiable). It is facing northwest direction. The time you'll spend here will become the greatest moment of your life that will also help you to relieve, relax & evoke a great sense of happiness. It is situated in the proximity of all the important facilities. Please contact us for more details. ",1,northwest,0,0,0,0,0,0,0,0,1.0,1.0,0,0,1.0,1,0,,,,,,,,,,1.0,,,,
Ramprastha,1800.0,37000000.0,INR,,0,1,"This plot is situated in Ramprastha, Ghaziabad. It has a salable area of 1800 sqft and is available at a price of Rs. 20,555 per sqft. It is facing northwest direction. The time you'll spend here will become the greatest moment of your life that will also help you to relieve, relax & evoke a great sense of happiness. The site is in close proximity to various civic utilities. Kindly call us for details. ",1,northwest,0,0,0,0,0,0,0,0,1.0,,0,0,1.0,1,0,,,,,,1.0,,,,1.0,,,,
Raj Nagar Extension,1125.0,6275000.0,INR,1.0,1,0,"This plot is available for sale and is located in the heart of Raj Nagar Extension. It has an area of 1125 sqft and is priced at Rs. 62.75 lac . Its entry is northeast facing. The time you'll spend here will become the greatest moment of your life that will also help you to relieve, relax & evoke a great sense of happiness. The society is well connected by different modes of transportation. Kindly call us for details. ",1,northeast,0,0,0,0,0,0,0,0,,,0,0,,0,0,,,,,,,,,,,,,,
Raj Nagar Extension,1080.0,6011000.0,INR,1.0,1,0,"1080 Square feet Plot for sale in Ghukna, Ghaziabad. This land has a dimension of 44.0 mt length 24.0 mt width. Price. The plot is North facing. There are 2 open sides for this plot. The width of the facing road is 30.0 mt. This residential land also has a boundary wall. The maximum floor allowed for construction on this plot is 3. The most popular landmarks near this plot are The American School, Ghaziabad, Natkhat Fast Food & Restaurant, and Makoons Pre-School",1,north,0,0,0,0,0,0,0,0,,,0,0,,0,0,,,,,,,,,,,,,,
Raj Nagar Extension,1125.0,6411000.0,INR,1.0,1,0,"A plot is available for sale in Raj Nagar Extension, Ghaziabad. It has an area of 1125 sqft. The property is available at a price of Rs. 64.11 lac . Its entry is northeast facing. The time you'll spend here will become the greatest moment of your life that will also help you to relieve, relax & evoke a great sense of happiness. Kindly call us for details. ",1,northeast,0,0,0,0,0,0,0,0,,,0,0,,0,0,,,,,,,,,,,,,,
Raj Nagar Extension,1125.0,6349000.0,INR,1.0,1,0,"A plot is available at a prime location in Raj Nagar Extension. Its entry is northeast facing. The time you'll spend here will become the greatest moment of your life that will also help you to relieve, relax & evoke a great sense of happiness. The site is in close proximity to various civic utilities. If you are interested, please contact us for more details. ",1,northeast,0,0,0,0,0,0,0,0,,,0,0,,0,0,,,,,,,,,,,,,,
Raj Nagar Extension,1080.0,6285000.0,INR,1.0,1,0,"A plot property is available for sale in Raj Nagar Extension, Ghaziabad. It has an area of 1080 sqft and is priced at Rs. 62.85 lac . The time you'll spend here will become the greatest moment of your life that will also help you to relieve, relax & evoke a great sense of happiness. It is well connected to the city areas. Please contact for more details. ",1,northeast,0,0,0,0,0,0,0,0,,,0,0,,0,0,,,,,,,,,,,,,,
Raj Nagar Extension,1080.0,6244000.0,INR,1.0,1,0,"It has an area of 1080 sqft and is priced at Rs. 62.44 lac . It is northeast facing property. The time you'll spend here will become the greatest moment of your life that will also help you to relieve, relax & evoke a great sense of happiness. The society is well connected by different modes of transportation. Kindly call us for details. ",1,northeast,0,0,0,0,0,0,0,0,,,0,0,,0,0,,,,,,,,,,,,,,
Raj Nagar Extension,1080.0,6061000.0,INR,1.0,1,0,"It has an area of 1080 sqft. The property is available at a price of Rs. 60.61 lac . It is northeast facing property. The time you'll spend here will become the greatest moment of your life that will also help you to relieve, relax & evoke a great sense of happiness. It is well connected to the city areas. Contact us for more details. ",1,northeast,0,0,0,0,0,0,0,0,,,0,0,,0,0,,,,,,,,,,,,,,
Raj Nagar Extension,1080.0,6055000.0,INR,1.0,1,0,"This plot is situated in Raj Nagar Extension, Ghaziabad. It has a salable area of 1080 sqft and is available at a price of Rs. 5,606 per sqft. It is northeast facing property. The time you'll spend here will become the greatest moment of your life that will also help you to relieve, relax & evoke a great sense of happiness. The site is in close proximity to various civic utilities. Please contact for more details. ",1,northeast,0,0,0,0,0,0,0,0,,,0,0,,0,0,,,,,,,,,,,,,,
Raj Nagar Extension,927.0,5299999.0,INR,1.0,1,0,"A plot property is available for sale in Raj Nagar Extension, Ghaziabad. It has a salable area of 927 sqft and is available at a price of Rs. 5,717 per sqft. It is northeast facing property. The time you'll spend here will become the greatest moment of your life that will also help you to relieve, relax & evoke a great sense of happiness. The site is in close proximity to various civic utilities. Kindly call us for details. ",1,northeast,0,0,0,0,0,0,0,0,,,0,0,,0,0,,,,,,,,,,,,,,
Raj Nagar Extension,558.0,550000.0,INR,,1,0,"This plot is situated in Raj Nagar Extension, Ghaziabad. It has a salable area of 558 sqft and is available at a price of Rs. 985 per sqft. The time you'll spend here will become the greatest moment of your life that will also help you to relieve, relax & evoke a great sense of happiness. The society is well connected by different modes of transportation. If you are interested, please contact us for more details. ",1,,0,0,0,0,0,0,0,0,,,0,0,,0,0,,,,,,,,,,,,,,
Raj Nagar Extension,1620.0,1170000.0,INR,,1,0,"It has an area of 1620 sqft. The property is available at a price of Rs. 11.70 lac . It is facing northeast direction. The time you'll spend here will become the greatest moment of your life that will also help you to relieve, relax & evoke a great sense of happiness. The society is well connected by different modes of transportation. Kindly call us for details. ",1,northeast,0,0,0,0,0,0,0,0,,,0,0,,0,0,,,,,,,,,,,,,,
Ghaziabad,900.0,100000.0,INR,,1,1,"This plot is available for sale and is located in the heart of Ghaziabad. It has an area of 900 sqft. The property is available at a price of Rs. 1.00 lac (negotiable). It is facing northeast direction. The time you'll spend here will become the greatest moment of your life that will also help you to relieve, relax & evoke a great sense of happiness. The site is in close proximity to various civic utilities. If you are interested, please contact us for more details. ",1,northeast,0,0,0,0,0,0,0,0,,,0,0,,0,0,,,,,,,,,,,,,,
Govindpuram,1215.0,6751000.0,INR,1.0,1,0,"This plot is available for sale and is located in Shree Radhe Krishan Properties Homes 1, one of the most prestigious projects of Govindpuram. It has an area of 1215 sqft. The property is available at a price of Rs. 67.51 lac . Its entry is northeast facing. The time you'll spend here will become the greatest moment of your life that will also help you to relieve, relax & evoke a great sense of happiness. It is well connected to the city areas. If you are interested, please contact us for more details. ",1,northeast,0,6,0,0,0,0,0,0,,,0,0,,0,0,,,,,,,,,,,,,,
Raj Nagar Extension,1080.0,5990000.0,INR,1.0,1,0,"1080 Square feet Plot for sale in Ghukna, Ghaziabad. This land has a dimension of 45.0 mt length 24.0 mt width. Price. The plot is North-East facing. There are 2 open sides for this plot. The width of the facing road is 30.0 mt. This residential land also has a boundary wall. The maximum floor allowed for construction on this plot is 3. The most popular landmarks near this plot are The American School, Ghaziabad, Natkhat Fast Food & Restaurant, and Makoons Pre-School",1,northeast,0,0,0,0,0,0,0,0,,,0,0,,0,0,,,,,,,,,,,,,,
Shastri Nagar,973.0,2925000.0,INR,1.0,1,0,"This plot is situated in Shastri Nagar, Ghaziabad. It has an area of 973 sqft. The property is available at a price of Rs. 29.25 lac . It is facing northwest direction. The time you'll spend here will become the greatest moment of your life that will also help you to relieve, relax & evoke a great sense of happiness. The site is in close proximity to various civic utilities. Please contact us for more details. ",1,northwest,0,0,0,0,0,0,0,0,,,0,0,,0,0,7.9,,,,,,,,,,,,,
Raj Nagar,927.0,5202500.0,INR,1.0,1,0,"This plot is available for sale and is located in the heart of Raj Nagar. It is northeast facing property. The time you'll spend here will become the greatest moment of your life that will also help you to relieve, relax & evoke a great sense of happiness. It is situated in the proximity of all the important facilities. If you are interested, please contact us for more details. ",1,northeast,0,0,0,0,0,0,0,0,,,0,0,,0,0,,,,,,,,,,,,,,
Raj Nagar,450.0,5150000.0,INR,1.0,1,0,"This plot is available for sale and is located in the heart of Raj Nagar. It has an area of 450 sqft and is priced at Rs. 51.50 lac . It is northwest facing property. The time you'll spend here will become the greatest moment of your life that will also help you to relieve, relax & evoke a great sense of happiness. The site is in close proximity to various civic utilities. Contact us for more details. ",1,northwest,0,0,0,0,0,0,0,0,,,0,0,,0,0,,,,,,,,,,,,,,
Pratap Vihar,540.0,1725000.0,INR,1.0,0,0,"A plot is available at a prime location in Pratap Vihar. It has a salable area of 540 sqft and is available at a price of Rs. 3,194 per sqft. It is facing northwest direction. The time you'll spend here will become the greatest moment of your life that will also help you to relieve, relax & evoke a great sense of happiness. Contact us for more details. ",1,northwest,0,0,0,0,0,0,0,0,,,0,0,,0,0,8.2,,,,,,,,,,,,,
Raj Nagar,930.0,5135000.0,INR,1.0,1,0,"This plot is situated in Raj Nagar, Ghaziabad. It has a salable area of 930 sqft and is available at a price of Rs. 5,521 per sqft. It is facing northwest direction. The time you'll spend here will become the greatest moment of your life that will also help you to relieve, relax & evoke a great sense of happiness. The society is well connected by different modes of transportation. ",1,northwest,0,0,0,0,0,0,0,0,,,0,0,,0,0,,,,,,,,,,,,,,
Shastri Nagar,900.0,3000000.0,INR,1.0,1,0,"A plot is available for sale in Shastri Nagar, Ghaziabad. It has an area of 900 sqft and is priced at Rs. 30.00 lac . Its entry is northeast facing. The time you'll spend here will become the greatest moment of your life that will also help you to relieve, relax & evoke a great sense of happiness. Please contact for more details. ",1,northeast,0,0,0,0,0,0,0,0,,,0,0,,0,0,7.9,,,,,,,,,,,,,
Raj Nagar,1125.0,6240000.0,INR,1.0,1,0,"A plot property is available for sale in Raj Nagar, Ghaziabad. It has a salable area of 1125 sqft and is available at a price of Rs. 5,546 per sqft. It is facing northwest direction. The time you'll spend here will become the greatest moment of your life that will also help you to relieve, relax & evoke a great sense of happiness. It is well connected to the city areas. ",1,northwest,0,0,0,0,0,0,0,0,,,0,0,,0,0,,,,,,,,,,,,,,
Lal Kuan,360.0,500000.0,INR,,0,1,"This plot is available for sale and is located in Royal Enclave, one of the most prestigious projects of Lal Kuan. It has an area of 360 sqft and is priced at Rs. 5.00 lac (negotiable). The time you'll spend here will become the greatest moment of your life that will also help you to relieve, relax & evoke a great sense of happiness. The site is in close proximity to various civic utilities. Please contact us for more details. ",1,east,0,0,1,1,0,0,0,0,1.0,,1,0,1.0,1,1,7.4,,2022.0,,1.0,,1.0,1.0,1.0,1.0,1.0,1.0,1.0,
Masuri,450.0,1750000.0,INR,,0,1,"This plot is situated in Vardah Builders Vardah Enclave, Masuri. It has an area of 450 sqft. The property is available at a price of Rs. 17.50 lac (negotiable). It has jogging track as well as children's play area. The project also has and 24 x 7 security. It is situated in the proximity of all the important facilities. If you are interested, please contact us for more details. ",1,east,0,0,0,1,0,0,0,0,,,1,0,1.0,1,1,6.3,7.6,123.0,,,,,,,1.0,,,,
DLF Ankur Vihar,2250.0,15000000.0,INR,1.0,0,0,"This plot is situated in DLF Ankur Vihar, Ghaziabad. It has a salable area of 2250 sqft and is available at a price of Rs. 6,666 per sqft. The time you'll spend here will become the greatest moment of your life that will also help you to relieve, relax & evoke a great sense of happiness. It is well connected to the city areas. Please contact for more details. ",1,,0,0,0,0,0,0,0,0,,,0,0,,0,0,,,,,,,,,,,,,,
Ramprastha,657.0,6000000.0,INR,,0,1,"A plot property is available for sale in Ramprastha, Ghaziabad. It has an area of 657 sqft. The property is available at a price of Rs. 60.00 lac (negotiable). It is northwest facing property. The site is in close proximity to various civic utilities. Please contact for more details. ",1,northwest,0,0,0,0,0,0,0,0,1.0,1.0,0,0,1.0,1,0,,,,,,,,,,1.0,,,,
Ramprastha,657.0,6500000.0,INR,,0,0,"This plot is situated in Ramprastha. It is facing northwest direction. The time you'll spend here will become the greatest moment of your life that will also help you to relieve, relax & evoke a great sense of happiness. It is situated in the proximity of all the important facilities. Please contact for more details. ",1,northwest,0,0,0,0,0,0,0,0,1.0,1.0,0,0,1.0,1,0,,,,,,,,,,1.0,,,,
Surya Nagar,1278.0,16000000.0,INR,,0,1,"It has an area of 1278 sqft. The property is available at a price of Rs. 1.60 cr (negotiable). Its entry is northeast facing. The property is available on freehold. The time you'll spend here will become the greatest moment of your life that will also help you to relieve, relax & evoke a great sense of happiness. Please contact us for more details. ",1,northeast,0,0,0,0,0,0,0,0,1.0,1.0,0,0,1.0,1,0,,,,,,,,,,1.0,,,,
Govindpuram,900.0,2500000.0,INR,1.0,1,0,"A plot is available at a prime location in Govindpuram. It has an area of 900 sqft. The property is available at a price of Rs. 25.00 lac . Its entry is east facing. The time you'll spend here will become the greatest moment of your life that will also help you to relieve, relax & evoke a great sense of happiness. It is well connected to the city areas. Kindly call us for details. ",1,east,0,0,0,0,0,0,0,0,,,0,0,,0,0,,,,,,,,,,,,,,
Govindpuram,900.0,2300000.0,INR,1.0,1,0,"900 Square feet Plot for sale in Govindpuram, Ghaziabad. This land has a dimension of 20.0 mt length 45.0 mt width. Price. The plot is East facing. There are 1 open sides for this plot. The width of the facing road is 25.0 mt. The maximum floor allowed for construction on this plot is 3. The most popular landmarks near this plot are The Pizza Infinity, Uday South indian Dosa, and RPS Public School",1,east,0,0,1,0,0,0,0,0,,,0,0,,0,0,,,,,,,,,,,,,,
DLF Ankur Vihar,2250.0,15000001.0,INR,1.0,0,0,"A plot is available at a prime location in DLF Ankur Vihar. It has an area of 2250 sqft and is priced at Rs. 1.50 cr . The time you'll spend here will become the greatest moment of your life that will also help you to relieve, relax & evoke a great sense of happiness. The site is in close proximity to various civic utilities. Kindly call us for details. ",1,,0,0,0,0,0,0,0,0,,,0,0,,0,0,,,,,,,,,,,,,,
Raj Nagar,1620.0,75000000.0,INR,1.0,0,0,"A plot property is available for sale in Raj Nagar, Ghaziabad. It has a salable area of 1620 sqft and is available at a price of Rs. 46,296 per sqft. Its entry is north facing. The time you'll spend here will become the greatest moment of your life that will also help you to relieve, relax & evoke a great sense of happiness. It is situated in the proximity of all the important facilities. Please contact for more details. ",1,north,0,0,1,0,0,0,0,0,,,0,0,,0,0,,,,,,,,,,,,,,
Govindpuram,900.0,4275000.0,INR,1.0,0,0,"A plot is available at a prime location in Govindpuram. It has a salable area of 900 sqft and is available at a price of Rs. 4,750 per sqft. It is northeast facing property. The time you'll spend here will become the greatest moment of your life that will also help you to relieve, relax & evoke a great sense of happiness. The site is in close proximity to various civic utilities. Please contact us for more details. ",1,northeast,0,0,0,0,0,0,0,0,,,0,0,,0,0,,,,,,,,,,,,,,
Govindpuram,3474.0,13200000.0,INR,1.0,0,0,"A plot property is available for sale in Govindpuram, Ghaziabad. It has a salable area of 3474 sqft and is available at a price of Rs. 3,799 per sqft. The time you'll spend here will become the greatest moment of your life that will also help you to relieve, relax & evoke a great sense of happiness. It is situated in the proximity of all the important facilities. If you are interested, please contact us for more details. ",1,west,0,0,1,0,0,0,0,0,,,0,0,,0,0,,,,,,,,,,,,,,
Rajendra Nagar,1900.0,18500000.0,INR,1.0,0,0,"A plot is available at a prime location in Rajendra Nagar. It has a salable area of 1900 sqft and is available at a price of Rs. 9,736 per sqft. It is facing northeast direction. The time you'll spend here will become the greatest moment of your life that will also help you to relieve, relax & evoke a great sense of happiness. The society is well connected by different modes of transportation. Please contact for more details. ",1,northeast,0,0,1,0,0,0,0,0,,,0,0,,0,0,,,,,,,,,,,,,,
Shastri Nagar,2090.0,99985000.0,INR,1.0,0,0,"A plot is available for sale in Shastri Nagar, Ghaziabad. It has a salable area of 2097 sqft and is available at a price of Rs. 47,680 per sqft. Its entry is northeast facing. The time you'll spend here will become the greatest moment of your life that will also help you to relieve, relax & evoke a great sense of happiness. It is well connected to the city areas. Kindly call us for details. ",1,northeast,0,0,1,0,0,0,0,0,,,0,0,,0,0,7.9,,,,,,,,,,,,,
Kavi Nagar,2040.0,16000000.0,INR,1.0,1,0,"This plot is situated in Kavi Nagar. It has a salable area of 2040 sqft and is available at a price of Rs. 7,843 per sqft. Its entry is northwest facing. The time you'll spend here will become the greatest moment of your life that will also help you to relieve, relax & evoke a great sense of happiness. It is well connected to the city areas. Kindly call us for details. ",1,northwest,0,0,0,0,0,0,0,0,,,0,0,,0,0,,,,,,,,,,,,,,
Govindpuram,972.0,5485000.0,INR,1.0,0,0,"This plot is situated in Govindpuram. It has a salable area of 972 sqft and is available at a price of Rs. 5,643 per sqft. Its entry is northwest facing. The time you'll spend here will become the greatest moment of your life that will also help you to relieve, relax & evoke a great sense of happiness. It is well connected to the city areas. ",1,northwest,0,0,0,0,0,0,0,0,,,0,0,,0,0,,,,,,,,,,,,,,
Nehru Nagar,2052.0,15800000.0,INR,1.0,1,0,"A plot is available for sale in Nehru Nagar, Ghaziabad. It has an area of 2052 sqft and is priced at Rs. 1.58 cr . It is east facing property. The time you'll spend here will become the greatest moment of your life that will also help you to relieve, relax & evoke a great sense of happiness. The society is well connected by different modes of transportation. If you are interested, please contact us for more details. ",1,east,0,0,1,0,0,0,0,0,,,1,0,,1,0,,,,,,,,,,1.0,,,,
Raj Nagar,4500.0,56500000.0,INR,1.0,0,0,"This plot is available for sale and is located in the heart of Raj Nagar. It has an area of 4500 sqft and is priced at Rs. 5.65 cr . It is facing north direction. The time you'll spend here will become the greatest moment of your life that will also help you to relieve, relax & evoke a great sense of happiness. It is well connected to the city areas. Please contact for more details. ",1,north,0,0,1,0,0,0,0,0,,,0,0,,0,0,,,,,,,,,,,,,,
Shastri Nagar,2700.0,16000000.0,INR,1.0,0,0,"This plot is available for sale and is located in the heart of Shastri Nagar. It has an area of 2700 sqft. The property is available at a price of Rs. 1.60 cr . It is facing east direction. The time you'll spend here will become the greatest moment of your life that will also help you to relieve, relax & evoke a great sense of happiness. It is well connected to the city areas. Contact us for more details. ",1,east,0,0,0,0,0,0,0,0,,,0,0,,0,0,7.9,,,,,,,,,,,,,
Dasna,900.0,1485000.0,INR,1.0,1,0,"A plot is available at a prime location in Dasna. It has a salable area of 900 sqft and is available at a price of Rs. 1,650 per sqft. Its entry is east facing. The site is in close proximity to various civic utilities. Please contact for more details. ",1,east,0,0,0,0,0,0,0,0,,,0,0,,0,0,7.2,,,,,,,,,,,,,
Dasna Gate,900.0,900000.0,INR,,1,1,,1,west,0,0,0,0,0,0,0,0,,,0,0,,0,0,,,,,,,,,,,,,,
SHAKTI KHAND 4,1302.0,17000000.0,INR,,1,1,,1,west,0,0,0,0,0,0,0,0,,,0,0,,0,0,,,,,,,,,,,,,,
Niti Khand 1,3767.0,40000000.0,INR,,1,1,,1,east,0,0,0,0,0,0,0,0,,,0,0,,0,0,,,,,,,,,,,,,,
SHAKTI KHAND 4,969.0,9500000.0,INR,,1,1,,1,north,0,0,0,0,0,0,0,0,,,0,0,,0,0,,,,,,,,,,,,,,
Niti Khand 1,2368.0,25000000.0,INR,,1,1,,1,east,0,0,0,0,0,0,0,0,,,0,0,,0,0,,,,,,,,,,,,,,
Indirapuram,2691.0,23500000.0,INR,,1,1,,1,east,0,0,0,0,0,0,0,0,,,0,0,,0,0,,,,,,,,,,,,,,
2 Avantika Main,2160.0,8400000.0,INR,,0,1,,1,northeast,0,0,1,0,0,0,0,0,,,0,0,1.0,1,0,,,,,1.0,,1.0,,,,,,1.0,
Indirapuram Shakti Khand 4,969.0,8500000.0,INR,,0,1,,1,east,0,0,0,0,0,0,0,0,,,0,0,,0,0,,,,,,,,,,,,,,
Lal Kuan,783.0,1300000.0,INR,,1,0,,1,south,0,0,0,1,0,0,0,0,,,0,0,,1,0,7.4,,123.0,,1.0,,1.0,1.0,,,,,1.0,
Govindpuram,201.0,8500000.0,INR,,0,1,,1,northeast,0,0,1,0,0,0,0,0,,,0,0,1.0,1,0,,,,,1.0,,1.0,1.0,,,,,1.0,
Vaishali Sector 4,1300.0,16000000.0,INR,1.0,0,1,"A plot is available at a prime location in Vaishali Sector 4. It has a salable area of 1300 sqft and is available at a price of Rs. 12,307 per sqft. It is southwest facing property. The property is available on freehold. It is situated in the proximity of all the important facilities. Contact us for more details. ",1,southwest,0,30,0,0,0,0,0,0,,,0,0,,0,0,,,,,,,,,,,,,,
Lal Kuan,819.0,1450000.0,INR,,1,0,,1,west,0,0,0,1,0,0,0,0,,,0,0,,1,0,7.4,,123.0,,1.0,,1.0,,,,,,1.0,
duhai,540.0,720000.0,INR,,1,0,"KRISHNA KUNJ BUILDCON PVT LTD.
Present's 
Rose N City Phase-5 
Near NH-58 Delhi Meerut Road 
??FULLY GATED SOCIETY
??RCC ROAD 
??SEWAGE 
??SECURITY SYSTEM
 ( CCTV CAMERA )
??SECURITY GUARD
??ELECTRICITY 
 ( WITH STREET LIGHT )
??24×7 WATER SUPPLY
??TEMPLE
??FRONT OF EASTERN PERIPHERAL EXPRESSWAY 
??NEAR RAPID METRO STATION",1,east,0,0,0,0,0,0,0,0,,,0,0,,0,0,,,,,,,,,,,,,,
Avantika Colony,1350.0,7500000.0,INR,,0,1,,1,north,0,0,1,0,0,0,0,0,,,0,0,1.0,0,0,,,,,1.0,,1.0,,,,,,1.0,
Raj Nagar,450.0,376000.0,INR,,1,0,"This plot is available for sale and is located in the heart of Raj Nagar. It has an area of 450 sqft. The property is available at a price of Rs. 3.76 lac . The time you'll spend here will become the greatest moment of your life that will also help you to relieve, relax & evoke a great sense of happiness. The society is well connected by different modes of transportation. If you are interested, please contact us for more details. ",1,northeast,0,0,0,1,0,0,0,0,,1.0,1,0,,1,1,,,,1.0,1.0,,1.0,,,1.0,,,,
NH 24 Highway,900.0,1500000.0,INR,,1,0,,1,east,0,0,0,1,0,0,0,0,,,0,0,,1,0,,,,,,,1.0,,,,,,1.0,
N T P C Dadri Road,270.0,375000.0,INR,,1,0,"This plot is situated in N T P C Dadri Road, Ghaziabad. It has a salable area of 270 sqft and is available at a price of Rs. 1,388 per sqft. Its entry is northeast facing. The time you'll spend here will become the greatest moment of your life that will also help you to relieve, relax & evoke a great sense of happiness. It is well connected to the city areas. Kindly call us for details. ",1,northeast,0,0,0,0,0,0,0,0,,,0,0,,0,0,,,,,,,,,,,,,,
Mohan Nagar,468.0,390000.0,INR,,1,0,"A plot is available for sale in Mohan Nagar, Ghaziabad. It has an area of 468 sqft. The property is available at a price of Rs. 3.90 lac . Its entry is northeast facing. The time you'll spend here will become the greatest moment of your life that will also help you to relieve, relax & evoke a great sense of happiness. It is situated in the proximity of all the important facilities. If you are interested, please contact us for more details. ",1,northeast,0,0,0,1,0,0,0,0,,1.0,1,0,,1,1,,,,,1.0,,,,,1.0,,,,
Raj Nagar Extension,333.0,260000.0,INR,,1,0,"This plot is situated in Raj Nagar Extension. It has an area of 333 sqft. The property is available at a price of Rs. 2.60 lac . It is northeast facing property. The time you'll spend here will become the greatest moment of your life that will also help you to relieve, relax & evoke a great sense of happiness. It is situated in the proximity of all the important facilities. Please contact for more details. ",1,northeast,0,0,0,1,0,0,0,0,,1.0,1,0,,1,0,,,,,1.0,,1.0,,,1.0,,,,
Raj Nagar Extension,594.0,462000.0,INR,,1,0,"A plot is available at a prime location in Raj Nagar Extension. It has an area of 594 sqft and is priced at Rs. 4.62 lac . Its entry is northeast facing. The time you'll spend here will become the greatest moment of your life that will also help you to relieve, relax & evoke a great sense of happiness. It is situated in the proximity of all the important facilities. Please contact us for more details. ",1,northeast,0,0,0,1,0,0,0,0,,,1,0,,1,1,,,,1.0,,,1.0,,,1.0,,,,
Raj Nagar Extension,405.0,320000.0,INR,,1,0,"A plot is available for sale in Raj Nagar Extension, Ghaziabad. It has an area of 405 sqft. The property is available at a price of Rs. 3.20 lac . It is northeast facing property. The time you'll spend here will become the greatest moment of your life that will also help you to relieve, relax & evoke a great sense of happiness. The site is in close proximity to various civic utilities. Please contact for more details. ",1,northeast,0,0,0,1,0,0,1,0,,1.0,1,0,,1,0,,,,,1.0,,1.0,,,1.0,,,,
Raj Nagar Extension,450.0,350000.0,INR,,1,0,"A plot is available for sale in Raj Nagar Extension, Ghaziabad. It has an area of 450 sqft and is priced at Rs. 3.50 lac . It is northeast facing property. The time you'll spend here will become the greatest moment of your life that will also help you to relieve, relax & evoke a great sense of happiness. The society is well connected by different modes of transportation. If you are interested, please contact us for more details. ",1,northeast,0,0,0,1,0,0,0,0,,1.0,1,0,,1,1,,,,1.0,,,1.0,,,,,,,
Raj Nagar Extension,558.0,550000.0,INR,,1,0,"Pay 25% & Rs. get registry, Rest amount Pay in 12 months Easy Installments. Gated with 24hrs security, Just 7 kms. from East Delhi. Adjacent to 3 major highways- Northern expressway, New Ghaziabad by pass, Eastern peripheral exp way with BCCI cricket stadium and high speed rail connectivity.
- Just Pay 25% Get Your Plot in Eco-Friendly area/62Sq.Yards Plots Near Raj Nagar Extension Ghaziabad",1,northeast,0,0,0,1,0,0,1,0,,,1,0,,1,0,,,,1.0,,,,,,1.0,,,,
Hindan Residential Area,558.0,500000.0,INR,,1,0,"This plot is situated in Hindan Residential Area, Ghaziabad. Its entry is northeast facing. The time you'll spend here will become the greatest moment of your life that will also help you to relieve, relax & evoke a great sense of happiness. The society is well connected by different modes of transportation. Kindly call us for details. ",1,northeast,0,0,0,1,0,0,1,0,,,1,0,,1,1,,,,1.0,,,,,,1.0,,,,
Mohan Nagar,1620.0,1026000.0,INR,,1,0,"A plot is available for sale in Mohan Nagar, Ghaziabad. It has an area of 1620 sqft. The property is available at a price of Rs. 10.26 lac . It is northeast facing property. The time you'll spend here will become the greatest moment of your life that will also help you to relieve, relax & evoke a great sense of happiness. The site is in close proximity to various civic utilities. Please contact for more details. ",1,northeast,0,0,0,1,0,0,1,0,,,1,0,,1,1,,,,1.0,,,,,,1.0,,,,
Shakti Khand,1620.0,1027000.0,INR,,1,0,"This plot is situated in Gold Castle Hariyali Farms, Shakti Khand, Ghaziabad. It has an area of 1620 sqft and is priced at Rs. 10.27 lac . The amenities include sports facility, 24 x 7 security, car parking, swimming pool, 24/7 , staff quarter, jogging track, children's play area, club house and maintenance staff. Its entry is northeast facing. The time you'll spend here will become the greatest moment of your life that will also help you to relieve, relax & evoke a great sense of happiness. The site is in close proximity to various civic utilities. If you are interested, please contact us for more details. ",1,northeast,0,0,0,1,1,0,1,0,,1.0,1,1,1.0,1,1,9.3,,2022.0,,,,,,,1.0,,1.0,,
Raj Nagar Extension,1620.0,1026000.0,INR,,1,0,"This plot is situated in Raj Nagar Extension, Ghaziabad. It has an area of 1620 sqft and is priced at Rs. 10.26 lac . It is northeast facing property. The time you'll spend here will become the greatest moment of your life that will also help you to relieve, relax & evoke a great sense of happiness. It is well connected to the city areas. Please contact us for more details. ",1,northeast,0,0,0,1,0,0,1,0,,,1,1,,1,1,,,,1.0,,,,,,1.0,,,,
Hindon Air Force Station,2097.0,1330000.0,INR,,1,0,"This plot is situated in Hindon Air Force Station. It has an area of 2097 sqft and is priced at Rs. 13.30 lac . Its entry is northeast facing. The time you'll spend here will become the greatest moment of your life that will also help you to relieve, relax & evoke a great sense of happiness. It is well connected to the city areas. Please contact us for more details. ",1,northeast,0,0,0,1,0,0,1,0,,,1,1,,1,1,,,,1.0,,,,,,1.0,,,,
Raj Nagar Extension,2556.0,1620000.0,INR,,1,0,"This plot is situated in Raj Nagar Extension, Ghaziabad. It has an area of 2556 sqft. The property is available at a price of Rs. 16.20 lac . It is facing northeast direction. The society is well connected by different modes of transportation. Please contact us for more details. ",1,northeast,0,0,0,1,0,0,1,0,,1.0,1,1,1.0,1,1,,,,1.0,,,,,,,,,,
Raj Nagar Extension,1944.0,1231000.0,INR,,1,0,"A plot is available for sale in Raj Nagar Extension, Ghaziabad. It has an area of 1944 sqft and is priced at Rs. 12.31 lac . Its entry is northeast facing. The time you'll spend here will become the greatest moment of your life that will also help you to relieve, relax & evoke a great sense of happiness. Kindly call us for details. ",1,northeast,0,0,0,1,0,0,1,0,,1.0,1,0,1.0,1,0,,,,1.0,,,,,,1.0,,,,
Raj Nagar Extension,1620.0,1030000.0,INR,,1,0,This plot is situated in Raj Nagar Extension. It has an area of 1620 sqft. The property is available at a price of Rs. 10.30 lac . Its entry is northwest facing. The site is in close proximity to various civic utilities. Kindly call us for details. ,1,northwest,0,0,0,1,0,0,1,0,,,1,0,,1,0,,,,,1.0,,1.0,,,1.0,,,,
NH9,459.0,765000.0,INR,,1,0,,1,west,0,0,0,1,0,0,0,0,,,0,0,,1,0,,,,,,,,,,,,,,
Lal Kuan,450.0,750000.0,INR,,1,0,,1,east,0,0,0,1,0,0,0,0,,,0,0,,1,0,7.4,,,,,,,,,,,,,
Hindon Air Force Station,180.0,1027000.0,INR,,1,0,"Gated with 24hrs security, Just 10 km from Ghaziabad . Adjacent to 3 major highways- Northern expressway, New Ghaziabad by pass, Eastern peripheral exp way with BCCI cricket stadium and high speed rail connectivity...",1,northeast,0,0,0,0,0,0,1,1,,,0,0,1.0,1,1,,,,,,,,,,,,,,
Raj Nagar Extension Road,558.0,550000.0,INR,,1,0,"Pay 10% & Rs. get registry, Rest amount in 12 month . Gated with 24hrs security, Just 10 km from Ghaziabad . Adjacent to 3 major highways- Northern expressway, New Ghaziabad by pass, Eastern peripheral exp way with BCCI cricket stadium and high speed rail connectivity",1,northeast,0,0,0,0,0,0,1,0,,,0,0,1.0,1,1,,,,,,,,,,,,,,
Lal Kuan,540.0,900000.0,INR,,1,0,,1,east,0,0,0,1,0,0,0,0,,,0,0,,1,0,7.4,,123.0,,,,,,,,,,,
Niti Khand 1,1206.0,10600000.0,INR,,1,1,,1,north,0,0,0,0,0,0,0,0,,,0,0,,0,0,,,,,,,,,,,,,,
Raj Nagar Extension,450.0,375000.0,INR,,1,0,"This plot is available for sale and is located in the heart of Raj Nagar Extension. It has an area of 450 sqft and is priced at Rs. 3.75 lac . It is facing northeast direction. The time you'll spend here will become the greatest moment of your life that will also help you to relieve, relax & evoke a great sense of happiness. Contact us for more details. ",1,northeast,0,0,0,1,0,0,0,0,,,1,0,,1,1,,,,,1.0,,1.0,,,1.0,,,,
Tilla Modh,1620.0,1100000.0,INR,,1,0,"This plot is available for sale and is located in the heart of Tilla Modh. It has an area of 1620 sqft. The property is available at a price of Rs. 11.00 lac . Its entry is northeast facing. The time you'll spend here will become the greatest moment of your life that will also help you to relieve, relax & evoke a great sense of happiness. It is well connected to the city areas. Please contact us for more details. ",1,northeast,0,0,0,1,1,0,1,0,,,1,0,,1,1,,,,1.0,1.0,,1.0,,,1.0,,,,
Rajendra Nagar,558.0,550000.0,INR,,1,0,"Pay 10% & Rs. get registry, Rest amount in 12 month . Gated with 24hrs security, Just 10 km from Ghaziabad . Adjacent to 3 major highways- Northern expressway, New Ghaziabad by pass, Eastern peripheral exp way with BCCI cricket stadium and high speed rail connectivity...",1,northeast,0,0,0,0,0,0,0,0,,,0,0,1.0,1,1,,,,,,,,,,,,,,
Masuri,9000.0,13000000.0,INR,,1,0,"A plot is available at a prime location in Vardah Builders Vardah Enclave. It has an area of 9000 sqft. The property is available at a price of Rs. 1.30 cr . The time you'll spend here will become the greatest moment of your life that will also help you to relieve, relax & evoke a great sense of happiness. It is well connected to the city areas. Kindly call us for details. ",1,,0,0,0,1,0,0,0,0,,,1,0,,1,0,6.3,7.6,123.0,,,,,,,1.0,,,,
Masuri,900.0,1400000.0,INR,1.0,1,0,"It is a road facing property. The property is available on freehold. The time you'll spend here will become the greatest moment of your life that will also help you to relieve, relax & evoke a great sense of happiness. It is situated in the proximity of all the important facilities. Kindly call us for details.",1,,0,5,0,1,0,0,0,0,,,1,0,,1,0,6.3,7.6,123.0,,,,,,,1.0,,,,
NH34,711.0,1200000.0,INR,,1,0,,1,west,0,0,0,1,0,0,0,0,,,0,0,,1,0,,,,,1.0,,1.0,1.0,,,,,1.0,
Raj Nagar Extension,558.0,550000.0,INR,,1,0,"Pay 10% & Rs. get registry, Rest amount in 12 month . Gated with 24hrs security, Just 10 km from Ghaziabad . Adjacent to 3 major highways- Northern expressway, New Ghaziabad by pass, Eastern peripheral exp way with BCCI cricket stadium and high speed rail connectivity...",1,northeast,0,0,0,0,0,0,1,0,,,0,0,1.0,1,1,,,,,,,,,,,,,,
Dhoom Manikpur,450.0,475000.0,INR,,1,1,,1,north,0,0,0,1,0,0,0,0,,,1,0,,1,1,,,,,1.0,,,,,,,,,
Dhoom Manikpur,900.0,950000.0,INR,,1,1,,1,northeast,0,0,0,1,0,0,0,0,,1.0,1,0,1.0,1,1,,,,,1.0,,1.0,1.0,,1.0,,,1.0,
Dhoom Manikpur,1800.0,1900000.0,INR,,1,1,,1,northwest,0,0,0,1,0,0,0,0,,,1,0,,1,1,,,,,1.0,,,,,,,,,
Lal Kuan,810.0,855000.0,INR,,1,1,,1,west,0,0,0,0,0,0,0,0,,,0,0,1.0,0,0,7.4,,,,,,,1.0,,1.0,,,,
Lal Kuan,540.0,570000.0,INR,,1,1,,1,south,0,0,0,0,0,0,0,0,,,0,0,1.0,0,0,7.4,,,,,,,1.0,,1.0,,,,
Lal Kuan,450.0,475000.0,INR,,1,1,,1,north,0,0,0,0,0,0,0,0,,,0,0,1.0,0,0,7.4,,,,,,,1.0,,1.0,,,,
Lal Kuan,1350.0,1425000.0,INR,,1,1,,1,south,0,0,0,0,0,0,0,0,,,0,0,1.0,0,0,7.4,,,,,,,1.0,,1.0,,,,
Lal Kuan,1170.0,1235000.0,INR,,1,1,,1,south,0,0,0,0,0,0,0,0,,,0,0,1.0,0,0,7.4,,,,,,,1.0,,1.0,,,,
Lal Kuan,900.0,950000.0,INR,,1,1,,1,north,0,0,0,0,0,0,0,0,,,0,0,1.0,0,0,7.4,,,,,,,1.0,,1.0,,,,
Lal Kuan,720.0,760000.0,INR,,1,1,,1,south,0,0,0,0,0,0,0,0,,,0,0,1.0,0,0,7.4,,,,,,,1.0,,1.0,,,,
Lal Kuan,900.0,950000.0,INR,,1,0,,1,south,0,0,0,0,0,0,0,0,,,0,0,1.0,0,0,7.4,,,,,,,1.0,,1.0,,,,
Lal Kuan,900.0,950000.0,INR,,1,1,,1,northeast,0,0,0,0,0,0,0,0,,,0,0,1.0,0,0,7.4,,,,,,,1.0,,1.0,,,,
Lal Kuan,540.0,570000.0,INR,,1,1,,1,east,0,0,0,0,0,0,0,0,,,0,0,1.0,0,0,7.4,,,,,,,1.0,,1.0,,,,
Lal Kuan,1800.0,1900000.0,INR,,1,1,,1,southwest,0,0,0,0,0,0,0,0,,,0,0,1.0,0,0,7.4,,,,,,,1.0,,1.0,,,,
Lal Kuan,1350.0,1425000.0,INR,,1,1,,1,northwest,0,0,0,0,0,0,0,0,,,0,0,1.0,0,0,7.4,,,,,,,1.0,,1.0,,,,
Lal Kuan,900.0,950000.0,INR,,1,1,,1,northwest,0,0,0,0,0,0,0,0,,,0,0,1.0,0,0,7.4,,,,,,,1.0,,1.0,,,,
Lal Kuan,450.0,475000.0,INR,,1,0,,1,north,0,0,0,0,0,0,0,0,,,0,0,1.0,0,0,7.4,,,,,,,1.0,,1.0,,,,
Lal Kuan,630.0,665000.0,INR,,1,1,,1,northwest,0,0,0,0,0,0,0,0,,,0,0,1.0,0,0,7.4,,,,,,,1.0,,1.0,,,,
Lal Kuan,1350.0,1425000.0,INR,,1,1,,1,northeast,0,0,0,0,0,0,0,0,,,0,0,1.0,0,0,7.4,,,,,,,1.0,,1.0,,,,
Lal Kuan,1350.0,1425000.0,INR,,1,1,,1,south,0,0,0,0,0,0,0,0,,,0,0,1.0,0,0,7.4,,,,,,,1.0,,,,,,
Lal Kuan,990.0,1045000.0,INR,,1,0,,1,northeast,0,0,0,0,0,0,0,0,,,0,0,1.0,0,0,7.4,,,,,,,1.0,,,,,,
Raj Nagar Extension,558.0,550000.0,INR,,1,0,"Pay 10% & Rs. get registry, Rest amount in 12 month . Gated with 24hrs security, Just 10 km from Ghaziabad . Adjacent to 3 major highways- Northern expressway, New Ghaziabad by pass, Eastern peripheral exp way with BCCI cricket stadium and high speed rail connectivity...",1,northeast,0,0,0,0,0,0,1,1,,1.0,0,0,1.0,1,1,,,,1.0,,,1.0,,,,,,,
2 Avantika Main,1548.0,6020000.0,INR,,0,1,,1,west,0,0,1,0,0,0,0,0,,,0,0,1.0,1,0,,,,,1.0,,1.0,,,,,,1.0,
Masuri,900.0,1400000.0,INR,,1,0,"This plot is situated in Vardah Builders Vardah Enclave, Masuri. It has an area of 900 sqft. The property is available at a price of Rs. 14.00 lac . The time you'll spend here will become the greatest moment of your life that will also help you to relieve, relax & evoke a great sense of happiness. It is situated in the proximity of all the important facilities. Please contact for more details. ",1,,0,0,0,1,0,0,0,0,,,1,0,,1,0,6.3,7.6,123.0,,,,,,,1.0,,,,
Chipiyana Buzurg,900.0,4000000.0,INR,,0,0,"This property is located nearby to Shaberi Market, Gaur Chowk is 2 KM away. NH-24 is 5 minutes drive, All amenities are available in vicinities. East facing plot in a populated area",1,,0,0,0,0,0,0,0,0,,,0,0,,0,0,,,,,,,,,,,,,,
Girdharpur village,540.0,900000.0,INR,1.0,0,1,Near to New Modern Railway City and adjoining to Girdharpur Sunarsi. Wave city will connect the his road with Ghaziabad and Bulandshahar road in near future. Good connectivity to greater noida through Bisrakh Maur.,1,east,0,10,0,0,0,0,0,0,,,0,0,,0,0,,,,,,,,,,,,,,
sanjay nagar,1098.0,2444000.0,INR,,0,1,,1,northeast,0,0,1,0,0,0,0,0,,,0,0,1.0,1,0,,,,,1.0,,1.0,,,,,,1.0,
Rajendra Nagar,2700.0,19500000.0,INR,,0,0,,1,northeast,0,0,0,0,0,0,0,0,,,0,0,,0,0,,,,,,,,,,,,,,
NH 24 Highway,900.0,1250000.0,INR,,1,1,"Plot for sale nh 24 Jindal nagar ghaziabad 
Plot size 900sqft 
Price 12.5lac
Immediately position
80% loan or easy emi available 
30 foot road
Front site 10000 gaj me park
All facilities here",1,east,0,0,0,1,0,0,0,0,1.0,,1,0,,1,0,,,,,1.0,,1.0,,,,,,1.0,
Raj Nagar Extension,558.0,500000.0,INR,,1,0,"This plot is situated in Raj Nagar Extension, Ghaziabad. It has an area of 558 sqft and is priced at Rs. 5.00 lac . The time you'll spend here will become the greatest moment of your life that will also help you to relieve, relax & evoke a great sense of happiness. It is well connected to the city areas. Please contact us for more details. ",1,,0,0,0,0,0,0,0,0,,,0,0,,0,0,,,,,,,,,,,,,,
Raj Nagar Extension,560.0,550000.0,INR,,1,0,"A plot property is available for sale in Raj Nagar Extension, Ghaziabad. It has an area of 560 sqft and is priced at Rs. 5.50 lac . The time you'll spend here will become the greatest moment of your life that will also help you to relieve, relax & evoke a great sense of happiness. It is well connected to the city areas. Please contact us for more details. ",1,,0,0,0,0,0,0,0,0,,,0,0,,0,0,,,,,,,,,,,,,,
Ghaziabad,900.0,1400000.0,INR,1.0,0,0,"Residential Plot available for sale in Girdgarpur, Sunarasi, Ghaziabad, Wave City, Wave City, Ghaziabad. Available amenities are: Garden, Lift. Property is inside a gated community.",1,east,0,0,0,0,0,1,0,0,,,0,0,,0,0,,,,,,,,,,,,,,
vaishali sector 3,344.0,4300000.0,INR,,0,0,32 meter residential plot available for sale in vaishali sector 3f near chhaya public school and vaishali metro station with all basic facilities like market bank mall etc.,1,west,0,0,0,1,0,0,0,0,1.0,,0,0,,0,0,,,,,1.0,,1.0,,,1.0,,,1.0,
Dasna,2152.0,10039080.0,INR,0.0,1,0,"This plot is situated in Aditya Builders Pune World City, Dasna. It has an area of 2152 sqft. The property is available at a price of Rs. 1.00 cr . The amenities include multipurpose room, swimming pool, intercom, sewage treatment plant, service lift, others, flower garden, landscape garden and tree planting, gymnasium and children's play area. The time you'll spend here will become the greatest moment of your life that will also help you to relieve, relax & evoke a great sense of happiness. It is situated in the proximity of all the important facilities. ",1,,0,0,1,1,1,1,1,1,1.0,1.0,1,1,1.0,1,1,7.2,,43.0,1.0,1.0,1.0,1.0,1.0,1.0,1.0,,,,
Dasna,1197.0,5584005.0,INR,0.0,1,0,"A plot property is available for sale in Aditya Builders Pune World City, Dasna, Ghaziabad. It has an area of 1197 sqft. The property is available at a price of Rs. 55.84 lac . The amenities include gymnasium, sewage treatment plant, water storage, conference room, sports facility, swimming pool, landscape garden and tree planting, cycling & jogging track, flower garden and landscaped gardens. The time you'll spend here will become the greatest moment of your life that will also help you to relieve, relax & evoke a great sense of happiness. It is situated in the proximity of all the important facilities. Please contact for more details. ",1,,0,0,1,1,1,1,1,1,1.0,1.0,1,1,1.0,1,1,7.2,,43.0,1.0,1.0,1.0,1.0,1.0,1.0,1.0,,,,
vaishali 5,1571.0,17200000.0,INR,,0,0,"This plot is available for sale and is located in the heart of vaishali 5. It has an area of 1571 sqft and is priced at Rs. 1.72 cr . Its entry is northwest facing. The time you'll spend here will become the greatest moment of your life that will also help you to relieve, relax & evoke a great sense of happiness. The society is well connected by different modes of transportation.",1,northwest,0,0,0,0,0,0,0,0,,,0,0,,0,0,,,,,,,,,,,,,,
vaishali sector 3,968.0,10000000.0,INR,,0,0,"This plot is situated in vaishali sector 3. It has an area of 968 sqft and is priced at Rs. 1.00 cr . It is facing southeast direction. The time you'll spend here will become the greatest moment of your life that will also help you to relieve, relax & evoke a great sense of happiness. It is situated in the proximity of all the important facilities. Kindly call us for details.",1,southeast,0,0,0,0,0,0,0,0,,,0,0,,0,0,,,,,,,,,,,,,,
Vaishali Sector 4,1371.0,16200000.0,INR,,0,0,"This plot is available for sale and is located in the heart of Vaishali Sector 4. It has a salable area of 1371 sqft and is available at a price of Rs. 11,816 per sqft. Its entry is northwest facing. The time you'll spend here will become the greatest moment of your life that will also help you to relieve, relax & evoke a great sense of happiness. The society is well connected by different modes of transportation. If you are interested, please contact us for more details. ",1,northwest,0,0,0,0,0,0,0,0,,,0,0,,0,0,,,,,,,,,,,,,,
vaishali sector 3,344.0,4500000.0,INR,,0,0,"32 meter 11x33 residential GDA approved plot available for sale in sector 3 vaishali near to chhaya public school, metro station vaishali is only on 10 minutes walking away.",1,west,0,0,0,1,0,0,0,0,,,0,0,,0,0,,,,,,,,,,,,,,
Lal Kuan,405.0,561735.0,INR,,0,1,"This plot is available for sale and is located in the heart of Lal Kuan. It has a salable area of 405 sqft and is available at a price of Rs. 1,387 per sqft. It is northeast facing property. It is situated in the proximity of all the important facilities. Contact us for more details. ",1,northeast,0,0,1,1,0,0,0,0,,1.0,1,0,1.0,1,1,,,,1.0,1.0,,1.0,1.0,,1.0,,1.0,1.0,
Lal Kuan,900.0,1600000.0,INR,1.0,0,0,"This plot is situated in Sare Homes Gurgaon Ebony Greens, Lal Kuan, Ghaziabad. Its entry is east facing. The time you'll spend here will become the greatest moment of your life that will also help you to relieve, relax & evoke a great sense of happiness. It is situated in the proximity of all the important facilities. Kindly call us for details. ",1,east,0,10,0,0,1,1,1,0,1.0,,1,0,1.0,1,1,7.4,8.0,16.0,,,,,,,1.0,,,,
Mohan Nagar,1620.0,1100000.0,INR,,1,0,"This plot is situated in Mohan Nagar. It has a salable area of 1620 sqft and is available at a price of Rs. 679 per sqft. Its entry is east facing. The time you'll spend here will become the greatest moment of your life that will also help you to relieve, relax & evoke a great sense of happiness. It is situated in the proximity of all the important facilities. Please contact for more details. ",1,east,0,0,0,0,0,0,0,0,,,0,0,,0,0,,,,,,,,,,,,,,
Tilla Mode Farukh Nagar Road,1944.0,1300000.0,INR,,1,0,"A plot property is available for sale in Tilla Mode Farukh Nagar Road, Ghaziabad. It has an area of 1944 sqft. The property is available at a price of Rs. 13.00 lac . It is east facing property. The time you'll spend here will become the greatest moment of your life that will also help you to relieve, relax & evoke a great sense of happiness. It is situated in the proximity of all the important facilities. Please contact for more details. ",1,east,0,0,0,0,0,0,0,0,,,0,0,,0,0,,,,,,,,,,,,,,
Hindan Residential Area,1944.0,1300000.0,INR,,1,0,"A plot property is available for sale in Hindan Residential Area, Ghaziabad. It has a salable area of 1944 sqft and is available at a price of Rs. 668 per sqft. Its entry is east facing. The time you'll spend here will become the greatest moment of your life that will also help you to relieve, relax & evoke a great sense of happiness. It is situated in the proximity of all the important facilities. Contact us for more details. ",1,east,0,0,0,0,0,0,0,0,,,0,0,,0,0,,,,,,,,,,,,,,
Raj Nagar Extension,9072.0,6000000.0,INR,,1,0,"It has an area of 9072 sqft and is priced at Rs. 60.00 lac . Its entry is east facing. The time you'll spend here will become the greatest moment of your life that will also help you to relieve, relax & evoke a great sense of happiness. The site is in close proximity to various civic utilities. Please contact for more details. ",1,east,0,0,0,0,0,0,0,0,,,0,0,,0,0,,,,,,,,,,,,,,
Ghaziabad,1620.0,1100000.0,INR,,1,0,"A plot is available for sale in Ghaziabad, Ghaziabad. It has an area of 1620 sqft. The property is available at a price of Rs. 11.00 lac . It is east facing property. The time you'll spend here will become the greatest moment of your life that will also help you to relieve, relax & evoke a great sense of happiness. The site is in close proximity to various civic utilities. If you are interested, please contact us for more details. ",1,east,0,0,0,0,0,0,0,0,,,0,0,,0,0,,,,,,,,,,,,,,
Loni Bhopura Road,558.0,500000.0,INR,,1,0,"It has an area of 558 sqft and is priced at Rs. 5.00 lac . It is east facing property. The time you'll spend here will become the greatest moment of your life that will also help you to relieve, relax & evoke a great sense of happiness. The site is in close proximity to various civic utilities. Please contact us for more details. ",1,east,0,0,0,0,0,0,0,0,,,0,0,,0,0,,,,,,,,,,,,,,
Bhopura,558.0,500000.0,INR,,1,0,"This plot is available for sale and is located in the heart of Bhopura. It has an area of 558 sqft. The property is available at a price of Rs. 5.00 lac . Its entry is northeast facing. The time you'll spend here will become the greatest moment of your life that will also help you to relieve, relax & evoke a great sense of happiness. The site is in close proximity to various civic utilities. Contact us for more details. ",1,northeast,0,0,0,0,0,0,0,0,,,0,0,,0,0,,,,,,,,,,,,,,
Hindon Air Force Station,558.0,500000.0,INR,,1,0,"This plot is available for sale and is located in the heart of Hindon Air Force Station. It has an area of 558 sqft and is priced at Rs. 5.00 lac . It is facing east direction. It is well connected to the city areas. If you are interested, please contact us for more details. ",1,east,0,0,0,0,0,0,0,0,,,0,0,,0,0,,,,,,,,,,,,,,
Tilla Mode Farukh Nagar Road,558.0,500000.0,INR,,1,0,"This plot is situated in Tilla Mode Farukh Nagar Road. It has a salable area of 558 sqft and is available at a price of Rs. 896 per sqft. It is east facing property. The time you'll spend here will become the greatest moment of your life that will also help you to relieve, relax & evoke a great sense of happiness. The site is in close proximity to various civic utilities. Contact us for more details. ",1,east,0,0,0,0,0,0,0,0,,,0,0,,0,0,,,,,,,,,,,,,,
Raj Nagar Extension,558.0,500000.0,INR,,1,0,"A plot property is available for sale in Raj Nagar Extension, Ghaziabad. It has an area of 558 sqft and is priced at Rs. 5.00 lac . The time you'll spend here will become the greatest moment of your life that will also help you to relieve, relax & evoke a great sense of happiness. It is situated in the proximity of all the important facilities. Kindly call us for details. ",1,east,0,0,0,0,0,0,0,0,,,0,0,,0,0,,,,,,,,,,,,,,
Raj Nagar Extension,1620.0,1100000.0,INR,,1,0,"A plot property is available for sale in Raj Nagar Extension, Ghaziabad. It has an area of 1620 sqft. The property is available at a price of Rs. 11.00 lac . It is facing northeast direction. The site is in close proximity to various civic utilities. If you are interested, please contact us for more details. ",1,northeast,0,0,0,0,0,0,0,0,,,0,0,,0,0,,,,,,,,,,,,,,
Raj Nagar Extension,558.0,550000.0,INR,,1,0,"A plot is available for sale in Raj Nagar Extension, Ghaziabad. It is east facing property. The time you'll spend here will become the greatest moment of your life that will also help you to relieve, relax & evoke a great sense of happiness. It is situated in the proximity of all the important facilities. Please contact us for more details. ",1,east,0,0,0,0,0,0,0,0,,,0,0,,0,0,,,,,,,,,,,,,,
Hindan Residential Area,1944.0,1300000.0,INR,,1,0,"A plot is available for sale in Hindan Residential Area, Ghaziabad. It has an area of 1944 sqft and is priced at Rs. 13.00 lac . It is facing northeast direction. The time you'll spend here will become the greatest moment of your life that will also help you to relieve, relax & evoke a great sense of happiness. It is well connected to the city areas. Contact us for more details. ",1,northeast,0,0,0,0,0,0,0,0,,,0,0,,0,0,,,,,,,,,,,,,,
Raj Nagar Extension,558.0,500000.0,INR,,1,0,"A plot is available for sale in Raj Nagar Extension, Ghaziabad. It has an area of 558 sqft. The property is available at a price of Rs. 5.00 lac . Its entry is northeast facing. The time you'll spend here will become the greatest moment of your life that will also help you to relieve, relax & evoke a great sense of happiness. It is well connected to the city areas. If you are interested, please contact us for more details. ",1,northeast,0,0,0,0,0,0,0,0,,,0,0,,0,0,,,,,,,,,,,,,,
Hindan Residential Area,558.0,500000.0,INR,1.0,1,0,A plot is available at a prime location in Hindan Residential Area. It has an area of 558 sqft and is priced at Rs. 5.00 lac . Its entry is east facing. It is well connected to the city areas. Kindly call us for details. ,1,east,0,0,0,0,0,0,0,0,,,0,0,,0,0,,,,,,,,,,,,,,
Tilla Mode Farukh Nagar Road,558.0,500000.0,INR,,1,0,"It has a salable area of 558 sqft and is available at a price of Rs. 896 per sqft. It is facing east direction. The time you'll spend here will become the greatest moment of your life that will also help you to relieve, relax & evoke a great sense of happiness. It is situated in the proximity of all the important facilities. Please contact for more details. ",1,east,0,0,0,0,0,0,0,0,,,0,0,,0,0,,,,,,,,,,,,,,
Raj Nagar Extension,9072.0,1200000.0,INR,,1,0,"This plot is situated in Raj Nagar Extension. It has a salable area of 9072 sqft and is available at a price of Rs. 132 per sqft. It is facing east direction. The time you'll spend here will become the greatest moment of your life that will also help you to relieve, relax & evoke a great sense of happiness. Contact us for more details. ",1,east,0,0,0,0,0,0,0,0,,,0,0,,0,0,,,,,,,,,,,,,,
Raj Nagar Extension,558.0,500000.0,INR,,1,0,"This plot is situated in Raj Nagar Extension, Ghaziabad. It has a salable area of 558 sqft and is available at a price of Rs. 896 per sqft. It is east facing property. The time you'll spend here will become the greatest moment of your life that will also help you to relieve, relax & evoke a great sense of happiness. The site is in close proximity to various civic utilities. If you are interested, please contact us for more details. ",1,east,0,0,0,0,0,0,0,0,,,0,0,,0,0,,,,,,,,,,,,,,
Hindon Air Force Station,558.0,500000.0,INR,,1,0,"A plot is available at a prime location in Hindon Air Force Station. It has a salable area of 558 sqft and is available at a price of Rs. 896 per sqft. It is facing northeast direction. The time you'll spend here will become the greatest moment of your life that will also help you to relieve, relax & evoke a great sense of happiness. The society is well connected by different modes of transportation. ",1,northeast,0,0,0,0,0,0,0,0,,,0,0,,0,0,,,,,,,,,,,,,,
Raj Nagar Extension,558.0,500000.0,INR,,1,0,"A plot property is available for sale in Raj Nagar Extension, Ghaziabad. It has a salable area of 558 sqft and is available at a price of Rs. 896 per sqft. It is east facing property. The time you'll spend here will become the greatest moment of your life that will also help you to relieve, relax & evoke a great sense of happiness. It is well connected to the city areas. Please contact for more details. ",1,east,0,0,0,0,0,0,0,0,,,0,0,,0,0,,,,,,,,,,,,,,
Govindpuram,837.0,3200000.0,INR,1.0,0,0,,1,southeast,0,122,0,0,0,0,0,0,,,0,0,,0,0,,,,,,,,,,,,,,
Vaishali Sector 3A,1679.0,17500000.0,INR,,0,0,"This 156 meter single story cum plot is beautifully located in Sector 4 Vaishali, Ghaziabad and is reasonably priced at Rs 1.75 Cr. The plot consists of Municipal water water supply and is enclosed with a Brick Wall boundary wall. Its main entrance facing is towards North and it has 1 open side(s) and the width of the road facing the property is 40 feet",1,,0,0,0,0,0,0,0,0,,,0,0,,0,0,,,,,,,,,,,,,,
Vaishali Sector 2A,2228.0,22500000.0,INR,,0,0,"This 207 meter plot is beautifully located in Sector 2A Vaishali, Ghaziabad and is reasonably priced at Rs 2.25 Cr. The plot consists of Municipal water water supply and is enclosed with a Brick Wall boundary wall. Its main entrance facing is towards North and it has 1 open side(s) and the width of the road facing the property is 32 feet",1,,0,0,0,0,0,0,0,0,,,0,0,,0,0,,,,,,,,,,,,,,
Vaishali Sector 2A,969.0,10000000.0,INR,,0,0,"This 90 meter plot is beautifully located in Sector 2 Vaishali, Ghaziabad and is reasonably priced at Rs 1.0 Cr. The plot consists of Municipal water water supply and is enclosed with a Brick Wall boundary wall. Its main entrance facing is towards North and it has 1 open side(s) and the width of the road facing the property is 32 feet",1,,0,0,0,0,0,0,0,0,,,0,0,,0,0,,,,,,,,,,,,,,
vaishali 5,1206.0,14500000.0,INR,,0,0,"This 112 meter plot is beautifully located in Sector 5 Vaishali, Ghaziabad and is reasonably priced at Rs 1.45 Cr. The plot consists of Municipal water water supply and is enclosed with a Brick Wall boundary wall. Its main entrance facing is towards North and it has 1 open side(s) and the width of the road facing the property is 32 feet",1,,0,0,0,0,0,0,0,0,,,0,0,,0,0,,,,,,,,,,,,,,
vaishali 5,1572.0,17000000.0,INR,,0,0,"This146 meter plot is beautifully located in Sector 5 Vaishali, Ghaziabad and is reasonably priced at Rs 1.7 Cr. The plot consists of Municipal water water supply and is enclosed with a Brick Wall boundary wall. Its main entrance facing is towards North and it has 1 open side(s) and the width of the road facing the property is 32 feet",1,,0,0,0,0,0,0,0,0,,,0,0,,0,0,,,,,,,,,,,,,,
Vaishali Sector 4,1378.0,16000000.0,INR,,0,0,"A plot property is available for sale in Vaishali Sector 4, Ghaziabad. It has an area of 1377 sqft and is priced at Rs. 1.60 cr . The time you'll spend here will become the greatest moment of your life that will also help you to relieve, relax & evoke a great sense of happiness. It is well connected to the city areas. If you are interested, please contact us for more details. ",1,,0,0,0,0,0,0,0,0,,,0,0,,0,0,,,,,,,,,,,,,,
Vaishali Sector 2A,2691.0,32500000.0,INR,,0,0,"This plot is available for sale and is located in the heart of Vaishali Sector 2A. It has a salable area of 2690 sqft and is available at a price of Rs. 12,077 per sqft. The time you'll spend here will become the greatest moment of your life that will also help you to relieve, relax & evoke a great sense of happiness. It is situated in the proximity of all the important facilities. Please contact us for more details. ",1,,0,0,0,0,0,0,0,0,,,0,0,,0,0,,,,,,,,,,,,,,
Vaishali,2443.0,20500000.0,INR,,0,0,"227 meter residential plot GDA approved available for sale in sector 6 vaishali ghaziabad.
metro station vaishali is situated on 1 KM distance kr manglam world school and arogya hospital also are in this surroundings.",1,,0,0,0,0,0,0,0,0,,,0,0,,0,0,,,,,,,,,,,,,,
Govindpuram,1350.0,3750000.0,INR,1.0,0,0,,1,,0,122,0,0,0,0,0,0,,,0,0,,0,0,,,,,,,,,,,,,,
Govindpuram,1125.0,3125000.0,INR,1.0,0,0,,1,northeast,0,122,0,0,0,0,0,0,,,0,0,,0,0,,,,,,,,,,,,,,
Govindpuram,1350.0,3750000.0,INR,1.0,0,0,,1,northeast,0,122,0,0,0,0,0,0,,,0,0,,0,0,,,,,,,,,,,,,,
Lal Kuan,720.0,1200000.0,INR,,1,1,"A plot is available at a prime location in Property Vision Promotors And Developers Mansarovar Park. It has an area of 720 sqft and is priced at Rs. 12.00 lac (negotiable). It is north facing property. The time you'll spend here will become the greatest moment of your life that will also help you to relieve, relax & evoke a great sense of happiness. It is well connected to the city areas. Kindly call us for details.",1,north,0,0,1,1,0,0,0,0,,,0,0,1.0,0,0,7.4,,123.0,,1.0,,1.0,1.0,,,,,1.0,
Chhapraula,900.0,1600000.0,INR,,1,1,Brij vihar is offering residential plot in Ghaziabad. Brij vihar is offering residential plot in Ghaziabad. connected to Delhi . Residential plot for sale in NH-91 Ghaziabad .,1,northwest,0,0,1,1,0,0,1,0,,,0,0,1.0,1,1,,,,,,,,,,,,,,
N T P C Dadri Road,900.0,1300000.0,INR,,1,1,Mahamaya Enclave is offering residential plot in Ghaziabad. Mahamaya Enclave is offering residential plot in Ghaziabad. connected to Delhi . Residential plot for sale in NH-91 Ghaziabad .,1,east,0,0,1,1,0,0,0,0,,,0,0,1.0,0,1,,,,,,,,,,,,,,
Indirapuram,1206.0,11800000.0,INR,,0,1,"A plot is available for sale in Indirapuram, Ghaziabad. It has an area of 1206 sqft. The property is available at a price of Rs. 1.18 cr (negotiable). It is facing east direction. The time you'll spend here will become the greatest moment of your life that will also help you to relieve, relax & evoke a great sense of happiness. The site is in close proximity to various civic utilities. ",1,east,0,0,0,0,0,0,0,0,,,0,0,,0,0,,,,,,,,,,,,,,
Raj Nagar Extension,209424.0,39999999.0,INR,,1,1,"This is an agricultal land Raj Nagar Extention. 25 Feet Road are approved by GDA. Boundry Wall is done for the entire 6.5 Bhega. Distance from Main Highway only 20 Mtrs. 

Near By Landmark GD Goenka and DPS are about 500 Mtr. City Forest is 100 Mtrs.",1,north,0,0,0,0,0,0,0,0,,,0,0,,0,0,,,,,,,,,,,,,,
duhai,540.0,720000.0,INR,,1,1,"A plot is available for sale in duhai, Ghaziabad. One of the major USPs of the property is that it is a road facing property. The property is available on freehold. The time you'll spend here will become the greatest moment of your life that will also help you to relieve, relax & evoke a great sense of happiness. Kindly call us for details. ",1,west,0,0,0,1,0,0,0,1,,,1,0,,1,1,,,,,,,,,,,,,,
Niti Khand 1,2368.0,31000000.0,INR,,0,1,"A plot is available for sale in Niti Khand 1, Ghaziabad. It has an area of 2368 sqft and is priced at Rs. 3.10 cr (negotiable). Its entry is northeast facing. The time you'll spend here will become the greatest moment of your life that will also help you to relieve, relax & evoke a great sense of happiness. The society is well connected by different modes of transportation. Kindly call us for details. ",1,northeast,0,0,0,0,0,0,0,0,,,0,0,,0,0,,,,,,,,,,,,,,
Girdharpur village,720.0,1000000.0,INR,,1,1,DINKAR ENCLAVE is offering a residential plot in Ghaziabad. DINKAR ENCLAVE is offering residential plot in Ghaziabad. connected to Delhi . Residential plot for sale in NH-91 Ghaziabad .,1,west,0,0,1,1,0,0,1,0,,,0,0,1.0,1,1,,,,,,,,,,,,,,
Girdharpur village,450.0,625000.0,INR,,1,1,Plots and sold as single unit and there will be a single registryPlots and sold as single unit and there will be a single registryPlots and sold as single unit and there will be a single registryPlots and sold as single unit and there will be a single registryPlots and sold as single unit and there will be a single registryPlots and sold as single unit and there will be a single registryPlots and sold as single unit and there will be a single registryPlots and sold as single unit and there will be a single registryPlots and sold as single unit and there will be a single registryPlots and sold as single unit and there will be a single registry,1,east,0,0,1,1,0,0,1,0,,,0,0,1.0,1,1,,,,,,,,,,,,,,
N T P C Dadri Road,540.0,780000.0,INR,,1,1,Plots and sold as single unit and there will be a single registryPlots and sold as single unit and there will be a single registryPlots and sold as single unit and there will be a single registryPlots and sold as single unit and there will be a single registryPlots and sold as single unit and there will be a single registryPlots and sold as single unit and there will be a single registryPlots and sold as single unit and there will be a single registryPlots and sold as single unit and there will be a single registryPlots and sold as single unit and there will be a single registryPlots and sold as single unit and there will be a single registryPlots and sold as single unit and there will be a single registryPlots and sold as single unit and there will be a single registryPlots and sold as single unit and there will be a single registryPlots and sold as single unit and there will be a single registry,1,northwest,0,0,1,1,0,0,1,0,,,0,0,1.0,1,1,,,,,,,,,,,,,,
Chhapraula,540.0,780000.0,INR,,1,1,"Plots and sold as single unit and there will be a single registry

Plots and sold as single unit and there will be a single registryPlots and sold as single unit and there will be a single registryPlots and sold as single unit and there will be a single registryPlots and sold as single unit and there will be a single registry",1,east,0,0,1,1,0,0,1,0,,,0,0,1.0,1,1,,,,,,,,,,,,,,
Lal Kuan,900.0,1800000.0,INR,,1,1,"This plot is situated in Lal Kuan, Ghaziabad. It has a salable area of 900 sqft and is available at a price of Rs. 2,000 per sqft. It is east facing property. The time you'll spend here will become the greatest moment of your life that will also help you to relieve, relax & evoke a great sense of happiness. The site is in close proximity to various civic utilities. Please contact us for more details. ",1,east,0,0,0,0,0,0,0,0,,,0,0,,0,1,7.4,,,,1.0,,1.0,1.0,,1.0,,,1.0,
Niti Khand,2368.0,34000000.0,INR,1.0,0,1,"This plot is situated in Plot 499, Niti Khand, Ghaziabad. It has an area of 2368 sqft. The property is available at a price of Rs. 3.40 cr (negotiable). The time you'll spend here will become the greatest moment of your life that will also help you to relieve, relax & evoke a great sense of happiness. It is well connected to the city areas. Kindly call us for details. ",1,,0,5,1,1,0,0,0,0,,,0,0,,0,0,9.3,,2022.0,,,,,,,,,,,
Lal Kuan,468.0,780000.0,INR,,1,1,"A plot property is available for sale in Property Vision Promotors And Developers Mansarovar Park, Lal Kuan, Ghaziabad. It has a salable area of 468 sqft and is available at a price of Rs. 1,666 per sqft. Its entry is south facing. The time you'll spend here will become the greatest moment of your life that will also help you to relieve, relax & evoke a great sense of happiness. It is situated in the proximity of all the important facilities. ",1,south,0,0,1,1,0,0,0,0,,,0,0,,0,0,7.4,,123.0,,1.0,,1.0,,,,,,1.0,
Lal Kuan,495.0,770000.0,INR,,1,1,Mansarovar park is offering residential plot in Nh 24 Ghaziabad it is one of the best residential project and offering best plot in varying size and affordable price in your budget,1,west,0,0,0,1,0,0,0,0,,,0,0,,0,0,7.4,,123.0,,,,,,,,,,,
Ahinsa Khand,1800.0,4400000.0,INR,1.0,0,0,"A plot property is available for sale in Ahinsa Khand, Ghaziabad. It has an area of 1800 sqft. The property is available at a price of Rs. 44.00 lac . The time you'll spend here will become the greatest moment of your life that will also help you to relieve, relax & evoke a great sense of happiness. It is well connected to the city areas. Please contact for more details. ",1,,0,4,0,0,0,0,0,0,,,0,0,,0,0,,,,,,,,,,,,,,
Chhapraula,450.0,700000.0,INR,,1,1,"Brij Vihar is offering residential plot in Ghaziabad. It is one of best residential project

offering best plot in varying size and affordable price in your budget.",1,north,0,0,0,0,0,0,0,0,,,0,0,1.0,1,1,,,,,,,,,,,,,,
Lal Kuan,540.0,2063880.0,INR,0.0,1,0,"A plot is available at a prime location in ADV Realtors AR Residency. It has an area of 540 sqft and is priced at Rs. 20.64 lac . The amenities include 24 x 7 security, temple, gated community, landscape garden and tree planting, cctv and 24x7 water supply. The time you'll spend here will become the greatest moment of your life that will also help you to relieve, relax & evoke a great sense of happiness. The site is in close proximity to various civic utilities. ",1,,0,0,0,0,0,0,0,0,,,0,0,,1,0,7.4,,,,,,,,,,,,,
Lal Kuan,900.0,3439800.0,INR,0.0,1,0,"This plot is situated in ADV Realtors AR Residency, Lal Kuan. It has an area of 900 sqft and is priced at Rs. 34.40 lac . It has cctv as well as landscape garden and tree planting. The project also has 24x7 water supply, 24 x 7 security, temple and gated community. The time you'll spend here will become the greatest moment of your life that will also help you to relieve, relax & evoke a great sense of happiness. The society is well connected by different modes of transportation. Kindly call us for details. ",1,,0,0,0,0,0,0,0,0,,,0,0,,1,0,7.4,,,,,,,,,,,,,
Lal Kuan,720.0,2751840.0,INR,0.0,1,0,"A plot is available for sale in ADV Realtors AR Residency, Lal Kuan, Ghaziabad. It has a salable area of 720 sqft and is available at a price of Rs. 3,822 per sqft. The amenities include temple, 24x7 water supply, cctv, 24 x 7 security, gated community and landscape garden and tree planting. The time you'll spend here will become the greatest moment of your life that will also help you to relieve, relax & evoke a great sense of happiness. Please contact us for more details. ",1,,0,0,0,0,0,0,0,0,,,0,0,,1,0,7.4,,,,,,,,,,,,,
Lal Kuan,630.0,2407860.0,INR,0.0,1,0,"A plot property is available for sale in ADV Realtors AR Residency, Lal Kuan, Ghaziabad. It has an area of 630 sqft and is priced at Rs. 24.08 lac . The amenities include landscape garden and tree planting, 24 x 7 security, gated community, 24x7 water supply, cctv and temple. The society is well connected by different modes of transportation. If you are interested, please contact us for more details. ",1,,0,0,0,0,0,0,0,0,,,0,0,,1,0,7.4,,,,,,,,,,,,,
Lal Kuan,810.0,3095820.0,INR,0.0,1,0,"This plot is situated in ADV Realtors AR Residency, Lal Kuan, Ghaziabad. It has an area of 810 sqft and is priced at Rs. 30.96 lac . It has temple as well as cctv. The project also has 24x7 water supply, gated community, 24 x 7 security and landscape garden and tree planting. The time you'll spend here will become the greatest moment of your life that will also help you to relieve, relax & evoke a great sense of happiness. The site is in close proximity to various civic utilities. Please contact for more details. ",1,,0,0,0,0,0,0,0,0,,,0,0,,1,0,7.4,,,,,,,,,,,,,
Chhapraula,720.0,1280000.0,INR,,1,1,RESIDENTIAL PLOT IN LAL KUAN IN GZB MANSAROVER PARK DEVELOP SOCIETY GZB.RESIDENTIAL PLOT IN LAL KUAN IN GZB MANSAROVER PARK DEVELOP SOCIETY GZB.RESIDENTIAL PLOT IN LAL KUAN IN GZB MANSAROVER PARK DEVELOP SOCIETY GZB.RESIDENTIAL PLOT IN LAL KUAN IN GZB MANSAROVER PARK DEVELOP SOCIETY GZB.RESIDENTIAL PLOT IN LAL KUAN IN GZB MANSAROVER PARK DEVELOP SOCIETY GZB.RESIDENTIAL PLOT IN LAL KUAN IN GZB MANSAROVER PARK DEVELOP SOCIETY GZB.RESIDENTIAL PLOT IN LAL KUAN IN GZB MANSAROVER PARK DEVELOP SOCIETY GZB.,1,west,0,0,1,1,0,0,1,0,,,0,0,1.0,1,1,,,,,,,,,,,,,,
Lal Kuan,450.0,750000.0,INR,,1,1,"This plot is situated in Property Vision Promotors And Developers Mansarovar Park, Lal Kuan. It has an area of 450 sqft and is priced at Rs. 7.50 lac (negotiable). It is north facing property. The time you'll spend here will become the greatest moment of your life that will also help you to relieve, relax & evoke a great sense of happiness. It is well connected to the city areas. Kindly call us for details. ",1,north,0,0,1,1,0,0,0,0,,,0,0,1.0,0,0,7.4,,123.0,,1.0,,1.0,1.0,,,,,1.0,
Lal Kuan,540.0,950000.0,INR,,1,1,"A plot is available at a prime location in Property Vision Promotors And Developers Mansarovar Park. It has a salable area of 540 sqft and is available at a price of Rs. 1,759 per sqft. The time you'll spend here will become the greatest moment of your life that will also help you to relieve, relax & evoke a great sense of happiness. It is well connected to the city areas. Kindly call us for details. ",1,north,0,0,0,1,0,0,0,0,,,0,0,,0,0,7.4,,123.0,,1.0,,1.0,1.0,,,,,1.0,
Lal Kuan,495.0,770000.0,INR,,1,1,"A plot is available at a prime location in Property Vision Promotors And Developers Mansarovar Park. It has a salable area of 495 sqft and is available at a price of Rs. 1,555 per sqft. Its entry is south facing. The time you'll spend here will become the greatest moment of your life that will also help you to relieve, relax & evoke a great sense of happiness. Kindly call us for details. ",1,south,0,0,0,1,0,0,0,0,,,0,0,,0,0,7.4,,123.0,,1.0,,1.0,1.0,,,,,1.0,
Lal Kuan,900.0,1400000.0,INR,,1,1,"This plot is situated in Property Vision Promotors And Developers Mansarovar Park, Lal Kuan, Ghaziabad. It has an area of 900 sqft. The property is available at a price of Rs. 14.00 lac (negotiable). Its entry is east facing. The time you'll spend here will become the greatest moment of your life that will also help you to relieve, relax & evoke a great sense of happiness. The society is well connected by different modes of transportation. If you are interested, please contact us for more details. ",1,east,0,0,0,1,0,0,0,0,,,0,0,,0,0,7.4,,123.0,,1.0,,1.0,1.0,,,,,1.0,
Dasna,900.0,650000.0,INR,1.0,0,0,"This plot is available for sale and is located in the heart of Dasna. It has an area of 900 sqft and is priced at Rs. 6.50 lac . The time you'll spend here will become the greatest moment of your life that will also help you to relieve, relax & evoke a great sense of happiness. It is situated in the proximity of all the important facilities. If you are interested, please contact us for more details. ",1,,0,0,0,0,0,0,0,0,,,0,0,,0,0,7.2,,,,,,,,,,,,,
Hapur Road Dasna,353.0,3177000.0,INR,,1,1,"This plot is available for sale and is located in the heart of Hapur Road Dasna. It has a salable area of 353 sqft and is available at a price of Rs. 9,000 per sqft. It is facing west direction. The time you'll spend here will become the greatest moment of your life that will also help you to relieve, relax & evoke a great sense of happiness. The site is in close proximity to various civic utilities. Contact us for more details. ",1,west,0,0,1,0,0,0,0,0,,,0,0,,1,1,,,,,,,,,,,,,,
Lal Kuan,450.0,600000.0,INR,,1,1,"Krishna Inclave is offering residential plot in Ghaziabad. It is one of best residential project
offering best plot in varying size and affordable price in your budget. This residential project is well
connected to Delhi . Residential plot for sale in NH-91 Ghaziabad .The location has easy access to, 
Dena Bank (0 km ), Anand Hospital (1 km ), Institute of Management Studies Ghaziabad (1 km ) and
Ghaziabad Railway Station (5 km)...",1,northeast,0,0,0,0,0,0,0,0,,,1,0,,0,1,,,,,1.0,,1.0,1.0,,1.0,,,1.0,
Chhapraula,450.0,700000.0,INR,,1,1,"Mahaveer Inclave is offering residential plot in Ghaziabad. It is one of best residential project
offering best plot in varying size and affordable price in your budget. This residential project is well
connected to Delhi . Residential plot for sale in NH-91 Ghaziabad .The location has easy access to, 
Dena Bank (0 km ), Anand Hospital (1 km ), Institute of Management Studies Ghaziabad (1 km ) and
Ghaziabad Railway Station (5 km)...",1,northeast,0,0,0,0,0,0,0,0,,,1,0,,0,1,,,,,1.0,,1.0,1.0,,1.0,,,1.0,
N T P C Dadri Road,450.0,650000.0,INR,,1,1,"Mahamaya Inclave is offering residential plot in Ghaziabad. It is one of best residential project
offering best plot in varying size and affordable price in your budget. This residential project is well
connected to Delhi . Residential plot for sale in NH-91 Ghaziabad .The location has easy access to, 
Dena Bank (0 km ), Anand Hospital (1 km ), Institute of Management Studies Ghaziabad (1 km ) and
Ghaziabad Railway Station (5 km)...",1,northeast,0,0,0,0,0,0,0,0,,,1,0,,0,1,,,,,1.0,,1.0,1.0,,1.0,,,1.0,
N T P C Dadri Road,450.0,700000.0,INR,,1,0,"This plot is situated in N T P C Dadri Road. The property is available on freehold. The time you'll spend here will become the greatest moment of your life that will also help you to relieve, relax & evoke a great sense of happiness. The site is in close proximity to various civic utilities. Kindly call us for details. ",1,northeast,0,0,0,1,0,0,1,0,,,0,0,1.0,1,1,,,,,,,,,,,,,,
Mahurali,900.0,2150000.0,INR,,1,1,"This plot is situated in Mahurali, Ghaziabad. Its entry is northeast facing. The time you'll spend here will become the greatest moment of your life that will also help you to relieve, relax & evoke a great sense of happiness. It is situated in the proximity of all the important facilities. Contact us for more details. ",1,northeast,0,0,0,0,0,0,0,0,,,0,0,,0,0,,,,,1.0,,1.0,,,,,,1.0,
NH 24 Highway,1476.0,4000000.0,INR,1.0,1,1,"164 sq yard Plot for sale in sai enclave near ABES Engg college NH-24. Property is just 900 meter from national highway 24. Prime location and closed proximity of Greater noida Gaur Chaowk, crossing republic, ek moorti chowk.",1,north,0,0,0,0,0,0,0,1,,,1,0,,0,0,,,,,1.0,,1.0,1.0,,1.0,,,1.0,
vaishali 5,883.0,9000000.0,INR,,0,0,82 meter GDA approved residential plot north east facing available for sale in gated society near mohan dhaba sector 5 vaishali ghaziabad with all basic amenities.,1,,0,0,0,1,0,0,0,0,,,0,0,1.0,0,1,,,123.0,,,,,,,1.0,,,,
Sector 9 Vasundhara,840.0,8000000.0,INR,,0,0,78 meter GDA approved residential plot available for sale in gated society near cng station sector 9 vaishali extension ghaziabad with all basic amenities.,1,,0,0,0,0,0,0,0,0,1.0,,0,0,1.0,0,1,9.3,,43.0,,,,,,,,,,,
vaishali 5,1055.0,12400000.0,INR,,0,0,98 meter GDA approved residential plot west facing available for sale in gated society near shopprix mall sector 5 vaishali ghaziabad with all basic amenities.,1,,0,0,0,1,0,0,0,0,,,0,0,1.0,0,1,,,123.0,,,,,,,1.0,,,,
Sector 7 Vaishali,4736.0,47000000.0,INR,,0,0,corner 440 meter GDA approved residential plot available for sale in gated society near k r manglam world school sector 6 vaishali ghaziabad with all basic amenities.,1,,0,0,0,1,0,0,0,0,,,0,0,1.0,0,1,9.7,,2022.0,,,,,,,,,,,
Sector 4 Vaishali,1378.0,15000000.0,INR,,0,0,128 meter GDA approved residential plot available for sale in gated society near aryan public school sector 4 vaishali ghaziabad with all basic amenities.,1,,0,0,0,0,0,1,0,0,,,0,0,,0,1,9.9,,2022.0,,,,,,,,,,,
Indirapuram,2648.0,23000000.0,INR,,0,0,246 meter GDA approved residential plot north east facing available for sale in gated society near swarn jayanti park neeti khand 2 indirapuram ghaziabad with all basic amenities.,1,,0,0,0,1,0,0,0,0,,1.0,0,0,1.0,0,1,,,123.0,,,,,,,1.0,,,,
vaishali 5,1572.0,17200000.0,INR,,0,0,146 meter GDA approved residential plot north west facing available for sale in gated society near shopprix mall sector 5 vaishali ghaziabad with all basic amenities.,1,,0,0,0,1,0,0,0,0,,,0,0,1.0,0,1,,,123.0,,,,,,,1.0,,,,
Sector 4 Vaishali,2433.0,27500000.0,INR,,0,0,226 meter GDA approved residential plot available for sale in gated society near aryan public school sector 4 vaishali ghaziabad with all basic amenities.,1,,0,0,0,0,0,0,0,0,,,0,0,,0,0,9.9,,2022.0,,,,,,,,,,,
Sector 3 Vaishali,344.0,4300000.0,INR,,0,0,32 meter GDA approved residential plot available for sale in gated society near chhaya public school sector 3f vaishali ghaziabad with all basic amenities.,1,,0,0,0,0,0,0,0,0,,,0,0,,0,0,10.0,,123.0,,,,,,,,,,,
Sector 4 Vaishali,1378.0,16000000.0,INR,,0,0,128 meter GDA approved residential plot available for sale in gated society near aryan public school sector 4 vaishali ghaziabad with all basic amenities.,1,,0,0,0,1,0,0,0,0,,,0,0,1.0,1,1,9.9,,123.0,,,,,,,,,,,
Sector 2 Vaishali,2228.0,23000000.0,INR,,0,0,207 meter GDA approved residential plot available for sale in gated society near punjab national bank sector 2A vaishali ghaziabad with all basic amenities.,1,,0,0,0,0,0,0,0,0,,,0,0,,0,0,9.8,,123.0,,,,,,,,,,,
Sector 2 Vaishali,969.0,10000000.0,INR,,0,0,90 meter GDA approved residential plot available for sale in gated society near vansthali public school sector 2B vaishali ghaziabad with all basic amenities.,1,,0,0,0,0,0,0,0,0,,,0,0,,0,0,9.8,,123.0,,,,,,,,,,,
Sector 2 Vaishali,969.0,1000000.0,INR,,0,0,90 meter GDA approved residential plot available for sale in gated society near vansthali public school sector 2B vaishali ghaziabad with all basic amenities.,1,,0,0,0,0,0,0,0,0,,,0,0,,0,0,9.8,,123.0,,,,,,,,,,,
Sector 3 Vaishali,2228.0,23000000.0,INR,,1,0,"A plot is available for sale in Plot 369, Sector 3 Vaishali, Ghaziabad. It has an area of 2228 sqft. The property is available at a price of Rs. 2.30 cr . The time you'll spend here will become the greatest moment of your life that will also help you to relieve, relax & evoke a great sense of happiness. The site is in close proximity to various civic utilities. If you are interested, please contact us for more details. ",1,,0,0,1,1,0,0,0,0,,,0,0,,0,0,10.0,,2022.0,,,,,,,,,,,
vaishali sector 3,344.0,4300000.0,INR,,0,0,"This 32 meter plot is beautifully located in Sector 3 Vaishali, Ghaziabad and is reasonably priced at Rs 43 Lac. The plot consists of Municipal water water supply and is enclosed with a Brick Wall boundary wall. Its main entrance facing is towards North and it has 1 open side(s) and the width of the road facing the property is 18 feet",1,,0,0,0,0,0,0,0,0,,,0,0,,0,0,,,,,,,,,,,,,,
Sector 1 Vaishali,3218.0,37500000.0,INR,,0,1,"A plot is available for sale in Sector 1 Vaishali, Ghaziabad. It has an area of 3218 sqft. The property is available at a price of Rs. 3.75 cr (negotiable). It is a road facing property. The property is available on freehold. Please contact us for more details. ",1,east,0,0,0,1,0,0,0,0,1.0,1.0,0,0,1.0,1,1,,,,,1.0,,1.0,1.0,,1.0,,,1.0,
Sector 9 Vaishali,775.0,13000000.0,INR,,0,1,"A plot is available at a prime location in Sector 9 Vaishali. It has an area of 775 sqft and is priced at Rs. 1.30 cr (negotiable). The plot provides an excellent view as it overlooks the garden. The property is available on freehold. The time you'll spend here will become the greatest moment of your life that will also help you to relieve, relax & evoke a great sense of happiness. It is well connected to the city areas. If you are interested, please contact us for more details. ",1,northeast,0,0,0,1,0,0,0,0,1.0,1.0,1,0,1.0,1,1,,,,,1.0,,1.0,1.0,,1.0,,,1.0,
Sector 7 Vaishali,1206.0,14500000.0,INR,,0,0,112 meter GDA approved residential plot north east facing available for sale in gated society near mohan dhaba sector 5 vaishali ghaziabad with all basic amenities.,1,,0,0,0,0,0,0,0,0,,,0,0,,0,0,9.7,,2022.0,,,,,,,,,,,
vaishali 5,2228.0,24000000.0,INR,,0,0,207 meter GDA approved residential plot north facing available for sale in gated society gulati vardi wale sector 5 vaishali ghaziabad with all basic amenities.,1,,0,0,0,1,0,0,0,0,,,0,0,1.0,0,1,,,123.0,,,,,,,1.0,,,,
Sector 1 Vaishali,1324.0,14200000.0,INR,,0,0,123 meter GDA approved residential plot available for sale in gated society near modern public school sector 1 vaishali ghaziabad with all basic amenities.,1,,0,0,0,0,0,0,0,0,,,0,0,,0,0,10.0,,2022.0,,,,,,,,,,,
Pratap Vihar,1600.0,10000000.0,INR,,0,1,"This plot is available for sale and is located in the heart of Pratap Vihar. The plot provides an excellent view as it is a corner property. The property is available on freehold. The time you'll spend here will become the greatest moment of your life that will also help you to relieve, relax & evoke a great sense of happiness. Kindly call us for details. ",1,west,0,0,0,1,0,0,0,0,1.0,1.0,0,0,1.0,1,0,,,,,1.0,,1.0,1.0,,1.0,,,1.0,
Avantika Colony,2220.0,8250000.0,INR,,0,1,East Facing Plot/ 30 feet Road on Front/ 2 sides constructed house/200 Meters from Main Market/500 Meters from Ghaziabad Hapur Highway/Plot is in Sahkari Nagar Cooperative Society attached with Avantika Colony/4 sides boundary walls 6 feet above road level/Peaceful area for residential purpose.,1,east,0,0,0,0,0,0,0,0,,,0,0,,0,0,,,,,,,,,,,,,,
Raj Nagar Extension,558.0,500000.0,INR,,1,0,"A plot is available for sale in Raj Nagar Extension, Ghaziabad. It has an area of 558 sqft. The property is available at a price of Rs. 5.00 lac . Its entry is east facing. The time you'll spend here will become the greatest moment of your life that will also help you to relieve, relax & evoke a great sense of happiness. The site is in close proximity to various civic utilities. ",1,east,0,0,0,1,0,0,1,1,,,1,0,,1,0,,,,1.0,,,,,,1.0,,,,
Raj Nagar Extension,558.0,500000.0,INR,,1,0,"This plot is situated in Raj Nagar Extension. It has a salable area of 558 sqft and is available at a price of Rs. 896 per sqft. It is northeast facing property. The time you'll spend here will become the greatest moment of your life that will also help you to relieve, relax & evoke a great sense of happiness. The site is in close proximity to various civic utilities. ",1,northeast,0,0,0,1,0,0,1,1,,,1,0,,1,0,,,,1.0,,,,,,1.0,,,,
Raj Nagar Extension,558.0,500000.0,INR,,1,0,"A plot is available for sale in Raj Nagar Extension, Ghaziabad. It has an area of 558 sqft. The property is available at a price of Rs. 5.00 lac . Its entry is northeast facing. The time you'll spend here will become the greatest moment of your life that will also help you to relieve, relax & evoke a great sense of happiness. It is well connected to the city areas. Kindly call us for details. ",1,northeast,0,0,0,1,0,0,1,1,,,1,1,,1,0,,,,1.0,,,,,,1.0,,,,
Ghaziabad,1944.0,1299999.0,INR,,1,0,"A plot is available for sale in Ghaziabad, Ghaziabad. It has an area of 1944 sqft. The property is available at a price of Rs. 13.00 lac . It is northeast facing property. The time you'll spend here will become the greatest moment of your life that will also help you to relieve, relax & evoke a great sense of happiness. It is well connected to the city areas. Contact us for more details. ",1,northeast,0,0,0,1,0,0,1,1,,,1,1,,1,0,,,,1.0,,,,,,1.0,,,,
Ghaziabad,1944.0,1300000.0,INR,,1,0,"A plot is available for sale in Ghaziabad, Ghaziabad. It has a salable area of 1944 sqft and is available at a price of Rs. 668 per sqft. It is northeast facing property. The time you'll spend here will become the greatest moment of your life that will also help you to relieve, relax & evoke a great sense of happiness. It is situated in the proximity of all the important facilities. Please contact for more details. ",1,northeast,0,0,0,1,0,0,1,1,,,1,1,,1,0,,,,1.0,,,,,,1.0,,,,
Tilla Mode Farukh Nagar Road,1620.0,1100000.0,INR,,1,0,"This plot is situated in Tilla Mode Farukh Nagar Road, Ghaziabad. It has a salable area of 1620 sqft and is available at a price of Rs. 679 per sqft. Its entry is northeast facing. The time you'll spend here will become the greatest moment of your life that will also help you to relieve, relax & evoke a great sense of happiness. It is situated in the proximity of all the important facilities. If you are interested, please contact us for more details. ",1,northeast,0,0,0,1,0,0,1,1,,,1,1,,1,0,,,,1.0,,,,,,1.0,,,,
Hindan Residential Area,9072.0,6000000.0,INR,,1,0,"A plot is available at a prime location in Hindan Residential Area. It has an area of 9072 sqft. The property is available at a price of Rs. 60.00 lac . It is facing east direction. The time you'll spend here will become the greatest moment of your life that will also help you to relieve, relax & evoke a great sense of happiness. It is well connected to the city areas. Kindly call us for details. ",1,east,0,0,0,1,0,0,1,1,,,1,1,,1,0,,,,1.0,,,,,,1.0,,,,
Raj Nagar Extension,1944.0,1300000.0,INR,,1,0,"A plot property is available for sale in Raj Nagar Extension, Ghaziabad. It is east facing property. The time you'll spend here will become the greatest moment of your life that will also help you to relieve, relax & evoke a great sense of happiness. The society is well connected by different modes of transportation. Kindly call us for details.",1,east,0,0,0,1,0,0,1,1,,,1,1,,1,0,,,,1.0,,,,,,1.0,,,,
Raj Nagar Extension,1620.0,1076006.0,INR,,1,0,"Gated with 24hrs security, Just 10 km from Ghaziabad . Adjacent to 3 major highways- Northern expressway, New Ghaziabad by pass, Eastern peripheral exp way with BCCI cricket stadium and high speed rail connectivity...",1,northeast,0,0,0,1,1,0,1,1,,,1,1,1.0,1,1,,,,1.0,1.0,,,,,,,,1.0,
Raj Nagar Extension,558.0,550000.0,INR,,1,0,"Pay 10% & Rs. get registry, Rest amount in 12 month . Gated with 24hrs security, Just 10 km from Ghaziabad . Adjacent to 3 major highways- Northern expressway, New Ghaziabad by pass, Eastern peripheral exp way with BCCI cricket stadium and high speed rail connectivity...",1,northeast,0,0,0,1,0,0,1,1,,,0,0,1.0,1,1,,,,,,,,,,,,,,
Raj Nagar Extension,558.0,500000.0,INR,,1,0,"This plot is available for sale and is located in the heart of Raj Nagar Extension. It has a salable area of 558 sqft and is available at a price of Rs. 896 per sqft. It is east facing property. The time you'll spend here will become the greatest moment of your life that will also help you to relieve, relax & evoke a great sense of happiness. It is situated in the proximity of all the important facilities. Please contact for more details. ",1,east,0,0,0,1,0,0,1,1,,,1,1,,1,0,,,,1.0,,,,,,1.0,,,,
Crossing Republik,1800.0,3999600.0,INR,0.0,1,0,"This plot is situated in Satyam Real Build Vrindavan Garden, Crossing Republik. It has a salable area of 1800 sqft and is available at a price of Rs. 2,222 per sqft. It has internal roads as well as electricity. The project also has school, gated community, authority park, water supply, malls on walking distance and gas pipeline. The time you'll spend here will become the greatest moment of your life that will also help you to relieve, relax & evoke a great sense of happiness. The site is in close proximity to various civic utilities. ",1,,0,0,0,0,0,0,0,0,,,0,0,,0,0,,,17.0,,,,1.0,,,,,,,
Crossing Republik,900.0,1999800.0,INR,0.0,1,0,"This plot is situated in Satyam Real Build Vrindavan Garden, Crossing Republik. It has an area of 900 sqft and is priced at Rs. 20.00 lac . The time you'll spend here will become the greatest moment of your life that will also help you to relieve, relax & evoke a great sense of happiness. It is well connected to the city areas. Please contact for more details. ",1,,0,0,0,0,0,0,0,0,,,0,0,,0,0,,,17.0,,,,1.0,,,,,,,
Crossing Republik,450.0,999900.0,INR,0.0,1,0,"This plot is situated in Satyam Real Build Vrindavan Garden, Crossing Republik, Ghaziabad. It has a salable area of 450 sqft and is available at a price of Rs. 2,222 per sqft. It has water supply as well as electricity. The project also has authority park, gated community, school, gas pipeline, internal roads and malls on walking distance. The time you'll spend here will become the greatest moment of your life that will also help you to relieve, relax & evoke a great sense of happiness. The site is in close proximity to various civic utilities. ",1,,0,0,0,0,0,0,0,0,,,0,0,,0,0,,,17.0,,,,1.0,,,,,,,
Crossing Republik,585.0,1299870.0,INR,0.0,1,0,"A plot property is available for sale in Satyam Real Build Vrindavan Garden, Crossing Republik, Ghaziabad. It has an area of 585 sqft and is priced at Rs. 13.00 lac . It has malls on walking distance as well as gas pipeline. The project also has water supply, school, authority park, electricity, gated community and internal roads. The time you'll spend here will become the greatest moment of your life that will also help you to relieve, relax & evoke a great sense of happiness. The site is in close proximity to various civic utilities. Please contact for more details. ",1,,0,0,0,0,0,0,0,0,,,0,0,,0,0,,,17.0,,,,1.0,,,,,,,
Hindon Residential Area,558.0,500000.0,INR,,1,0,"This plot is available for sale and is located in the heart of Hindon Residential Area. It has an area of 558 sqft. The property is available at a price of Rs. 5.00 lac . It is northeast facing property. The time you'll spend here will become the greatest moment of your life that will also help you to relieve, relax & evoke a great sense of happiness. The society is well connected by different modes of transportation. Kindly call us for details. ",1,northeast,0,0,0,1,0,0,1,1,,,1,1,,1,0,,,,1.0,,,,,,1.0,,,,
Raj Nagar Extension,450.0,350000.0,INR,,1,0,"It has an area of 450 sqft. The property is available at a price of Rs. 3.50 lac . It is east facing property. The time you'll spend here will become the greatest moment of your life that will also help you to relieve, relax & evoke a great sense of happiness. The site is in close proximity to various civic utilities. If you are interested, please contact us for more details. ",1,east,0,0,0,1,0,0,0,1,,,1,1,,1,0,,,,,,,,,,1.0,,,,
Gangapuram Ghaziabad,936.0,3000000.0,INR,,0,1,"A plot property is available for sale in Gangapuram Ghaziabad, Ghaziabad. It has an area of 936 sqft. The property is available at a price of Rs. 30.00 lac (negotiable). The time you'll spend here will become the greatest moment of your life that will also help you to relieve, relax & evoke a great sense of happiness. The site is in close proximity to various civic utilities. Please contact us for more details. ",1,northeast,0,0,0,1,0,0,0,0,,,0,0,1.0,1,0,,,,,1.0,,1.0,1.0,,1.0,,,1.0,
Raj Nagar Extension,558.0,500000.0,INR,,1,0,"A plot is available at a prime location in Raj Nagar Extension. It has an area of 558 sqft. The property is available at a price of Rs. 5.00 lac . It is northeast facing property. The time you'll spend here will become the greatest moment of your life that will also help you to relieve, relax & evoke a great sense of happiness. It is situated in the proximity of all the important facilities. Kindly call us for details. ",1,northeast,0,0,0,1,0,0,1,1,,,1,1,,1,0,,,,1.0,,,,,,1.0,,,,
Hindan Residential Area,558.0,500000.0,INR,,1,0,"A plot property is available for sale in Hindan Residential Area, Ghaziabad. It has an area of 558 sqft and is priced at Rs. 5.00 lac . Its entry is east facing. The time you'll spend here will become the greatest moment of your life that will also help you to relieve, relax & evoke a great sense of happiness. It is well connected to the city areas. If you are interested, please contact us for more details. ",1,east,0,0,0,1,0,0,1,1,,,1,1,,1,0,,,,,,,,,,1.0,,,,
Lal Kuan,900.0,2799900.0,INR,1.0,1,0,"A plot is available for sale in Satyam Real Build Residency Plots, Lal Kuan, Ghaziabad. It has a salable area of 900 sqft and is available at a price of Rs. 3,111 per sqft. The amenities include cctv, commercial , open parking, lift available, gymnasium, landscape garden and tree planting, covered boundry , 24 x 7 security, community hall and sewrage system. The time you'll spend here will become the greatest moment of your life that will also help you to relieve, relax & evoke a great sense of happiness. It is well connected to the city areas. Kindly call us for details. ",1,,0,7,1,0,0,1,0,0,,,1,0,,1,1,7.4,,17.0,,,,,,1.0,,,,,
Lal Kuan,768.0,2389248.0,INR,1.0,1,0,"A plot property is available for sale in Satyam Real Build Residency Plots, Lal Kuan, Ghaziabad. It has an area of 768 sqft and is priced at Rs. 23.89 lac . The amenities include landscape garden and tree planting, fire fighting system, 24 x 7 security, covered boundry , temple, lift available, jogging track, community hall, sewrage system and commercial . The time you'll spend here will become the greatest moment of your life that will also help you to relieve, relax & evoke a great sense of happiness. Kindly call us for details. ",1,,0,7,1,0,0,1,0,0,,,1,0,,1,1,7.4,,17.0,,,,,,1.0,,,,,
Lal Kuan,868.0,2700348.0,INR,1.0,1,0,"A plot is available for sale in Satyam Real Build Residency Plots, Lal Kuan, Ghaziabad. It has a salable area of 868 sqft and is available at a price of Rs. 3,111 per sqft. It has daber road as well as fire fighting system. The project also has cctv, lift available, landscape garden and tree planting, community hall, 24 feet wide road , multipurpose room, open parking and covered boundry . The time you'll spend here will become the greatest moment of your life that will also help you to relieve, relax & evoke a great sense of happiness. It is situated in the proximity of all the important facilities. Contact us for more details. ",1,,0,7,1,0,0,1,0,0,,,1,0,,1,1,7.4,,17.0,,,,,,1.0,,,,,
Lal Kuan,250.0,777750.0,INR,1.0,1,0,"A plot is available at a prime location in Satyam Real Build Residency Plots. It has a salable area of 250 sqft and is available at a price of Rs. 3,111 per sqft. The amenities include power backup, 24 x 7 security, street plantation , gymnasium, multipurpose room, street lighting, fire fighting system, sewrage system, covered boundry and commercial . The time you'll spend here will become the greatest moment of your life that will also help you to relieve, relax & evoke a great sense of happiness. The site is in close proximity to various civic utilities. Please contact for more details. ",1,,0,7,1,0,0,1,0,0,,,1,0,,1,1,7.4,,17.0,,,,,,1.0,,,,,
Lal Kuan,558.0,1735938.0,INR,1.0,1,0,"A plot property is available for sale in Satyam Real Build Residency Plots, Lal Kuan, Ghaziabad. It has an area of 558 sqft and is priced at Rs. 17.36 lac . The time you'll spend here will become the greatest moment of your life that will also help you to relieve, relax & evoke a great sense of happiness. It is situated in the proximity of all the important facilities. Please contact us for more details. ",1,,0,7,1,0,0,1,0,0,,,1,0,,1,1,7.4,,17.0,,,,,,1.0,,,,,
Lal Kuan,1750.0,5444250.0,INR,1.0,1,0,"A plot is available for sale in Satyam Real Build Residency Plots, Lal Kuan, Ghaziabad. It has an area of 1750 sqft and is priced at Rs. 54.44 lac . The amenities include fire fighting system, cctv, 24 feet wide road , landscape garden and tree planting, sewrage system, open parking, community hall, street plantation , commercial and daber road . The time you'll spend here will become the greatest moment of your life that will also help you to relieve, relax & evoke a great sense of happiness. It is situated in the proximity of all the important facilities. Contact us for more details. ",1,,0,7,1,0,0,1,0,0,,,1,0,,1,1,7.4,,17.0,,,,,,1.0,,,,,
Lal Kuan,1400.0,4355400.0,INR,1.0,1,0,"A plot property is available for sale in Satyam Real Build Residency Plots, Lal Kuan, Ghaziabad. It has an area of 1400 sqft. The property is available at a price of Rs. 43.55 lac . The time you'll spend here will become the greatest moment of your life that will also help you to relieve, relax & evoke a great sense of happiness. The society is well connected by different modes of transportation. Kindly call us for details. ",1,,0,7,1,0,0,1,0,0,,,1,0,,1,1,7.4,,17.0,,,,,,1.0,,,,,
Lal Kuan,700.0,2177700.0,INR,1.0,1,0,"A plot is available at a prime location in Satyam Real Build Residency Plots. It has a salable area of 700 sqft and is available at a price of Rs. 3,111 per sqft. The time you'll spend here will become the greatest moment of your life that will also help you to relieve, relax & evoke a great sense of happiness. It is situated in the proximity of all the important facilities. Please contact for more details. ",1,,0,7,1,0,0,1,0,0,,,1,0,,1,1,7.4,,17.0,,,,,,1.0,,,,,
Lal Kuan,1500.0,4666500.0,INR,1.0,1,0,"This plot is available for sale and is located in Satyam Real Build Residency Plots, one of the most prestigious projects of Lal Kuan. It has an area of 1500 sqft. The property is available at a price of Rs. 46.67 lac . It has jogging track as well as sewrage system. The project also has 24 x 7 security, community hall, 24 feet wide road , multipurpose room, fire fighting system, gymnasium, covered boundry and open parking. The time you'll spend here will become the greatest moment of your life that will also help you to relieve, relax & evoke a great sense of happiness. Please contact us for more details. ",1,,0,7,1,0,0,1,0,0,,,1,0,,1,1,7.4,,17.0,,,,,,1.0,,,,,
Lal Kuan,666.0,2071926.0,INR,1.0,1,0,"This plot is situated in Satyam Real Build Residency Plots, Lal Kuan. It has an area of 666 sqft and is priced at Rs. 20.72 lac . It has 24 x 7 security as well as daber road . The project also has cctv, multipurpose room, commercial , fire fighting system, 24 feet wide road , power backup, jogging track and open parking. The time you'll spend here will become the greatest moment of your life that will also help you to relieve, relax & evoke a great sense of happiness. Please contact for more details. ",1,,0,7,1,0,0,1,0,0,,,1,0,,1,1,7.4,,17.0,,,,,,1.0,,,,,
Vikram Enclave Shalimar Garden Main Bblock,1500.0,4000000.0,INR,,1,0,"The plot is available for sale, 
At very best price available .
Total space is 125 gaj
DLF is in back side
DLF main road at the back 
In Pappu colony are of Sahibabad
Most suitable for Balmiki Valmiki community
12ft wide front road
Most friendly society.
saleing because we are shifting to other city",1,southeast,0,0,1,0,0,0,0,1,,,0,0,,1,0,,,,,,,1.0,,,1.0,,,1.0,
Govindpuram,900.0,2800000.0,INR,1.0,0,0,"A plot property is available for sale in SLV Infrabuild SLV Balaji Encalve, Govindpuram, Ghaziabad. It has an area of 900 sqft. The property is available at a price of Rs. 28.00 lac . The time you'll spend here will become the greatest moment of your life that will also help you to relieve, relax & evoke a great sense of happiness. It is situated in the proximity of all the important facilities. Please contact for more details. ",1,,0,5,0,0,0,0,0,0,,,0,0,,0,0,,,123.0,,,,,,,,,,,
Loni Bhopura Road,900.0,1500000.0,INR,,0,1,"This plot is available for sale and is located in the heart of Loni Bhopura Road. Its entry is west facing. The time you'll spend here will become the greatest moment of your life that will also help you to relieve, relax & evoke a great sense of happiness. The site is in close proximity to various civic utilities. Kindly call us for details. ",1,west,0,0,0,0,0,0,0,1,,,1,0,1.0,0,0,,,,,1.0,,1.0,1.0,,,,,1.0,
Dasna,900.0,700000.0,INR,1.0,0,0,"A plot is available at a prime location in Dasna. It has an area of 900 sqft and is priced at Rs. 7.00 lac . The time you'll spend here will become the greatest moment of your life that will also help you to relieve, relax & evoke a great sense of happiness. It is situated in the proximity of all the important facilities. Kindly call us for details. ",1,,0,0,0,0,0,0,0,0,,,0,0,,0,0,7.2,,,,,,,,,,,,,
Basantpur Saitli,1150.0,5000000.0,INR,1.0,0,0,"Residential Plot available for sale in Plot No. 11, Duhai, Near Iamr Group Of Institutions, Ghaziabad, Duhai, Ghaziabad. Available amenities are: Gym. Plot has 1150 square_feet area Property is inside a gated community.",1,east,0,2,1,0,0,0,0,0,,,0,0,,0,0,,,,,,,,,,,,,,
Muradnagar,900.0,1400000.0,INR,,1,1,"LOCATION IS RADHE SHYAM SITE 4 FACING BIG PARK , 
 OPPOSITE TO JALALPUR THANE IN MURADNAGAR, 
WELL SECURED BOUNDARY WITH GAS AND WATER PIPELINE 
WELL CONNECTED RO THE MAIN MURADNAGAR ROAD , PRICES ARE NEGIOTABLE AND WANT TO sale IT URGENTLY",1,,0,0,0,0,0,0,0,0,,,0,0,,0,0,,,,,,,,,,,,,,
Mishal Garhi,2250.0,3000000.0,INR,,0,1,"Residential land available for sale in Mishal Garhi, Near Govindpuram, Ghaziabad, Uttar Pradesh
A lucrative opportunity is here for those who are planning to construct a dwelling/to buy a land in the prominent areas of ghaziabad.
The plot is spread across an area of 209 sq. m. Available for residential construction.

It is available for immediate possession.

It has power line and a sewer line. Facilities like water and electricity is available in the area.

-Close to primary school in the Vicinity
-Close to atms
-Close to ghaziabad railway station
-Close to highway
-Police post, hospital and colleges within 6 km distance
-Easy access to public transport

For further details, kindly contact the owner.",1,north,0,0,0,0,0,0,0,0,,,0,0,,0,0,,,,,1.0,,1.0,,,,,,1.0,
Masuri,900.0,1200000.0,INR,,1,1,"A plot is available for sale in Vardah Builders Jindal Enclave Phase1and Phase2, Masuri, Ghaziabad. It has a salable area of 900 sqft and is available at a price of Rs. 1,333 per sqft. The time you'll spend here will become the greatest moment of your life that will also help you to relieve, relax & evoke a great sense of happiness. The society is well connected by different modes of transportation. Please contact for more details. ",1,west,0,0,1,1,0,0,1,0,,,0,0,1.0,1,1,6.3,7.0,123.0,,,,,,,,,,,
Nandgram,712.0,2640000.0,INR,,0,0,"The is a Land (80 to 100 Gaj) as per your requirement . 
It is mainly a L shape (2 side) total land, and as per your requirement the small area can also be sold as per your requirement. If whole land is required then rate is different for 2 side open 
Land Space area can vary as per your requirement.
Located in Nandram and very near to Rajnagar Extention main road.",1,northeast,0,0,0,0,0,0,0,0,,,0,0,1.0,0,0,,,,,1.0,,1.0,,,1.0,,,1.0,
Raj Nagar,1377.0,1549125.0,INR,1.0,0,0,"This plot is situated in Raj Nagar. It has an area of 1377 sqft and is priced at Rs. 15.50 lac . The time you'll spend here will become the greatest moment of your life that will also help you to relieve, relax & evoke a great sense of happiness. It is well connected to the city areas. Contact us for more details. ",1,,0,0,0,0,0,0,0,0,,,0,0,,0,0,,,,,,,,,,,,,,
Raj Nagar Extension,999.0,1880000.0,INR,1.0,0,0,"A plot is available for sale in Raj Nagar Extension, Ghaziabad. It has an area of 999 sqft. The property is available at a price of Rs. 18.80 lac . The time you'll spend here will become the greatest moment of your life that will also help you to relieve, relax & evoke a great sense of happiness. The society is well connected by different modes of transportation. Contact us for more details. ",1,,0,0,0,0,0,0,0,0,,,0,0,,0,0,,,,,,,,,,,,,,
NH 24 Highway,1206.0,3700000.0,INR,,1,0,The agarwal associates group popularly known as Aditya is one of the oldest real estate companies to bet big on the development of real estate.the company today is known for its superior construction quality and commissioning of major commercial and residential and shopping centers that combine the triple advantage of prime location.,1,east,0,0,0,0,0,0,0,0,,,0,0,,1,0,,,,,,,,,,,,,,
Modinagar,2700.0,2999700.0,INR,1.0,0,0,"A plot is available at a prime location in Modinagar. It has an area of 2700 sqft. The property is available at a price of Rs. 30.00 lac . It is west facing property. The time you'll spend here will become the greatest moment of your life that will also help you to relieve, relax & evoke a great sense of happiness. It is situated in the proximity of all the important facilities. ",1,west,0,0,0,0,0,0,0,0,,,0,0,,0,0,5.8,,,,,,,,,,,,,
Akash Nagar,4500.0,9500000.0,INR,,1,1,"A plot property is available for sale in Akash Nagar, Ghaziabad. It has an area of 4500 sqft. The property is available at a price of Rs. 95.00 lac (negotiable). The time you'll spend here will become the greatest moment of your life that will also help you to relieve, relax & evoke a great sense of happiness. The site is in close proximity to various civic utilities. Please contact us for more details. ",1,east,0,0,0,0,0,0,0,0,,,0,0,,0,0,,,,,,,,,,,,,,
Raj Nagar Extension,450.0,950000.0,INR,1.0,0,0,"This plot is available for sale and is located in the heart of Raj Nagar Extension. It has an area of 450 sqft. The property is available at a price of Rs. 9.50 lac . The time you'll spend here will become the greatest moment of your life that will also help you to relieve, relax & evoke a great sense of happiness. It is situated in the proximity of all the important facilities. Please contact us for more details. ",1,,0,0,0,0,0,0,0,0,,,0,0,,0,0,,,,,,,,,,,,,,
Modinagar,990.0,6800000.0,INR,1.0,0,0,"A plot is available at a prime location in Modinagar. It is east facing property. The time you'll spend here will become the greatest moment of your life that will also help you to relieve, relax & evoke a great sense of happiness. It is well connected to the city areas. Please contact us for more details. ",1,east,0,0,0,0,0,0,0,0,,,0,0,,0,0,5.8,,,,,,,,,,,,,
Loni Dehat,225.0,750000.0,INR,1.0,0,0,"A plot is available at a prime location in Loni Dehat. It has an area of 225 sqft and is priced at Rs. 7.50 lac . The time you'll spend here will become the greatest moment of your life that will also help you to relieve, relax & evoke a great sense of happiness. The site is in close proximity to various civic utilities. Please contact us for more details. ",1,,0,3,0,0,0,0,0,0,,,0,0,,0,0,,,,,,,,,,,,,,
Sector 62A,225.0,1450000.0,INR,1.0,0,0,"A plot is available for sale in Sector 62A, Ghaziabad. It has a salable area of 225 sqft and is available at a price of Rs. 6,444 per sqft. The time you'll spend here will become the greatest moment of your life that will also help you to relieve, relax & evoke a great sense of happiness. It is situated in the proximity of all the important facilities. Please contact us for more details. ",1,,0,3,0,0,0,0,0,0,,,0,0,,0,0,,,,,,,,,,,,,,
Masuri,450.0,625000.0,INR,,1,0,"A plot is available at a prime location in Vardah Builders Jindal Enclave Phase 1 and Phase 2. It has an area of 450 sqft and is priced at Rs. 6.25 lac . It is east facing property. The time you'll spend here will become the greatest moment of your life that will also help you to relieve, relax & evoke a great sense of happiness. Please contact for more details. ",1,east,0,0,0,1,0,0,0,1,1.0,,0,0,1.0,0,0,6.3,7.0,123.0,,1.0,,1.0,1.0,,1.0,,,1.0,
Muradnagar,900.0,2200000.0,INR,0.0,0,0,"This plot is available for sale and is located in the heart of Muradnagar. It has an area of 900 sqft and is priced at Rs. 22.00 lac . The time you'll spend here will become the greatest moment of your life that will also help you to relieve, relax & evoke a great sense of happiness. The site is in close proximity to various civic utilities. Contact us for more details. ",1,,0,0,0,0,0,0,0,0,,,0,0,,0,0,6.6,,,,,,,,,,,,,
Raj Nagar Extension,450.0,950000.0,INR,1.0,0,0,"This plot is situated in Raj Nagar Extension. It has an area of 450 sqft. The property is available at a price of Rs. 9.50 lac . The time you'll spend here will become the greatest moment of your life that will also help you to relieve, relax & evoke a great sense of happiness. It is situated in the proximity of all the important facilities. Please contact for more details. ",1,,0,0,0,0,0,0,0,0,,,0,0,,0,0,,,,,,,,,,,,,,
Raj Nagar Extension,450.0,950000.0,INR,1.0,0,0,"This plot is available for sale and is located in the heart of Raj Nagar Extension. It has an area of 450 sqft and is priced at Rs. 9.50 lac . The time you'll spend here will become the greatest moment of your life that will also help you to relieve, relax & evoke a great sense of happiness. It is well connected to the city areas. Kindly call us for details. ",1,,0,0,0,0,0,0,0,0,,,0,0,,0,0,,,,,,,,,,,,,,
Raj Nagar Extension,450.0,950000.0,INR,1.0,0,0,"A plot is available for sale in Raj Nagar Extension, Ghaziabad. It has a salable area of 450 sqft and is available at a price of Rs. 2,111 per sqft. The time you'll spend here will become the greatest moment of your life that will also help you to relieve, relax & evoke a great sense of happiness. It is well connected to the city areas. If you are interested, please contact us for more details. ",1,,0,0,0,0,0,0,0,0,,,0,0,,0,0,,,,,,,,,,,,,,
Pilkhuwa,1800.0,1700000.0,INR,1.0,0,0,"A plot is available for sale in Pilkhuwa, Ghaziabad. It has a salable area of 1800 sqft and is available at a price of Rs. 944 per sqft. The time you'll spend here will become the greatest moment of your life that will also help you to relieve, relax & evoke a great sense of happiness. It is well connected to the city areas. Kindly call us for details. ",1,,0,0,0,0,0,0,0,0,,,0,0,,0,0,5.7,,,,,,,,,,,,,
Pilkhuwa,1665.0,1850000.0,INR,1.0,0,0,"This plot is situated in Pilkhuwa. It has an area of 1665 sqft. The property is available at a price of Rs. 18.50 lac . The time you'll spend here will become the greatest moment of your life that will also help you to relieve, relax & evoke a great sense of happiness. The society is well connected by different modes of transportation. Kindly call us for details. ",1,,0,0,0,0,0,0,0,0,,,0,0,,0,0,5.7,,,,,,,,,,,,,
