locality,builtup_area_sqft,total_price,price_currency,property_status,new/resale,price_negotiable,description,security_deposit,facing,furnished,property_age,lift(s),full_power_backup,24_x_7_security,children's_play_area,club_house,gymnasium,swimming_pool,sports_facility,jogging_track,landscaped_gardens,locality_score,project_score,builder_experience,hospital,multipurpose_room,rain_water_harvesting,vaastu_compliant,atm,car_parking,intercom,maintenance_staff,school,pincode,staff_quarter,golf_course,cafeteria,indoor_games
Yadagirigutta,5445.0,1512500.0,INR,0.0,0,0,"This plot is situated in Yadagirigutta, Chandigarh. It has an area of 5445 sqft. The property is available at a price of Rs. 15.13 lac . The time you'll spend here will become the greatest moment of your life that will also help you to relieve, relax & evoke a great sense of happiness. It is situated in the proximity of all the important facilities. Contact us for more details. ",1,,0,0,0,0,0,0,0,0,0,0,0,0,,,,,,,,,,,,,,,,,
Yadagirigutta,1647.0,1575000.0,INR,1.0,0,0,"A plot is available at a prime location in Yadagirigutta. It has an area of 1647 sqft and is priced at Rs. 15.75 lac . Its entry is east facing. The time you'll spend here will become the greatest moment of your life that will also help you to relieve, relax & evoke a great sense of happiness. The society is well connected by different modes of transportation. Kindly call us for details. ",1,east,0,0,0,0,0,0,0,1,1,0,0,0,,,,,,,,,,,,,,,,,
Yadagirigutta,1899.0,10000000.0,INR,1.0,0,0,"1899 Square feet Plot for sale in Yadagirigutta, Hyderabad. This land has a dimension of 50.0 mt length 36.0 mt width. Price. The width of the facing road is 33.0 mt. The most popular landmarks near this plot are ZPHS Peddakandukur, Durga Tempul, and Millc Kendram",1,,0,0,0,0,0,0,0,0,0,0,0,0,,,,,,,,,,,,,,,,,
Yadagirigutta,1350.0,1450000.0,INR,1.0,0,0,"A plot is available for sale in Yadagirigutta, Chandigarh. It has an area of 12177 sqft. The property is available at a price of Rs. 14.50 lac . The time you'll spend here will become the greatest moment of your life that will also help you to relieve, relax & evoke a great sense of happiness. The society is well connected by different modes of transportation. Please contact us for more details. ",1,,0,0,0,0,0,0,0,0,0,0,0,0,,,,,,,,,,,,,,,,,
Yadagirigutta,1350.0,1499850.0,INR,1.0,0,0,"1350 Square feet Plot for sale in Yadagirigutta, Hyderabad. This land has a dimension of 50.0 mt length 27.0 mt width. Price. The width of the facing road is 50.0 mt. The most popular landmarks near this plot are Durga Tempul, ZPHS Peddakandukur, and Millc Kendram",1,,0,0,0,0,0,0,0,0,0,0,0,0,,,,,,,,,,,,,,,,,
Yadagirigutta,9000.0,1250000.0,INR,1.0,0,0,"1000 Square yard Plot for sale in Yadagirigutta, Hyderabad. This land has a dimension of 50.0 mt length 27.0 mt width. Price. The width of the facing road is 33.0 mt. The most popular landmarks near this plot are ZPHS Peddakandukur, Durga Tempul, and Millc Kendram",1,,0,0,0,0,0,0,0,0,0,0,0,0,,,,,,,,,,,,,,,,,
Yadagirigutta,1620.0,1259820.0,INR,1.0,0,0,"A plot is available for sale in Yadagirigutta, Chandigarh. It has an area of 1620 sqft. The property is available at a price of Rs. 12.60 lac . The time you'll spend here will become the greatest moment of your life that will also help you to relieve, relax & evoke a great sense of happiness. It is well connected to the city areas. If you are interested, please contact us for more details. ",1,,0,0,0,0,0,0,0,0,0,0,0,0,,,,,,,,,,,,,,,,,
Yadagirigutta,1350.0,1950000.0,INR,1.0,0,0,"A plot is available at a prime location in Yadagirigutta. It has an area of 1350 sqft. The property is available at a price of Rs. 19.50 lac . Its entry is west facing. The time you'll spend here will become the greatest moment of your life that will also help you to relieve, relax & evoke a great sense of happiness. The society is well connected by different modes of transportation. ",1,west,0,0,0,0,0,0,0,0,0,0,0,0,,,,,,,,,,,,,,,,,
New chandigarh mohali,2700.0,14100000.0,INR,1.0,0,0,"This plot is available for sale and is located in the heart of New chandigarh mohali. It has a salable area of 2700 sqft and is available at a price of Rs. 5,222 per sqft. The time you'll spend here will become the greatest moment of your life that will also help you to relieve, relax & evoke a great sense of happiness. It is well connected to the city areas. Please contact for more details. ",1,,0,0,0,0,0,0,0,0,0,0,0,0,,,,,,,,,,,,,,,,,
New chandigarh mohali,1800.0,16500000.0,INR,1.0,0,0,"A plot is available at a prime location in New chandigarh mohali. It has a salable area of 1800 sqft and is available at a price of Rs. 9,166 per sqft. It is facing northwest direction. The time you'll spend here will become the greatest moment of your life that will also help you to relieve, relax & evoke a great sense of happiness. It is well connected to the city areas. If you are interested, please contact us for more details. ",1,northwest,0,0,0,0,0,0,0,0,0,0,0,0,,,,,,,,,,,,,,,,,
New chandigarh mohali,1800.0,13500000.0,INR,1.0,0,0,"A plot property is available for sale in New chandigarh mohali, Chandigarh. It has an area of 1800 sqft. The property is available at a price of Rs. 1.35 cr . Its entry is north facing. The time you'll spend here will become the greatest moment of your life that will also help you to relieve, relax & evoke a great sense of happiness. It is well connected to the city areas. ",1,north,0,0,0,0,0,0,0,0,0,0,0,0,,,,,,,,,,,,,,,,,
New chandigarh mohali,2700.0,22500000.0,INR,1.0,0,0,"A plot is available at a prime location in New chandigarh mohali. It has an area of 2700 sqft and is priced at Rs. 2.25 cr . The time you'll spend here will become the greatest moment of your life that will also help you to relieve, relax & evoke a great sense of happiness. It is situated in the proximity of all the important facilities. Kindly call us for details. ",1,,0,0,0,0,0,0,0,0,0,0,0,0,,,,,,,,,,,,,,,,,
Yadagirigutta,1089.0,435479.0,INR,1.0,1,0,"This plot is situated in Yadagirigutta. It has an area of 1089 sqft. The property is available at a price of Rs. 4.35 lac . It is northeast facing property. The time you'll spend here will become the greatest moment of your life that will also help you to relieve, relax & evoke a great sense of happiness. The society is well connected by different modes of transportation. Please contact us for more details. ",1,northeast,0,0,0,0,0,0,0,1,1,0,0,0,,,,,,,,,,,,,,,,,
Sector 68,3600.0,36000000.0,INR,1.0,0,0,"This plot is situated in Sector 68. It has an area of 3600 sqft and is priced at Rs. 3.60 cr . It is southeast facing property. The time you'll spend here will become the greatest moment of your life that will also help you to relieve, relax & evoke a great sense of happiness. The society is well connected by different modes of transportation. Please contact us for more details. ",1,southeast,0,0,0,0,0,0,0,0,0,0,0,0,,,,,,,,,,,,,,,,,
Dhakoli,1550.0,3800000.0,INR,1.0,0,0,"A plot property is available for sale in Dhakoli, Chandigarh. It has an area of 1550 sqft. The property is available at a price of Rs. 38.00 lac . The time you'll spend here will become the greatest moment of your life that will also help you to relieve, relax & evoke a great sense of happiness. The site is in close proximity to various civic utilities. If you are interested, please contact us for more details. ",1,,0,0,0,0,0,0,0,0,0,0,0,0,,,,,,,,,,,,,,,,,
Yadagirigutta,1800.0,2000000.0,INR,1.0,1,0,"This plot is situated in Yadagirigutta, Chandigarh. It has an area of 1800 sqft and is priced at Rs. 20.00 lac . It is east facing property. The time you'll spend here will become the greatest moment of your life that will also help you to relieve, relax & evoke a great sense of happiness. Contact us for more details. ",1,east,0,0,0,0,0,0,0,1,1,0,0,0,,,,,,,,,,,,,,,,,
Sector 79,2700.0,28500000.0,INR,1.0,0,0,"A plot is available at a prime location in Sector 79. It has an area of 2700 sqft and is priced at Rs. 2.85 cr . The time you'll spend here will become the greatest moment of your life that will also help you to relieve, relax & evoke a great sense of happiness. The site is in close proximity to various civic utilities. If you are interested, please contact us for more details. ",1,southeast,0,6,0,0,0,0,0,0,0,0,0,0,,,,,,,,,,,,,,,,,
New chandigarh mohali,2700.0,21500000.0,INR,1.0,0,0,"A plot is available at a prime location in New chandigarh mohali. It has an area of 2700 sqft. The property is available at a price of Rs. 2.15 cr . Its entry is northeast facing. The time you'll spend here will become the greatest moment of your life that will also help you to relieve, relax & evoke a great sense of happiness. It is situated in the proximity of all the important facilities. If you are interested, please contact us for more details. ",1,northeast,0,0,0,0,0,0,0,1,0,0,0,0,,,,,,,,,,,,,,,,,
Yadagirigutta,1089.0,484000.0,INR,1.0,1,0,"121 Square yard Plot for sale in Yadagirigutta, Hyderabad. This land has a dimension of 12.0 mt length 12.0 mt width. Price. The width of the facing road is 40.0 mt. The most popular landmarks near this plot are ZPHS Peddakandukur, Durga Tempul, and Millc Kendram",1,,0,0,0,0,0,0,0,0,0,0,0,0,,,,,,,,,,,,,,,,,
Lohgarh,900.0,5000000.0,INR,1.0,1,0,"This plot is situated in Lohgarh. It has an area of 900 sqft. The property is available at a price of Rs. 50.00 lac . It is north facing property. It is well connected to the city areas. If you are interested, please contact us for more details. ",1,north,0,0,0,0,0,0,0,0,0,0,0,0,,,,,,,,,,,,,,,,,
Sector 77,1160.0,9200000.0,INR,1.0,1,0,"This plot is situated in Sector 77, Chandigarh. It has an area of 1160 sqft and is priced at Rs. 92.00 lac . Its entry is southwest facing. The time you'll spend here will become the greatest moment of your life that will also help you to relieve, relax & evoke a great sense of happiness. It is situated in the proximity of all the important facilities. Please contact us for more details. ",1,southwest,0,0,0,0,0,0,0,1,1,0,0,0,,,,,,,,,,,,,,,,,
Yadagirigutta,5445.0,1000000.0,INR,1.0,1,0,"A plot is available at a prime location in Yadagirigutta. It has a salable area of 5445 sqft and is available at a price of Rs. 183 per sqft. The time you'll spend here will become the greatest moment of your life that will also help you to relieve, relax & evoke a great sense of happiness. It is situated in the proximity of all the important facilities. Contact us for more details. ",1,,0,0,0,0,0,0,0,0,0,0,0,0,,,,,,,,,,,,,,,,,
Sector 77,1125.0,9500000.0,INR,1.0,0,0,"A plot is available for sale in Sector 77, Chandigarh. It has an area of 1125 sqft and is priced at Rs. 95.00 lac . The time you'll spend here will become the greatest moment of your life that will also help you to relieve, relax & evoke a great sense of happiness. It is well connected to the city areas. If you are interested, please contact us for more details. ",1,north,0,0,0,0,0,0,0,1,0,0,0,0,,,,,,,,,,,,,,,,,
Yadagirigutta,1611.0,3580000.0,INR,1.0,1,0,"This plot is situated in Yadagirigutta. It has a salable area of 1611 sqft and is available at a price of Rs. 2,222 per sqft. It is west facing property. The time you'll spend here will become the greatest moment of your life that will also help you to relieve, relax & evoke a great sense of happiness. The society is well connected by different modes of transportation. Kindly call us for details. ",1,west,0,0,0,0,0,0,0,0,0,0,0,0,,,,,,,,,,,,,,,,,
Sunny Enclave,4500.0,15000000.0,INR,1.0,0,0,"This plot is situated in Sunny Enclave. It has an area of 4500 sqft and is priced at Rs. 1.50 cr . The time you'll spend here will become the greatest moment of your life that will also help you to relieve, relax & evoke a great sense of happiness. The site is in close proximity to various civic utilities. Please contact for more details. ",1,,0,0,0,0,0,0,0,0,0,0,0,0,,,,,,,,,,,,,,,,,
Yadagirigutta,1323.0,3700000.0,INR,1.0,1,0,"This plot is situated in Yadagirigutta. It has an area of 1323 sqft. The property is available at a price of Rs. 37.00 lac . Its entry is northeast facing. The time you'll spend here will become the greatest moment of your life that will also help you to relieve, relax & evoke a great sense of happiness. It is well connected to the city areas. Please contact for more details. ",1,northeast,0,0,0,0,0,0,0,0,0,0,0,0,,,,,,,,,,,,,,,,,
Yadagirigutta,1800.0,1540000.0,INR,1.0,1,0,"A plot is available at a prime location in Yadagirigutta. It has an area of 1800 sqft. The property is available at a price of Rs. 15.40 lac . The time you'll spend here will become the greatest moment of your life that will also help you to relieve, relax & evoke a great sense of happiness. It is situated in the proximity of all the important facilities. Contact us for more details. ",1,,0,0,0,0,0,0,0,0,0,0,0,0,,,,,,,,,,,,,,,,,
New chandigarh mohali,1350.0,9000000.0,INR,0.0,0,0,"150 gaj plot available in omaxe phase 3 new chandigarh near ratwara sahib, gated township possession very soon work in full sewing  More About This Property 1350 Square feet Plot for sale in Devi Nagar, Chandigarh. This land has a dimension of 54.0 mt length 25.0 mt width. Price. The plot is East facing. There are 1 open sides for this plot. The width of the facing road is 40.0 mt. The maximum floor allowed for construction on this plot is 3. The most popular landmarks near this plot are Bajwa Institute, PHC, Mullanpur Garibdas, and Guru Gobind Singh Vidya Mandir Sr. Sec School",1,east,0,0,0,0,0,0,0,1,0,0,0,0,,,,,,,,,,,,,,,,,
Sector 74,1530.0,5900000.0,INR,1.0,1,0,,1,east,0,122,0,0,0,0,0,1,1,0,0,0,,,,,,,,,,,,,,,,,
Sector 79,1350.0,14900000.0,INR,1.0,0,0,"It has a salable area of 1350 sqft and is available at a price of Rs. 11,037 per sqft. It is northwest facing property. The time you'll spend here will become the greatest moment of your life that will also help you to relieve, relax & evoke a great sense of happiness. It is well connected to the city areas. Kindly call us for details. ",1,northwest,0,6,0,0,0,0,0,0,0,0,0,0,,,,,,,,,,,,,,,,,
Yadagirigutta,1800.0,1420000.0,INR,1.0,1,0,"A plot property is available for sale in Yadagirigutta, Chandigarh. It has an area of 1800 sqft and is priced at Rs. 14.20 lac . It is east facing property. The time you'll spend here will become the greatest moment of your life that will also help you to relieve, relax & evoke a great sense of happiness. It is well connected to the city areas. Please contact for more details. ",1,east,0,0,0,0,0,0,0,1,0,0,0,0,,,,,,,,,,,,,,,,,
Yadagirigutta,1800.0,2000000.0,INR,1.0,1,0,"A plot is available at a prime location in Yadagirigutta. It has a salable area of 1800 sqft and is available at a price of Rs. 1,111 per sqft. Its entry is east facing. The time you'll spend here will become the greatest moment of your life that will also help you to relieve, relax & evoke a great sense of happiness. The site is in close proximity to various civic utilities. ",1,east,0,0,0,0,0,0,0,1,1,0,0,0,,,,,,,,,,,,,,,,,
Sector 77,1800.0,20500000.0,INR,1.0,1,0,"A plot is available for sale in Sector 77, Chandigarh. It has a salable area of 1800 sqft and is available at a price of Rs. 11,388 per sqft. It is facing north direction. The time you'll spend here will become the greatest moment of your life that will also help you to relieve, relax & evoke a great sense of happiness. Kindly call us for details. ",1,north,0,0,0,0,0,0,0,0,0,0,0,0,,,,,,,,,,,,,,,,,
Yadagirigutta,1350.0,1350000.0,INR,1.0,1,0,"A plot property is available for sale in Yadagirigutta, Chandigarh. It has an area of 1350 sqft and is priced at Rs. 13.50 lac . The time you'll spend here will become the greatest moment of your life that will also help you to relieve, relax & evoke a great sense of happiness. It is well connected to the city areas. Please contact us for more details. ",1,,0,0,0,0,0,0,0,0,0,0,0,0,,,,,,,,,,,,,,,,,
Mohali Village,8100.0,2997000.0,INR,1.0,1,0,"This plot is situated in Mohali Village, Chandigarh. It has a salable area of 8100 sqft and is available at a price of Rs. 370 per sqft. It is facing north direction. The time you'll spend here will become the greatest moment of your life that will also help you to relieve, relax & evoke a great sense of happiness. It is situated in the proximity of all the important facilities. Please contact for more details. ",1,north,0,5,0,0,0,0,0,1,1,0,0,0,,,,,,,,,,,,,,,,,
Yadagirigutta,1350.0,1100000.0,INR,1.0,1,0,This plot is available for sale and is located in the heart of Yadagirigutta. It has a salable area of 1350 sqft and is available at a price of Rs. 814 per sqft. Its entry is west facing. It is situated in the proximity of all the important facilities. Please contact us for more details. ,1,west,0,0,0,0,0,0,0,0,0,0,0,0,,,,,,,,,,,,,,,,,
Yadagirigutta,1080.0,852000.0,INR,1.0,0,0,"This plot is available for sale and is located in the heart of Yadagirigutta. It is facing east direction. The time you'll spend here will become the greatest moment of your life that will also help you to relieve, relax & evoke a great sense of happiness. The site is in close proximity to various civic utilities. Please contact us for more details. ",1,east,0,0,0,0,0,0,0,0,0,0,0,0,,,,,,,,,,,,,,,,,
Sector 78,1125.0,11000000.0,INR,1.0,0,0,"This plot is situated in Sector 78, Chandigarh. It has an area of 1125 sqft. The property is available at a price of Rs. 1.10 cr . It is facing northeast direction. The time you'll spend here will become the greatest moment of your life that will also help you to relieve, relax & evoke a great sense of happiness. The society is well connected by different modes of transportation. ",1,northeast,0,0,0,0,0,0,0,0,0,0,0,0,,,,,,,,,,,,,,,,,
New chandigarh mohali,3156.0,13500000.0,INR,1.0,0,0,"3156 Square feet Plot for sale in Devi Nagar, Mohali. This land has a dimension of 39.0 mt length 80.0 mt width. Price. The width of the facing road is 13.0 mt. The most popular landmarks near this plot are Bajwa Institute, PHC, Mullanpur Garibdas, and Guru Gobind Singh Vidya Mandir Sr. Sec School",1,,0,0,0,0,0,0,0,0,0,0,0,0,,,,,,,,,,,,,,,,,
Yadagirigutta,1350.0,1275000.0,INR,1.0,1,0,"A plot is available for sale in Yadagirigutta, Chandigarh. It has an area of 1350 sqft and is priced at Rs. 12.75 lac . It is facing east direction. The time you'll spend here will become the greatest moment of your life that will also help you to relieve, relax & evoke a great sense of happiness. If you are interested, please contact us for more details. ",1,east,0,0,0,0,0,0,0,0,1,0,0,0,,,,,,,,,,,,,,,,,
Chandigarh Airport Area,4968.0,4710000.0,INR,1.0,0,0,"This plot is available for sale and is located in the heart of Chandigarh Airport Area. It has a salable area of 4968 sqft and is available at a price of Rs. 948 per sqft. The time you'll spend here will become the greatest moment of your life that will also help you to relieve, relax & evoke a great sense of happiness. It is situated in the proximity of all the important facilities. Please contact for more details. ",1,,0,5,0,0,0,0,0,0,0,0,0,0,,,,,,,,,,,,,,,,,
Yadagirigutta,1080.0,850000.0,INR,1.0,1,0,"This plot is available for sale and is located in the heart of Yadagirigutta. It has an area of 1080 sqft and is priced at Rs. 8.50 lac . The time you'll spend here will become the greatest moment of your life that will also help you to relieve, relax & evoke a great sense of happiness. The site is in close proximity to various civic utilities. Contact us for more details. ",1,,0,0,0,0,0,0,0,0,0,0,0,0,,,,,,,,,,,,,,,,,
Yadagirigutta,1323.0,1102500.0,INR,1.0,1,0,"A plot property is available for sale in Yadagirigutta, Chandigarh. It has an area of 1323 sqft and is priced at Rs. 11.02 lac . The time you'll spend here will become the greatest moment of your life that will also help you to relieve, relax & evoke a great sense of happiness. It is situated in the proximity of all the important facilities. Please contact for more details. ",1,,0,0,0,0,0,0,0,0,0,0,0,0,,,,,,,,,,,,,,,,,
Sector 69,1800.0,15500000.0,INR,1.0,0,0,"8 Marla plot available for sale in sector 69 Mohali More About This Property 1800 Square feet Plot for sale in Sector 69, Mohali. This land has a dimension of 60.0 mt length 30.0 mt width. Price. There are 1 open sides for this plot. The width of the facing road is 30.0 mt. This residential land also has a boundary wall. The maximum floor allowed for construction on this plot is 3. The most popular landmarks near this plot are Shemrock School, Nanhe Manke International School, and Doon International School",1,,0,0,0,0,0,0,0,0,0,0,0,0,,,,,,,,,,,,,,,,,
Yadagirigutta,1000.0,1000000.0,INR,1.0,1,0,"This plot is situated in Yadagirigutta, Chandigarh. It has a salable area of 1000 sqft and is available at a price of Rs. 1,000 per sqft. It is facing east direction. The time you'll spend here will become the greatest moment of your life that will also help you to relieve, relax & evoke a great sense of happiness. Contact us for more details. ",1,east,0,0,0,0,0,0,0,1,1,0,0,0,,,,,,,,,,,,,,,,,
Yadagirigutta,1089.0,544500.0,INR,1.0,1,0,"A plot is available for sale in Yadagirigutta, Chandigarh. It has an area of 1089 sqft. The property is available at a price of Rs. 5.45 lac . It is facing east direction. The time you'll spend here will become the greatest moment of your life that will also help you to relieve, relax & evoke a great sense of happiness. It is well connected to the city areas. If you are interested, please contact us for more details. ",1,east,0,0,0,0,0,0,0,1,1,0,0,0,,,,,,,,,,,,,,,,,
Chandigarh Airport Area,1800.0,9500000.0,INR,0.0,1,0,"This plot is situated in Chandigarh Airport Area. It has an area of 1800 sqft. The property is available at a price of Rs. 95.00 lac . It is northeast facing property. The time you'll spend here will become the greatest moment of your life that will also help you to relieve, relax & evoke a great sense of happiness. It is well connected to the city areas. If you are interested, please contact us for more details. ",1,northeast,0,0,0,0,0,0,0,1,1,0,0,0,,,,,,,,,,,,,,,,,
New chandigarh mohali,1800.0,12400000.0,INR,0.0,1,0,"This plot is situated in New chandigarh mohali, Chandigarh. It has an area of 1800 sqft. The property is available at a price of Rs. 1.24 cr . It is east facing property. The time you'll spend here will become the greatest moment of your life that will also help you to relieve, relax & evoke a great sense of happiness. The society is well connected by different modes of transportation. Please contact for more details. ",1,east,0,0,0,0,0,0,0,1,1,0,0,0,,,,,,,,,,,,,,,,,
Sector 79,3600.0,41500000.0,INR,1.0,0,0,"A plot property is available for sale in Sector 79, Chandigarh. It has an area of 3600 sqft. The property is available at a price of Rs. 4.15 cr . The time you'll spend here will become the greatest moment of your life that will also help you to relieve, relax & evoke a great sense of happiness. It is situated in the proximity of all the important facilities. If you are interested, please contact us for more details. ",1,,0,6,0,0,0,0,0,0,0,0,0,0,,,,,,,,,,,,,,,,,
Yadagirigutta,1485.0,1155000.0,INR,0.0,1,0,"A plot property is available for sale in Yadagirigutta, Chandigarh. It has an area of 1485 sqft. The property is available at a price of Rs. 11.55 lac . Its entry is east facing. The time you'll spend here will become the greatest moment of your life that will also help you to relieve, relax & evoke a great sense of happiness. It is situated in the proximity of all the important facilities. If you are interested, please contact us for more details. ",1,east,0,0,0,0,0,0,0,0,0,0,0,0,,,,,,,,,,,,,,,,,
Dhakoli,1120.0,5600000.0,INR,1.0,0,0,"This plot is situated in Dhakoli, Chandigarh. It has an area of 1120 sqft and is priced at Rs. 56.00 lac . It is southeast facing property. The time you'll spend here will become the greatest moment of your life that will also help you to relieve, relax & evoke a great sense of happiness. It is situated in the proximity of all the important facilities. ",1,southeast,0,0,0,0,0,0,0,0,0,0,0,0,,,,,,,,,,,,,,,,,
Yadagirigutta,2178.0,1550000.0,INR,1.0,1,0,"A plot property is available for sale in Yadagirigutta, Chandigarh. It has an area of 2178 sqft. The property is available at a price of Rs. 15.50 lac . Its entry is east facing. The time you'll spend here will become the greatest moment of your life that will also help you to relieve, relax & evoke a great sense of happiness. The site is in close proximity to various civic utilities. ",1,east,0,0,0,0,0,0,0,1,1,0,0,0,,,,,,,,,,,,,,,,,
Yadagirigutta,1503.0,2446000.0,INR,1.0,1,0,This plot is available for sale and is located in the heart of Yadagirigutta. It has an area of 1500 sqft and is priced at Rs. 24.46 lac . Its entry is northeast facing. The society is well connected by different modes of transportation. Contact us for more details. ,1,northeast,0,0,0,0,0,0,0,0,0,0,0,0,,,,,,,,,,,,,,,,,
Mohali Village,2763.0,12900000.0,INR,1.0,0,0,"This plot is situated in Mohali Village. It has an area of 2763 sqft and is priced at Rs. 1.29 cr . The time you'll spend here will become the greatest moment of your life that will also help you to relieve, relax & evoke a great sense of happiness. The site is in close proximity to various civic utilities. Please contact for more details. ",1,,0,5,0,0,0,0,0,0,0,0,0,0,,,,,,,,,,,,,,,,,
Sector 34,2250.0,45000000.0,INR,1.0,0,0,"This plot is situated in Sector 34, Chandigarh. It has an area of 2250 sqft. The property is available at a price of Rs. 4.50 cr . It is north facing property. The time you'll spend here will become the greatest moment of your life that will also help you to relieve, relax & evoke a great sense of happiness. Kindly call us for details. ",1,north,0,0,0,0,0,0,0,0,0,0,0,0,,,,,,,,,,,,,,,,,
New chandigarh mohali,3600.0,28000000.0,INR,1.0,0,0,"This plot is available for sale and is located in the heart of New chandigarh mohali. It has an area of 3600 sqft and is priced at Rs. 2.80 cr . Its entry is northwest facing. The time you'll spend here will become the greatest moment of your life that will also help you to relieve, relax & evoke a great sense of happiness. The society is well connected by different modes of transportation. Please contact us for more details. ",1,northwest,0,0,0,0,0,0,0,0,0,0,0,0,,,,,,,,,,,,,,,,,
New chandigarh mohali,4275.0,23499675.0,INR,1.0,0,0,"This plot is situated in New chandigarh mohali, Chandigarh. It is southeast facing property. The time you'll spend here will become the greatest moment of your life that will also help you to relieve, relax & evoke a great sense of happiness. It is situated in the proximity of all the important facilities. Kindly call us for details. ",1,southeast,0,0,0,0,0,0,0,0,0,0,0,0,,,,,,,,,,,,,,,,,
Sector 79,3600.0,41000000.0,INR,1.0,1,0,"This plot is situated in Sector 79, Chandigarh. It has an area of 3600 sqft. The property is available at a price of Rs. 4.10 cr . It is facing northeast direction. The time you'll spend here will become the greatest moment of your life that will also help you to relieve, relax & evoke a great sense of happiness. The site is in close proximity to various civic utilities. Please contact us for more details. ",1,northeast,0,6,0,0,0,0,0,0,0,0,0,0,,,,,,,,,,,,,,,,,
Yadagirigutta,1701.0,3780000.0,INR,1.0,1,0,"A plot is available at a prime location in Yadagirigutta. It has an area of 1701 sqft. The property is available at a price of Rs. 37.80 lac . Its entry is north facing. The time you'll spend here will become the greatest moment of your life that will also help you to relieve, relax & evoke a great sense of happiness. It is well connected to the city areas. Contact us for more details. ",1,north,0,0,0,0,0,0,0,0,0,0,0,0,,,,,,,,,,,,,,,,,
Sunny Enclave,2160.0,7200000.0,INR,1.0,1,0,"A plot is available for sale in Sunny Enclave, Chandigarh. It has an area of 2160 sqft and is priced at Rs. 72.00 lac . Its entry is west facing. The time you'll spend here will become the greatest moment of your life that will also help you to relieve, relax & evoke a great sense of happiness. The society is well connected by different modes of transportation. Please contact for more details. ",1,west,0,0,0,0,0,0,0,1,1,0,0,0,,,,,,,,,,,,,,,,,
Yadagirigutta,1503.0,2310000.0,INR,1.0,1,0,"This plot is available for sale and is located in the heart of Yadagirigutta. It has an area of 1503 sqft. The property is available at a price of Rs. 23.10 lac . It is facing east direction. The time you'll spend here will become the greatest moment of your life that will also help you to relieve, relax & evoke a great sense of happiness. The site is in close proximity to various civic utilities. Kindly call us for details. ",1,east,0,0,0,0,0,0,0,0,0,0,0,0,,,,,,,,,,,,,,,,,
Sector 79,1350.0,12500000.0,INR,1.0,0,0,"1350 Square feet Plot for sale in Sector 79, Mohali. This land has a dimension of 50.0 mt length 27.0 mt width. Price. The width of the facing road is 40.0 mt. The most popular landmarks near this plot are High School, Clinic - Dr. Ranjit Bajwa (Internal Medicine), and Sood Foods Private Limited",1,,0,6,0,0,0,0,0,0,0,0,0,0,,,,,,,,,,,,,,,,,
Yadagirigutta,2160.0,1704000.0,INR,1.0,0,0,"This plot is situated in Yadagirigutta. It has a salable area of 2160 sqft and is available at a price of Rs. 788 per sqft. It is east facing property. The time you'll spend here will become the greatest moment of your life that will also help you to relieve, relax & evoke a great sense of happiness. It is situated in the proximity of all the important facilities. Kindly call us for details. ",1,east,0,0,0,0,0,0,0,0,0,0,0,0,,,,,,,,,,,,,,,,,
Yadagirigutta,1350.0,1285000.0,INR,1.0,1,0,"It has an area of 1350 sqft and is priced at Rs. 12.85 lac . It is facing east direction. The time you'll spend here will become the greatest moment of your life that will also help you to relieve, relax & evoke a great sense of happiness. The site is in close proximity to various civic utilities. Contact us for more details. ",1,east,0,0,0,0,0,0,0,1,1,0,0,0,,,,,,,,,,,,,,,,,
Yadagirigutta,1440.0,2399840.0,INR,1.0,1,0,"A plot is available for sale in Yadagirigutta, Chandigarh. It has an area of 1440 sqft and is priced at Rs. 24.00 lac . It is east facing property. The time you'll spend here will become the greatest moment of your life that will also help you to relieve, relax & evoke a great sense of happiness. It is well connected to the city areas. Please contact for more details. ",1,east,0,0,0,0,0,0,0,0,0,0,0,0,,,,,,,,,,,,,,,,,
New chandigarh mohali,1330.0,9300000.0,INR,0.0,1,0,"This plot is available for sale and is located in the heart of New chandigarh mohali. It has an area of 1330 sqft. The property is available at a price of Rs. 93.00 lac . Its entry is east facing. The time you'll spend here will become the greatest moment of your life that will also help you to relieve, relax & evoke a great sense of happiness. The society is well connected by different modes of transportation. If you are interested, please contact us for more details. ",1,east,0,0,0,0,0,0,0,1,1,0,0,0,,,,,,,,,,,,,,,,,
Yadagirigutta,1818.0,3939000.0,INR,1.0,1,0,"It has an area of 1818 sqft. The property is available at a price of Rs. 39.39 lac . It is facing east direction. The time you'll spend here will become the greatest moment of your life that will also help you to relieve, relax & evoke a great sense of happiness. The society is well connected by different modes of transportation. If you are interested, please contact us for more details. ",1,east,0,0,0,0,0,0,0,0,1,0,0,0,,,,,,,,,,,,,,,,,
Yadagirigutta,11880.0,1249000.0,INR,1.0,1,0,"This plot is available for sale and is located in the heart of Yadagirigutta. It has an area of 11880 sqft and is priced at Rs. 12.49 lac . The time you'll spend here will become the greatest moment of your life that will also help you to relieve, relax & evoke a great sense of happiness. The society is well connected by different modes of transportation. Please contact us for more details. ",1,,0,0,0,0,0,0,0,0,0,0,0,0,,,,,,,,,,,,,,,,,
Sector 80,1800.0,6000000.0,INR,1.0,0,0,"It has a salable area of 1800 sqft and is available at a price of Rs. 3,333 per sqft. Its entry is northeast facing. The time you'll spend here will become the greatest moment of your life that will also help you to relieve, relax & evoke a great sense of happiness. The site is in close proximity to various civic utilities. Please contact for more details. ",1,northeast,0,6,0,0,0,0,0,1,1,0,0,0,,,,,,,,,,,,,,,,,
Lohgarh,900.0,4190000.0,INR,0.0,1,0,A plot is available at a prime location in Lohgarh. It has an area of 900 sqft. The property is available at a price of Rs. 41.90 lac . It is facing north direction. It is well connected to the city areas. Please contact for more details. ,1,north,0,0,0,0,0,0,0,0,0,0,0,0,,,,,,,,,,,,,,,,,
Yadagirigutta,1818.0,3939000.0,INR,1.0,1,0,"This plot is situated in Yadagirigutta. It has a salable area of 1818 sqft and is available at a price of Rs. 2,166 per sqft. It is facing east direction. It is well connected to the city areas. Contact us for more details. ",1,east,0,0,0,0,0,0,0,0,1,0,0,0,,,,,,,,,,,,,,,,,
New chandigarh mohali,1350.0,8500000.0,INR,1.0,0,0,"1350 Square feet Plot for sale in Devi Nagar, Mohali. This land has a dimension of 52.0 mt length 26.0 mt width. Price. The plot is North-East facing. There are 1 open sides for this plot. The width of the facing road is 40.0 mt. The maximum floor allowed for construction on this plot is 3. The most popular landmarks near this plot are Bajwa Institute, PHC, Mullanpur Garibdas, and Guru Gobind Singh Vidya Mandir Sr. Sec School",1,northeast,0,0,0,0,0,0,0,0,0,0,0,0,,,,,,,,,,,,,,,,,
Yadagirigutta,1800.0,1400000.0,INR,1.0,1,0,"This plot is available for sale and is located in the heart of Yadagirigutta. It has an area of 1800 sqft. The property is available at a price of Rs. 14.00 lac . It is facing east direction. The time you'll spend here will become the greatest moment of your life that will also help you to relieve, relax & evoke a great sense of happiness. It is well connected to the city areas. Kindly call us for details. ",1,east,0,0,0,0,0,0,0,0,0,0,0,0,,,,,,,,,,,,,,,,,
Yadagirigutta,1089.0,484000.0,INR,1.0,1,0,"It has an area of 1089 sqft. The property is available at a price of Rs. 4.84 lac . It is east facing property. The time you'll spend here will become the greatest moment of your life that will also help you to relieve, relax & evoke a great sense of happiness. It is situated in the proximity of all the important facilities. Contact us for more details. ",1,east,0,0,0,0,0,0,0,1,1,0,0,0,,,,,,,,,,,,,,,,,
New chandigarh mohali,1800.0,14500000.0,INR,1.0,0,0,"This plot is situated in New chandigarh mohali. It has a salable area of 1800 sqft and is available at a price of Rs. 8,055 per sqft. The time you'll spend here will become the greatest moment of your life that will also help you to relieve, relax & evoke a great sense of happiness. The site is in close proximity to various civic utilities. If you are interested, please contact us for more details. ",1,,0,0,0,0,0,0,0,0,0,0,0,0,,,,,,,,,,,,,,,,,
Sector 67,1800.0,17000000.0,INR,1.0,0,0,"This plot is available for sale and is located in the heart of Sector 67. It has a salable area of 1800 sqft and is available at a price of Rs. 9,444 per sqft. It is north facing property. The time you'll spend here will become the greatest moment of your life that will also help you to relieve, relax & evoke a great sense of happiness. The society is well connected by different modes of transportation. If you are interested, please contact us for more details. ",1,north,0,6,0,0,0,0,0,0,0,0,0,0,,,,,,,,,,,,,,,,,
Yadagirigutta,1647.0,1830000.0,INR,1.0,1,0,"This plot is situated in Yadagirigutta. It has a salable area of 1647 sqft and is available at a price of Rs. 1,111 per sqft. It is east facing property. The time you'll spend here will become the greatest moment of your life that will also help you to relieve, relax & evoke a great sense of happiness. The society is well connected by different modes of transportation. Kindly call us for details. ",1,east,0,0,0,0,0,0,0,1,1,0,0,0,,,,,,,,,,,,,,,,,
Sector 78,1800.0,16000000.0,INR,1.0,0,0,"This plot is situated in Sector 78, Chandigarh. It has an area of 1800 sqft and is priced at Rs. 1.60 cr . Its entry is southeast facing. The time you'll spend here will become the greatest moment of your life that will also help you to relieve, relax & evoke a great sense of happiness. The society is well connected by different modes of transportation. If you are interested, please contact us for more details. ",1,southeast,0,0,0,0,0,0,0,0,0,0,0,0,,,,,,,,,,,,,,,,,
Chandigarh Airport Area,1125.0,6000000.0,INR,0.0,1,0,"It has a salable area of 1125 sqft and is available at a price of Rs. 5,333 per sqft. It is northeast facing property. The time you'll spend here will become the greatest moment of your life that will also help you to relieve, relax & evoke a great sense of happiness. It is situated in the proximity of all the important facilities. Please contact us for more details. ",1,northeast,0,0,0,0,0,0,0,1,1,0,0,0,,,,,,,,,,,,,,,,,
Yadagirigutta,1500.0,2600000.0,INR,1.0,1,0,"A plot property is available for sale in Yadagirigutta, Chandigarh. It is facing east direction. The time you'll spend here will become the greatest moment of your life that will also help you to relieve, relax & evoke a great sense of happiness. It is well connected to the city areas. Contact us for more details. ",1,east,0,0,0,0,0,0,0,0,0,0,0,0,,,,,,,,,,,,,,,,,
Sector 74,1530.0,5600000.0,INR,1.0,1,0,,1,east,0,122,0,0,0,0,0,1,0,0,0,0,,,,,,,,,,,,,,,,,
Yadagirigutta,1647.0,1575000.0,INR,1.0,0,0,"A plot property is available for sale in Yadagirigutta, Chandigarh. It has a salable area of 1647 sqft and is available at a price of Rs. 956 per sqft. Its entry is east facing. The time you'll spend here will become the greatest moment of your life that will also help you to relieve, relax & evoke a great sense of happiness. It is situated in the proximity of all the important facilities. Please contact us for more details. ",1,east,0,0,0,0,0,0,0,1,1,0,0,0,,,,,,,,,,,,,,,,,
Yadagirigutta,1683.0,1683000.0,INR,1.0,1,0,"It has an area of 1683 sqft and is priced at Rs. 16.83 lac . Its entry is east facing. The time you'll spend here will become the greatest moment of your life that will also help you to relieve, relax & evoke a great sense of happiness. It is well connected to the city areas. Kindly call us for details. ",1,east,0,0,0,0,0,0,0,1,1,0,0,0,,,,,,,,,,,,,,,,,
Lohgarh,900.0,4150000.0,INR,0.0,1,0,"This plot is situated in Lohgarh. It has an area of 900 sqft and is priced at Rs. 41.50 lac . It is north facing property. The time you'll spend here will become the greatest moment of your life that will also help you to relieve, relax & evoke a great sense of happiness. It is well connected to the city areas. Please contact for more details. ",1,north,0,0,0,0,0,0,0,0,0,0,0,0,,,,,,,,,,,,,,,,,
Yadagirigutta,1089.0,775000.0,INR,1.0,1,0,"A plot property is available for sale in Yadagirigutta, Chandigarh. It has an area of 1089 sqft. The property is available at a price of Rs. 7.75 lac . It is facing east direction. It is well connected to the city areas. If you are interested, please contact us for more details. ",1,east,0,0,0,0,0,0,0,1,1,0,0,0,,,,,,,,,,,,,,,,,
Yadagirigutta,1350.0,1049850.0,INR,1.0,1,0,"This plot is situated in Yadagirigutta. It has a salable area of 1350 sqft and is available at a price of Rs. 777 per sqft. It is facing east direction. The time you'll spend here will become the greatest moment of your life that will also help you to relieve, relax & evoke a great sense of happiness. It is well connected to the city areas. If you are interested, please contact us for more details. ",1,east,0,0,0,0,0,0,0,0,0,0,0,0,,,,,,,,,,,,,,,,,
Yadagirigutta,1503.0,2415000.0,INR,1.0,1,0,"A plot is available for sale in Yadagirigutta, Chandigarh. It has an area of 1500 sqft. The property is available at a price of Rs. 24.15 lac . The time you'll spend here will become the greatest moment of your life that will also help you to relieve, relax & evoke a great sense of happiness. It is well connected to the city areas. Contact us for more details. ",1,,0,0,0,0,0,0,0,0,0,0,0,0,,,,,,,,,,,,,,,,,
New chandigarh mohali,9000.0,30000000.0,INR,1.0,0,0,"A plot is available at a prime location in New chandigarh mohali. It has an area of 9000 sqft and is priced at Rs. 3.00 cr . The time you'll spend here will become the greatest moment of your life that will also help you to relieve, relax & evoke a great sense of happiness. It is well connected to the city areas. Please contact us for more details. ",1,,0,0,0,0,0,0,0,0,0,0,0,0,,,,,,,,,,,,,,,,,
Sector 78,2700.0,29500000.0,INR,1.0,0,0,"It has a salable area of 2700 sqft and is available at a price of Rs. 10,925 per sqft. It is northeast facing property. The time you'll spend here will become the greatest moment of your life that will also help you to relieve, relax & evoke a great sense of happiness. It is situated in the proximity of all the important facilities. Kindly call us for details. ",1,northeast,0,0,0,0,0,0,0,0,0,0,0,0,,,,,,,,,,,,,,,,,
Sector 77,1125.0,11500000.0,INR,1.0,0,0,"5Marla corenr plot for sale in sector 77 at 1.15 cr
Near mian road 
Good location More About This Property 1125 Square feet Plot for sale in Sector 77, Mohali. This land has a dimension of 45.0 mt length 25.0 mt width. Price. This is a corner plot. The plot is North-West facing. There are 2 open sides for this plot. The width of the facing road is 40.0 mt. The maximum floor allowed for construction on this plot is 3. The most popular landmarks near this plot are Sham Sweets, Maan Restaurant & Sweets Shop, and Sahib Tent",1,northwest,0,0,0,0,0,0,0,0,0,0,0,0,,,,,,,,,,,,,,,,,
Yadagirigutta,900.0,499700.0,INR,1.0,1,0,"Residential Plot available for sale in Yadagirigitta, aleru, hyderabad, Yadagirigutta, Hyderabad. Available amenities are: Gym, Swimming pool, Garden. Plot has 100 square_yard area It is 0 years old. Property is inside a gated community.",1,east,0,0,0,0,0,0,0,1,1,0,0,0,,,,,,,,,,,,,,,,,
Sector 79,2700.0,16500000.0,INR,1.0,0,0,"2700 Square feet Plot for sale in Sector 79, Mohali. This land has a dimension of 45.0 mt length 60.0 mt width. Price. The width of the facing road is 60.0 mt. The most popular landmarks near this plot are High School, Clinic - Dr. Ranjit Bajwa (Internal Medicine), and Sood Foods Private Limited",1,,0,6,0,0,0,0,0,0,0,0,0,0,,,,,,,,,,,,,,,,,
Yadagirigutta,1413.0,4239000.0,INR,0.0,0,0,"This plot is situated in Yadagirigutta, Chandigarh. It has an area of 1413 sqft. The property is available at a price of Rs. 42.39 lac . The time you'll spend here will become the greatest moment of your life that will also help you to relieve, relax & evoke a great sense of happiness. It is well connected to the city areas. Contact us for more details. ",1,,0,0,0,0,0,0,0,0,0,0,0,0,,,,,,,,,,,,,,,,,
Sector 79,2250.0,23500000.0,INR,1.0,0,0,"This plot is situated in Sector 79, Chandigarh. It has an area of 2250 sqft. The property is available at a price of Rs. 2.35 cr . The time you'll spend here will become the greatest moment of your life that will also help you to relieve, relax & evoke a great sense of happiness. It is well connected to the city areas. If you are interested, please contact us for more details. ",1,,0,6,0,0,0,0,0,0,0,0,0,0,,,,,,,,,,,,,,,,,
Lohgarh,900.0,3890000.0,INR,0.0,1,0,"This plot is situated in Lohgarh. It has a salable area of 900 sqft and is available at a price of Rs. 4,322 per sqft. The time you'll spend here will become the greatest moment of your life that will also help you to relieve, relax & evoke a great sense of happiness. It is well connected to the city areas. Please contact us for more details. ",1,northeast,0,0,0,0,0,0,0,1,1,0,0,0,,,,,,,,,,,,,,,,,
New chandigarh mohali,2700.0,23000000.0,INR,1.0,0,0,"A plot is available at a prime location in New chandigarh mohali. It has an area of 2700 sqft. The property is available at a price of Rs. 2.30 cr . The time you'll spend here will become the greatest moment of your life that will also help you to relieve, relax & evoke a great sense of happiness. It is situated in the proximity of all the important facilities. If you are interested, please contact us for more details. ",1,,0,0,0,0,0,0,0,0,0,0,0,0,,,,,,,,,,,,,,,,,
New chandigarh mohali,2720.0,24000000.0,INR,1.0,0,0,"A plot property is available for sale in New chandigarh mohali, Chandigarh. It has a salable area of 2720 sqft and is available at a price of Rs. 8,823 per sqft. It is northwest facing property. The time you'll spend here will become the greatest moment of your life that will also help you to relieve, relax & evoke a great sense of happiness. Contact us for more details. ",1,northwest,0,0,0,0,0,0,0,1,1,0,0,0,,,,,,,,,,,,,,,,,
Yadagirigutta,1710.0,3800000.0,INR,1.0,1,0,"This plot is situated in Yadagirigutta, Chandigarh. Its entry is northwest facing. The time you'll spend here will become the greatest moment of your life that will also help you to relieve, relax & evoke a great sense of happiness. The society is well connected by different modes of transportation. Kindly call us for details. ",1,northwest,0,0,0,0,0,0,0,0,0,0,0,0,,,,,,,,,,,,,,,,,
Sunny Enclave,4500.0,14990000.0,INR,1.0,0,0,"A plot is available at a prime location in Sunny Enclave. It has a salable area of 4500 sqft and is available at a price of Rs. 3,331 per sqft. The time you'll spend here will become the greatest moment of your life that will also help you to relieve, relax & evoke a great sense of happiness. The society is well connected by different modes of transportation. Contact us for more details. ",1,east,0,0,0,0,0,0,0,0,0,0,0,0,,,,,,,,,,,,,,,,,
Yadagirigutta,1485.0,240000.0,INR,1.0,1,0,"This plot is available for sale and is located in the heart of Yadagirigutta. It has an area of 1485 sqft. The property is available at a price of Rs. 2.40 lac . It is facing east direction. The time you'll spend here will become the greatest moment of your life that will also help you to relieve, relax & evoke a great sense of happiness. The society is well connected by different modes of transportation. If you are interested, please contact us for more details. ",1,east,0,0,0,0,0,0,0,0,0,0,0,0,,,,,,,,,,,,,,,,,
Yadagirigutta,1350.0,6750000.0,INR,0.0,0,0,"A plot is available at a prime location in Yadagirigutta. It has an area of 1350 sqft. The property is available at a price of Rs. 67.50 lac . The time you'll spend here will become the greatest moment of your life that will also help you to relieve, relax & evoke a great sense of happiness. The site is in close proximity to various civic utilities. Contact us for more details. ",1,,0,0,0,0,0,0,0,0,0,0,0,0,,,,,,,,,,,,,,,,,
New chandigarh mohali,3150.0,21000000.0,INR,1.0,1,0,"A plot is available at a prime location in New chandigarh mohali. It has a salable area of 3150 sqft and is available at a price of Rs. 6,666 per sqft. The time you'll spend here will become the greatest moment of your life that will also help you to relieve, relax & evoke a great sense of happiness. It is well connected to the city areas. Kindly call us for details. ",1,,0,0,0,0,0,0,0,0,0,0,0,0,,,,,,,,,,,,,,,,,
New chandigarh mohali,2700.0,22500000.0,INR,1.0,0,0,"It has a salable area of 2700 sqft and is available at a price of Rs. 8,333 per sqft. It is northwest facing property. The time you'll spend here will become the greatest moment of your life that will also help you to relieve, relax & evoke a great sense of happiness. The site is in close proximity to various civic utilities. Please contact for more details. ",1,northwest,0,0,0,0,0,0,0,0,0,0,0,0,,,,,,,,,,,,,,,,,
New chandigarh mohali,1674.0,11400000.0,INR,1.0,0,0,"A plot is available at a prime location in New chandigarh mohali. It has a salable area of 1674 sqft and is available at a price of Rs. 6,810 per sqft. It is facing west direction. The time you'll spend here will become the greatest moment of your life that will also help you to relieve, relax & evoke a great sense of happiness. The society is well connected by different modes of transportation. Please contact for more details. ",1,west,0,0,0,0,0,0,0,1,1,0,0,0,,,,,,,,,,,,,,,,,
Sector 79,1800.0,17500000.0,INR,1.0,0,0,"This plot is situated in Sector 79. It has an area of 1800 sqft. The property is available at a price of Rs. 1.75 cr . The time you'll spend here will become the greatest moment of your life that will also help you to relieve, relax & evoke a great sense of happiness. It is well connected to the city areas. Kindly call us for details. ",1,northwest,0,6,0,0,0,0,0,0,0,0,0,0,,,,,,,,,,,,,,,,,
Sector 79,2700.0,30000000.0,INR,1.0,0,0,"This plot is situated in Sector 79, Chandigarh. It has an area of 3600 sqft. The property is available at a price of Rs. 3.00 cr . It is southwest facing property. The time you'll spend here will become the greatest moment of your life that will also help you to relieve, relax & evoke a great sense of happiness. The site is in close proximity to various civic utilities. Kindly call us for details. ",1,southwest,0,6,0,0,0,0,0,0,0,0,0,0,,,,,,,,,,,,,,,,,
Sector 79,4000.0,37000000.0,INR,1.0,1,0,"It has an area of 4000 sqft. The property is available at a price of Rs. 3.70 cr . Its entry is southeast facing. The time you'll spend here will become the greatest moment of your life that will also help you to relieve, relax & evoke a great sense of happiness. It is situated in the proximity of all the important facilities. Kindly call us for details.",1,southeast,0,6,0,0,0,0,0,0,0,0,0,0,,,,,,,,,,,,,,,,,
Sector 80,980.0,8000000.0,INR,1.0,0,0,"This plot is situated in Sector 80. It has a salable area of 980 sqft and is available at a price of Rs. 8,163 per sqft. It is northeast facing property. The time you'll spend here will become the greatest moment of your life that will also help you to relieve, relax & evoke a great sense of happiness. It is well connected to the city areas. Please contact us for more details. ",1,northeast,0,6,0,0,0,0,0,0,0,0,0,0,,,,,,,,,,,,,,,,,
New chandigarh mohali,4500.0,35000000.0,INR,1.0,0,0,"A plot is available at a prime location in New chandigarh mohali. It is north facing property. The time you'll spend here will become the greatest moment of your life that will also help you to relieve, relax & evoke a great sense of happiness. It is situated in the proximity of all the important facilities. Please contact us for more details. ",1,north,0,0,0,0,0,0,0,1,1,0,0,0,,,,,,,,,,,,,,,,,
Yadagirigutta,1485.0,1650000.0,INR,1.0,1,0,"This plot is situated in Yadagirigutta. It has an area of 1485 sqft and is priced at Rs. 16.50 lac . Its entry is east facing. The time you'll spend here will become the greatest moment of your life that will also help you to relieve, relax & evoke a great sense of happiness. It is well connected to the city areas. Please contact for more details. ",1,east,0,0,0,0,0,0,0,1,1,0,0,0,,,,,,,,,,,,,,,,,
Yadagirigutta,2250.0,2500000.0,INR,1.0,1,0,"This plot is situated in Yadagirigutta, Chandigarh. It has an area of 2250 sqft and is priced at Rs. 25.00 lac . It is facing east direction. The time you'll spend here will become the greatest moment of your life that will also help you to relieve, relax & evoke a great sense of happiness. The society is well connected by different modes of transportation. Kindly call us for details. ",1,east,0,0,0,0,0,0,0,1,1,0,0,0,,,,,,,,,,,,,,,,,
Yadagirigutta,2061.0,2290000.0,INR,1.0,1,0,"A plot is available for sale in Yadagirigutta, Chandigarh. It has a salable area of 2061 sqft and is available at a price of Rs. 1,111 per sqft. It is facing east direction. The time you'll spend here will become the greatest moment of your life that will also help you to relieve, relax & evoke a great sense of happiness. It is situated in the proximity of all the important facilities. Please contact for more details. ",1,east,0,0,0,0,0,0,0,1,1,0,0,0,,,,,,,,,,,,,,,,,
Sector 79,1350.0,13000000.0,INR,1.0,0,0,"A plot property is available for sale in Sector 79, Chandigarh. It has a salable area of 1350 sqft and is available at a price of Rs. 9,629 per sqft. The time you'll spend here will become the greatest moment of your life that will also help you to relieve, relax & evoke a great sense of happiness. It is situated in the proximity of all the important facilities. Please contact us for more details. ",1,northeast,0,6,0,0,0,0,0,0,0,0,0,0,,,,,,,,,,,,,,,,,
Sector 69,4500.0,52500000.0,INR,1.0,0,0,"This plot is situated in Sector 69, Chandigarh. It has an area of 4500 sqft. The property is available at a price of Rs. 5.25 cr . Its entry is northeast facing. The time you'll spend here will become the greatest moment of your life that will also help you to relieve, relax & evoke a great sense of happiness. The society is well connected by different modes of transportation. Contact us for more details. ",1,northeast,0,0,0,0,0,0,0,0,0,0,0,0,,,,,,,,,,,,,,,,,
Sector 64,2362.0,27500000.0,INR,1.0,0,0,"This plot is situated in Sector 64. It has an area of 2362 sqft. The property is available at a price of Rs. 2.75 cr . It is facing southeast direction. The time you'll spend here will become the greatest moment of your life that will also help you to relieve, relax & evoke a great sense of happiness. The society is well connected by different modes of transportation. ",1,southeast,0,6,0,0,0,0,0,0,0,0,0,0,,,,,,,,,,,,,,,,,
New chandigarh mohali,2142.0,11000000.0,INR,1.0,0,0,"This plot is situated in New chandigarh mohali. It has a salable area of 2142 sqft and is available at a price of Rs. 5,135 per sqft. Its entry is west facing. The time you'll spend here will become the greatest moment of your life that will also help you to relieve, relax & evoke a great sense of happiness. It is situated in the proximity of all the important facilities. Kindly call us for details. ",1,west,0,0,0,0,0,0,0,0,1,0,0,0,,,,,,,,,,,,,,,,,
Sector 69,4500.0,40000000.0,INR,1.0,0,0,"This plot is situated in Sector 69, Chandigarh. It has an area of 4500 sqft and is priced at Rs. 4.00 cr . It is southeast facing property. The time you'll spend here will become the greatest moment of your life that will also help you to relieve, relax & evoke a great sense of happiness. The site is in close proximity to various civic utilities. Contact us for more details. ",1,southeast,0,0,0,0,0,0,0,0,0,0,0,0,,,,,,,,,,,,,,,,,
Sector 79,1150.0,12000000.0,INR,1.0,0,0,"This plot is available for sale and is located in the heart of Sector 79. It has a salable area of 1150 sqft and is available at a price of Rs. 10,434 per sqft. Its entry is northwest facing. The time you'll spend here will become the greatest moment of your life that will also help you to relieve, relax & evoke a great sense of happiness. It is situated in the proximity of all the important facilities. Kindly call us for details. ",1,northwest,0,6,0,0,0,0,0,0,0,0,0,0,,,,,,,,,,,,,,,,,
Sector 69,2250.0,27500000.0,INR,1.0,0,0,"A plot is available for sale in Sector 69, Chandigarh. It has an area of 2250 sqft. The property is available at a price of Rs. 2.75 cr . The time you'll spend here will become the greatest moment of your life that will also help you to relieve, relax & evoke a great sense of happiness. The society is well connected by different modes of transportation. Please contact for more details. ",1,northeast,0,0,0,0,0,0,0,0,0,0,0,0,,,,,,,,,,,,,,,,,
Sector 78,3600.0,39000000.0,INR,1.0,0,0,"This plot is available for sale and is located in the heart of Sector 78. It has an area of 3600 sqft and is priced at Rs. 3.90 cr . It is northeast facing property. The time you'll spend here will become the greatest moment of your life that will also help you to relieve, relax & evoke a great sense of happiness. It is situated in the proximity of all the important facilities. ",1,northeast,0,0,0,0,0,0,0,0,0,0,0,0,,,,,,,,,,,,,,,,,
New chandigarh mohali,4275.0,23500000.0,INR,1.0,0,0,"A plot is available for sale in New chandigarh mohali, Chandigarh. It has a salable area of 4275 sqft and is available at a price of Rs. 5,497 per sqft. The time you'll spend here will become the greatest moment of your life that will also help you to relieve, relax & evoke a great sense of happiness. It is well connected to the city areas. Kindly call us for details. ",1,southeast,0,0,0,0,0,0,0,0,0,0,0,0,,,,,,,,,,,,,,,,,
Sector 59,2250.0,25000000.0,INR,1.0,0,0,"This plot is situated in Sector 59. It has an area of 2250 sqft. The property is available at a price of Rs. 2.50 cr . It is southeast facing property. The time you'll spend here will become the greatest moment of your life that will also help you to relieve, relax & evoke a great sense of happiness. It is well connected to the city areas. If you are interested, please contact us for more details. ",1,southeast,0,5,0,0,0,0,0,0,0,0,0,0,,,,,,,,,,,,,,,,,
New chandigarh mohali,4500.0,35000000.0,INR,1.0,0,0,"It has an area of 4500 sqft. The property is available at a price of Rs. 3.50 cr . It is northeast facing property. The time you'll spend here will become the greatest moment of your life that will also help you to relieve, relax & evoke a great sense of happiness. The site is in close proximity to various civic utilities. Please contact for more details. ",1,northeast,0,0,0,0,0,0,0,0,0,0,0,0,,,,,,,,,,,,,,,,,
New chandigarh mohali,2700.0,18000000.0,INR,1.0,0,0,"This plot is situated in New chandigarh mohali, Chandigarh. It has a salable area of 2700 sqft and is available at a price of Rs. 6,666 per sqft. It is facing northeast direction. The time you'll spend here will become the greatest moment of your life that will also help you to relieve, relax & evoke a great sense of happiness. It is situated in the proximity of all the important facilities. ",1,northeast,0,0,0,0,0,0,0,0,0,0,0,0,,,,,,,,,,,,,,,,,
New chandigarh mohali,1800.0,12500000.0,INR,1.0,0,0,"A plot property is available for sale in New chandigarh mohali, Chandigarh. It has a salable area of 1800 sqft and is available at a price of Rs. 6,944 per sqft. It is west facing property. The time you'll spend here will become the greatest moment of your life that will also help you to relieve, relax & evoke a great sense of happiness. The society is well connected by different modes of transportation. Please contact for more details. ",1,west,0,0,0,0,0,0,0,0,0,0,0,0,,,,,,,,,,,,,,,,,
New chandigarh mohali,2700.0,14100000.0,INR,1.0,0,0,"A plot property is available for sale in New chandigarh mohali, Chandigarh. It has a salable area of 2700 sqft and is available at a price of Rs. 5,222 per sqft. It is facing west direction. The society is well connected by different modes of transportation. If you are interested, please contact us for more details. ",1,west,0,0,0,0,0,0,0,1,0,0,0,0,,,,,,,,,,,,,,,,,
Sector 79,3600.0,32497200.0,INR,1.0,0,0,"A plot is available at a prime location in Sector 79. It has an area of 3600 sqft and is priced at Rs. 3.25 cr . The time you'll spend here will become the greatest moment of your life that will also help you to relieve, relax & evoke a great sense of happiness. The site is in close proximity to various civic utilities. Contact us for more details.",1,southeast,0,6,0,0,0,0,0,0,0,0,0,0,,,,,,,,,,,,,,,,,
Sector 80,1350.0,13500000.0,INR,1.0,0,0,"This plot is situated in Sector 80, Chandigarh. It has an area of 1350 sqft. The property is available at a price of Rs. 1.35 cr . Its entry is southeast facing. The time you'll spend here will become the greatest moment of your life that will also help you to relieve, relax & evoke a great sense of happiness. It is well connected to the city areas. Please contact for more details. ",1,southeast,0,6,0,0,0,0,0,0,0,0,0,0,,,,,,,,,,,,,,,,,
Sector 60,4500.0,60000000.0,INR,1.0,0,0,"This plot is available for sale and is located in the heart of Sector 60. It has a salable area of 4500 sqft and is available at a price of Rs. 13,333 per sqft. It is northeast facing property. The time you'll spend here will become the greatest moment of your life that will also help you to relieve, relax & evoke a great sense of happiness. The society is well connected by different modes of transportation. Kindly call us for details. ",1,northeast,0,5,0,0,0,0,0,0,0,0,0,0,,,,,,,,,,,,,,,,,
Yadagirigutta,1089.0,200000.0,INR,1.0,1,0,"A plot is available at a prime location in Yadagirigutta. It has an area of 1089 sqft. The property is available at a price of Rs. 2.00 lac . The time you'll spend here will become the greatest moment of your life that will also help you to relieve, relax & evoke a great sense of happiness. The society is well connected by different modes of transportation. Please contact for more details. ",1,,0,0,0,0,0,0,0,0,0,0,0,0,,,,,,,,,,,,,,,,,
Sector 54,4500.0,40000000.0,INR,1.0,0,0,"A plot is available at a prime location in Sector 54. It has an area of 4500 sqft and is priced at Rs. 4.00 cr . It is facing southeast direction. The time you'll spend here will become the greatest moment of your life that will also help you to relieve, relax & evoke a great sense of happiness. The society is well connected by different modes of transportation. If you are interested, please contact us for more details. ",1,southeast,0,5,0,0,0,0,0,0,0,0,0,0,,,,,,,,,,,,,,,,,
Sector 80,4500.0,42500000.0,INR,1.0,0,0,"A plot is available at a prime location in Sector 80. It has an area of 4500 sqft. The property is available at a price of Rs. 4.25 cr . It is southeast facing property. The time you'll spend here will become the greatest moment of your life that will also help you to relieve, relax & evoke a great sense of happiness. The society is well connected by different modes of transportation. Contact us for more details. ",1,southeast,0,6,0,0,0,0,0,0,0,0,0,0,,,,,,,,,,,,,,,,,
Yadagirigutta,1629.0,3620000.0,INR,1.0,1,0,"This plot is situated in Yadagirigutta, Chandigarh. It has an area of 1629 sqft and is priced at Rs. 36.20 lac . It is facing southwest direction. The time you'll spend here will become the greatest moment of your life that will also help you to relieve, relax & evoke a great sense of happiness. It is situated in the proximity of all the important facilities. Contact us for more details. ",1,southwest,0,0,0,0,0,0,0,0,0,0,0,0,,,,,,,,,,,,,,,,,
Yadagirigutta,1566.0,3480000.0,INR,1.0,1,0,A plot is available at a prime location in Yadagirigutta. It has an area of 1566 sqft. The property is available at a price of Rs. 34.80 lac . It is south facing property. The society is well connected by different modes of transportation. Please contact for more details. ,1,south,0,0,0,0,0,0,0,0,0,0,0,0,,,,,,,,,,,,,,,,,
Yadagirigutta,2169.0,4820000.0,INR,1.0,1,0,"A plot is available at a prime location in Yadagirigutta. It has an area of 2169 sqft. The property is available at a price of Rs. 48.20 lac . It is west facing property. The time you'll spend here will become the greatest moment of your life that will also help you to relieve, relax & evoke a great sense of happiness. It is well connected to the city areas. Contact us for more details. ",1,west,0,0,0,0,0,0,0,0,0,0,0,0,,,,,,,,,,,,,,,,,
Yadagirigutta,2403.0,5340000.0,INR,1.0,1,0,"This plot is available for sale and is located in the heart of Yadagirigutta. It has a salable area of 2403 sqft and is available at a price of Rs. 2,222 per sqft. Its entry is northwest facing. The time you'll spend here will become the greatest moment of your life that will also help you to relieve, relax & evoke a great sense of happiness. It is situated in the proximity of all the important facilities. Kindly call us for details. ",1,northwest,0,0,0,0,0,0,0,0,0,0,0,0,,,,,,,,,,,,,,,,,
Yadagirigutta,2052.0,4560000.0,INR,1.0,1,0,"This plot is situated in Yadagirigutta. It is facing south direction. The time you'll spend here will become the greatest moment of your life that will also help you to relieve, relax & evoke a great sense of happiness. The site is in close proximity to various civic utilities. Please contact us for more details. ",1,south,0,0,0,0,0,0,0,0,0,0,0,0,,,,,,,,,,,,,,,,,
Yadagirigutta,2637.0,5860000.0,INR,1.0,1,0,"A plot is available at a prime location in Yadagirigutta. It has an area of 2637 sqft. The property is available at a price of Rs. 58.60 lac . Its entry is southwest facing. The time you'll spend here will become the greatest moment of your life that will also help you to relieve, relax & evoke a great sense of happiness. The site is in close proximity to various civic utilities. Please contact us for more details. ",1,southwest,0,0,0,0,0,0,0,0,0,0,0,0,,,,,,,,,,,,,,,,,
Yadagirigutta,2871.0,6380000.0,INR,1.0,1,0,"A plot property is available for sale in Yadagirigutta, Chandigarh. It has an area of 2871 sqft and is priced at Rs. 63.80 lac . It is facing south direction. The time you'll spend here will become the greatest moment of your life that will also help you to relieve, relax & evoke a great sense of happiness. It is well connected to the city areas. Please contact for more details. ",1,south,0,0,0,0,0,0,0,0,0,0,0,0,,,,,,,,,,,,,,,,,
Yadagirigutta,2457.0,5460000.0,INR,1.0,1,0,"This plot is situated in Yadagirigutta. It has an area of 2457 sqft and is priced at Rs. 54.60 lac . It is facing southwest direction. The time you'll spend here will become the greatest moment of your life that will also help you to relieve, relax & evoke a great sense of happiness. Please contact us for more details. ",1,southwest,0,0,0,0,0,0,0,0,0,0,0,0,,,,,,,,,,,,,,,,,
Yadagirigutta,1656.0,3680000.0,INR,1.0,1,0,"A plot property is available for sale in Yadagirigutta, Chandigarh. It is facing northwest direction. The time you'll spend here will become the greatest moment of your life that will also help you to relieve, relax & evoke a great sense of happiness. It is situated in the proximity of all the important facilities. If you are interested, please contact us for more details. ",1,northwest,0,0,0,0,0,0,0,0,0,0,0,0,,,,,,,,,,,,,,,,,
Yadagirigutta,1557.0,3460000.0,INR,1.0,1,0,"This plot is situated in Yadagirigutta. It has an area of 1557 sqft. The property is available at a price of Rs. 34.60 lac . The time you'll spend here will become the greatest moment of your life that will also help you to relieve, relax & evoke a great sense of happiness. The society is well connected by different modes of transportation. Contact us for more details. ",1,northeast,0,0,0,0,0,0,0,0,0,0,0,0,,,,,,,,,,,,,,,,,
Yadagirigutta,1575.0,3500000.0,INR,1.0,1,0,"A plot is available at a prime location in Yadagirigutta. It has an area of 1575 sqft and is priced at Rs. 35.00 lac . It is facing south direction. The time you'll spend here will become the greatest moment of your life that will also help you to relieve, relax & evoke a great sense of happiness. It is situated in the proximity of all the important facilities. Please contact for more details. ",1,south,0,0,0,0,0,0,0,0,0,0,0,0,,,,,,,,,,,,,,,,,
Yadagirigutta,1800.0,4000000.0,INR,1.0,1,0,"A plot is available at a prime location in Yadagirigutta. It has an area of 1800 sqft. The property is available at a price of Rs. 40.00 lac . Its entry is east facing. The time you'll spend here will become the greatest moment of your life that will also help you to relieve, relax & evoke a great sense of happiness. The society is well connected by different modes of transportation. Kindly call us for details. ",1,east,0,0,0,0,0,0,0,0,0,0,0,0,,,,,,,,,,,,,,,,,
Yadagirigutta,1899.0,4220000.0,INR,1.0,1,0,"This plot is situated in Yadagirigutta. It has a salable area of 1899 sqft and is available at a price of Rs. 2,222 per sqft. Its entry is southeast facing. The time you'll spend here will become the greatest moment of your life that will also help you to relieve, relax & evoke a great sense of happiness. It is situated in the proximity of all the important facilities. Kindly call us for details. ",1,southeast,0,0,0,0,0,0,0,0,0,0,0,0,,,,,,,,,,,,,,,,,
Yadagirigutta,1602.0,3560000.0,INR,1.0,1,0,"This plot is available for sale and is located in the heart of Yadagirigutta. It is north facing property. The time you'll spend here will become the greatest moment of your life that will also help you to relieve, relax & evoke a great sense of happiness. It is situated in the proximity of all the important facilities. Kindly call us for details. ",1,north,0,0,0,0,0,0,0,0,0,0,0,0,,,,,,,,,,,,,,,,,
New chandigarh mohali,2170.0,15500000.0,INR,1.0,0,0,"This plot is available for sale and is located in the heart of New chandigarh mohali. It has an area of 2170 sqft and is priced at Rs. 1.55 cr . Its entry is southeast facing. The time you'll spend here will become the greatest moment of your life that will also help you to relieve, relax & evoke a great sense of happiness. The society is well connected by different modes of transportation. Please contact for more details. ",1,southeast,0,0,0,0,0,0,0,1,0,0,0,0,,,,,,,,,,,,,,,,,
New chandigarh mohali,1800.0,8000000.0,INR,0.0,0,0,"This plot is situated in New chandigarh mohali, Chandigarh. It has an area of 1800 sqft. The property is available at a price of Rs. 80.00 lac . The time you'll spend here will become the greatest moment of your life that will also help you to relieve, relax & evoke a great sense of happiness. It is well connected to the city areas. Please contact for more details. ",1,,0,0,0,0,0,0,0,1,1,0,0,0,,,,,,,,,,,,,,,,,
Sunny Enclave,1917.0,4700000.0,INR,1.0,0,0,"A plot is available at a prime location in Sunny Enclave. It has an area of 1917 sqft and is priced at Rs. 47.00 lac . The time you'll spend here will become the greatest moment of your life that will also help you to relieve, relax & evoke a great sense of happiness. It is well connected to the city areas. Contact us for more details. ",1,southeast,0,0,0,0,0,0,0,1,0,0,0,0,,,,,,,,,,,,,,,,,
Sector 60,1728.0,6450000.0,INR,1.0,0,0,"A plot property is available for sale in Sector 60, Chandigarh. It has a salable area of 1728 sqft and is available at a price of Rs. 3,732 per sqft. Its entry is east facing. The time you'll spend here will become the greatest moment of your life that will also help you to relieve, relax & evoke a great sense of happiness. The site is in close proximity to various civic utilities. Please contact for more details. ",1,east,0,5,0,0,0,0,0,1,0,0,0,0,,,,,,,,,,,,,,,,,
Sunny Enclave,1800.0,5600000.0,INR,1.0,0,0,"A plot is available at a prime location in Sunny Enclave. It has an area of 1800 sqft. The property is available at a price of Rs. 56.00 lac . It is southeast facing property. The time you'll spend here will become the greatest moment of your life that will also help you to relieve, relax & evoke a great sense of happiness. The society is well connected by different modes of transportation. Contact us for more details. ",1,southeast,0,0,0,0,0,0,0,0,0,0,0,0,,,,,,,,,,,,,,,,,
Yadagirigutta,2745.0,6100000.0,INR,1.0,1,0,"A plot property is available for sale in Yadagirigutta, Chandigarh. It has an area of 2745 sqft and is priced at Rs. 61.00 lac . It is southwest facing property. The time you'll spend here will become the greatest moment of your life that will also help you to relieve, relax & evoke a great sense of happiness. The site is in close proximity to various civic utilities. Contact us for more details. ",1,southwest,0,0,0,0,0,0,0,0,0,0,0,0,,,,,,,,,,,,,,,,,
Sector 77,1125.0,9700000.0,INR,1.0,0,0,"1125 Square feet Plot for sale in Sector 77, Mohali. This land has a dimension of 45.0 mt length 25.0 mt width. Price. The plot is East facing. There are 1 open sides for this plot. The width of the facing road is 40.0 mt. The maximum floor allowed for construction on this plot is 3. The most popular landmarks near this plot are Sham Sweets, Maan Restaurant & Sweets Shop, and Sahib Tent",1,east,0,0,0,0,0,0,0,0,0,0,0,0,,,,,,,,,,,,,,,,,
Sector 78,1125.0,11000000.0,INR,1.0,0,0,"1125 Square feet Plot for sale in Sector 78, Mohali. This land has a dimension of 45.0 mt length 25.0 mt width. Price. The plot is North-East facing. There are 1 open sides for this plot. The width of the facing road is 40.0 mt. The maximum floor allowed for construction on this plot is 3. The most popular landmarks near this plot are B.S.H. Arya Senior Secondary School, Kukreja Departmental Store, and Karan General Store",1,northeast,0,0,0,0,0,0,0,0,0,0,0,0,,,,,,,,,,,,,,,,,
Yadagirigutta,2025.0,1350000.0,INR,1.0,1,0,"A plot is available at a prime location in Yadagirigutta. It has an area of 2025 sqft and is priced at Rs. 13.50 lac . It is east facing property. The time you'll spend here will become the greatest moment of your life that will also help you to relieve, relax & evoke a great sense of happiness. The site is in close proximity to various civic utilities. Please contact for more details. ",1,east,0,0,0,0,0,0,0,0,0,0,0,0,,,,,,,,,,,,,,,,,
Yadagirigutta,1809.0,1407000.0,INR,1.0,1,0,"It has a salable area of 1809 sqft and is available at a price of Rs. 777 per sqft. It is facing east direction. The time you'll spend here will become the greatest moment of your life that will also help you to relieve, relax & evoke a great sense of happiness. It is situated in the proximity of all the important facilities. Contact us for more details. ",1,east,0,0,0,0,0,0,0,1,0,0,0,0,,,,,,,,,,,,,,,,,
New chandigarh mohali,2970.0,16500000.0,INR,1.0,0,0,"A plot is available for sale in New chandigarh mohali, Chandigarh. It has an area of 2970 sqft. The property is available at a price of Rs. 1.65 cr . The time you'll spend here will become the greatest moment of your life that will also help you to relieve, relax & evoke a great sense of happiness. The society is well connected by different modes of transportation. Contact us for more details. ",1,northeast,0,0,0,0,0,0,0,0,0,0,0,0,,,,,,,,,,,,,,,,,
New chandigarh mohali,936.0,9500000.0,INR,1.0,0,0,"This plot is situated in New chandigarh mohali. It has an area of 936 sqft and is priced at Rs. 95.00 lac . The time you'll spend here will become the greatest moment of your life that will also help you to relieve, relax & evoke a great sense of happiness. It is well connected to the city areas. If you are interested, please contact us for more details. ",1,,0,0,0,0,0,0,0,0,0,0,0,0,,,,,,,,,,,,,,,,,
New chandigarh mohali,1854.0,16500000.0,INR,1.0,0,0,"A plot is available for sale in New chandigarh mohali, Chandigarh. It has a salable area of 1854 sqft and is available at a price of Rs. 8,899 per sqft. The time you'll spend here will become the greatest moment of your life that will also help you to relieve, relax & evoke a great sense of happiness. It is well connected to the city areas. Contact us for more details. ",1,,0,0,0,0,0,0,0,0,0,0,0,0,,,,,,,,,,,,,,,,,
Mullanpur Garibdass,2720.0,22500000.0,INR,1.0,0,0,"A plot is available at a prime location in Mullanpur Garibdass. It is facing west direction. The time you'll spend here will become the greatest moment of your life that will also help you to relieve, relax & evoke a great sense of happiness. The site is in close proximity to various civic utilities. Please contact for more details. ",1,west,0,0,0,0,0,0,0,1,1,0,0,0,,,,,,,,,,,,,,,,,
New chandigarh mohali,2250.0,10000000.0,INR,1.0,0,0,"A plot property is available for sale in New chandigarh mohali, Chandigarh. It has an area of 2250 sqft. The property is available at a price of Rs. 1.00 cr . It is north facing property. The time you'll spend here will become the greatest moment of your life that will also help you to relieve, relax & evoke a great sense of happiness. The site is in close proximity to various civic utilities. If you are interested, please contact us for more details. ",1,north,0,0,0,0,0,0,0,1,0,0,0,0,,,,,,,,,,,,,,,,,
New chandigarh mohali,1800.0,13500000.0,INR,1.0,0,0,"It has an area of 1800 sqft and is priced at Rs. 1.35 cr . It is facing north direction. The time you'll spend here will become the greatest moment of your life that will also help you to relieve, relax & evoke a great sense of happiness. It is situated in the proximity of all the important facilities. Please contact us for more details. ",1,north,0,0,0,0,0,0,0,0,0,0,0,0,,,,,,,,,,,,,,,,,
New chandigarh mohali,2700.0,16000000.0,INR,1.0,0,0,"A plot property is available for sale in New chandigarh mohali, Chandigarh. It has an area of 2700 sqft. The property is available at a price of Rs. 1.60 cr . The time you'll spend here will become the greatest moment of your life that will also help you to relieve, relax & evoke a great sense of happiness. It is situated in the proximity of all the important facilities. Contact us for more details. ",1,,0,0,0,0,0,0,0,0,0,0,0,0,,,,,,,,,,,,,,,,,
Yadagirigutta,1089.0,847000.0,INR,1.0,1,0,"This plot is available for sale and is located in the heart of Yadagirigutta. It is facing east direction. The time you'll spend here will become the greatest moment of your life that will also help you to relieve, relax & evoke a great sense of happiness. The society is well connected by different modes of transportation. Kindly call us for details. ",1,east,0,0,0,0,0,0,0,0,0,0,0,0,,,,,,,,,,,,,,,,,
Dera Bassi,720.0,1350000.0,INR,,1,1,,1,north,0,0,0,0,1,1,1,0,0,1,1,0,7.1,,,1.0,1.0,1.0,1.0,1.0,,,,,,,,,
Dera Bassi,720.0,1290000.0,INR,,1,1,,1,north,0,0,0,0,0,1,1,1,1,1,1,0,7.1,,,1.0,,1.0,1.0,1.0,1.0,1.0,1.0,1.0,1.0,1.0,,,
Dera Bassi,900.0,1900000.0,INR,,1,1,,1,northeast,0,0,0,1,1,1,1,1,1,1,1,0,7.1,,123.0,1.0,1.0,1.0,1.0,1.0,,1.0,1.0,1.0,1.0,1.0,1.0,1.0,1.0
Dera Bassi,900.0,1400000.0,INR,,1,1,,1,northeast,0,0,0,0,0,1,1,0,0,0,0,0,7.1,,,1.0,,,,1.0,1.0,,,,1.0,,,,
Dera Bassi,792.0,1250000.0,INR,,1,1,,1,northeast,0,0,0,0,0,1,1,0,0,0,0,0,7.1,,,1.0,,,,1.0,,,1.0,,1.0,,,,
Dera Bassi,747.0,1200000.0,INR,,1,1,,1,northeast,0,0,0,0,1,1,0,0,0,0,0,0,7.1,,,1.0,,,,1.0,1.0,,,,,,,,
Dera Bassi,693.0,1100000.0,INR,,1,1,,1,northeast,0,0,0,0,0,1,1,0,1,0,0,0,7.1,,,1.0,,1.0,1.0,1.0,1.0,1.0,1.0,,1.0,,1.0,,
Dera Bassi,657.0,1000000.0,INR,,1,1,,1,northeast,0,0,0,1,0,1,1,0,0,1,1,0,7.1,,,,,,,,,,,,,,,,
Dera Bassi,900.0,849000.0,INR,,1,1,,1,north,0,0,0,0,0,1,0,0,0,1,1,0,7.1,,123.0,,,1.0,1.0,,,,,,,,,,
Dera Bassi,900.0,1399000.0,INR,,1,1,,1,north,0,0,0,0,1,1,0,0,0,1,1,0,7.1,,,,,1.0,1.0,,1.0,,1.0,,1.0,,,,
Dera Bassi,900.0,1899000.0,INR,,1,1,,1,north,0,0,0,0,1,1,1,1,1,1,1,0,7.1,,123.0,1.0,1.0,1.0,1.0,1.0,1.0,1.0,1.0,1.0,1.0,1.0,1.0,1.0,1.0
Yadagirigutta,2178.0,1580000.0,INR,1.0,1,0,"A plot is available for sale in Yadagirigutta, Chandigarh. It has an area of 2178 sqft and is priced at Rs. 15.80 lac . Its entry is east facing. The site is in close proximity to various civic utilities. Contact us for more details. ",1,east,0,0,0,0,0,0,0,1,1,0,0,0,,,,,,,,,,,,,,,,,
Mullanpur,2178.0,8600000.0,INR,1.0,0,0,"Available for Sale Plot in Altus Muirwoods Phase-2, New Chandigarh Mullanpur. it is Salable Area 242 Sq, yds, Very Close to PR-7, Airport Road. Best Invest With Us. Very Reasonable Price. Call for More Information",1,north,0,0,0,1,1,0,1,1,1,0,0,1,,,,1.0,,1.0,,,,,1.0,1.0,,,,,
Mullanpur,1800.0,14200000.0,INR,1.0,0,0,"This plot is situated in Mullanpur. It has an area of 1800 sqft and is priced at Rs. 1.42 cr . It is facing northeast direction. The time you'll spend here will become the greatest moment of your life that will also help you to relieve, relax & evoke a great sense of happiness. The site is in close proximity to various civic utilities. Please contact us for more details. ",1,northeast,0,1,0,0,0,0,0,0,0,0,0,0,,,,1.0,,1.0,,,,,1.0,1.0,1.0,,,,
Mullanpur,2115.0,8500000.0,INR,,0,0,"Available for Sale Plot in Altus Muirwoods Phase-2, New Chandigarh Mullanpur. it is Salable Area 235 Sq, yds, Registry Done, No Extra Charges. Very Close to PR-7, Airport Road. Best Invest With Us. Very Reasonable Price. Call for More Information",1,southeast,0,0,0,1,1,0,1,1,1,0,0,1,,,,1.0,,1.0,,1.0,,,1.0,1.0,1.0,,,,
Mullanpur,2178.0,9000000.0,INR,1.0,0,0,"Available for Sale Plot in Altus Muirwoods Phase-2, New Chandigarh Mullanpur. it is Salable Area 242 Sq, yds, Very Close to PR-7, Airport Road. Best Invest With Us. Very Reasonable Price. Call for More Information",1,east,0,0,0,1,1,0,1,1,1,0,1,1,,,,1.0,,1.0,,,,,1.0,1.0,1.0,,,,
Mullanpur,900.0,7800000.0,INR,,0,0,"A plot is available for sale in Mullanpur, Chandigarh. It has an area of 900 sqft. The property is available at a price of Rs. 78.00 lac . Its entry is north facing. It is well connected to the city areas. Please contact for more details. ",1,north,0,0,0,0,0,0,0,0,0,0,0,1,,,,1.0,,1.0,,,,,,1.0,1.0,,,,
Mullanpur,1800.0,15500000.0,INR,1.0,0,0,"It has an area of 1800 sqft. The property is available at a price of Rs. 1.55 cr . The property is available on freehold. The time you'll spend here will become the greatest moment of your life that will also help you to relieve, relax & evoke a great sense of happiness. The site is in close proximity to various civic utilities. If you are interested, please contact us for more details. ",1,northeast,0,0,0,0,0,0,0,0,0,0,0,1,,,,1.0,,1.0,,,,,,1.0,1.0,,,,
Mullanpur,3078.0,10500000.0,INR,,0,0,"Available for Sale Plot in Altus Muirwoods Phase-2, New Chandigarh Mullanpur. it is Salable Area 342 Sq, yds, Very Close to PR-7, Airport Road. Best Invest With Us. Very Reasonable Price. Call for More Information",1,east,0,0,0,1,1,0,1,1,1,0,0,1,,,,1.0,,1.0,,,,,1.0,1.0,1.0,,,,
Mullanpur,1080.0,5100000.0,INR,1.0,0,0,"Available for Sale Plot in Altus Muirwoods Phase-2, New Chandigarh Mullanpur. it is Salable Area 120 Sq, yds, Very Close to PR-7, Airport Road. Best Invest With Us. Very Reasonable Price. Call for More Information",1,north,0,0,0,1,1,0,1,1,1,0,0,1,,,,1.0,,1.0,,1.0,,,1.0,1.0,1.0,,,,
New Chandigarh Mullanpur,1350.0,5848500.0,INR,0.0,1,1,"REAL ESTATE DEVELOPERS IN CHANDIGARH

SBP Group, renowned for its unique architectural solutions, has marked its presence within the high land business of Tricity (Mohali, Zirakpur, and Derabassi) right from its origin. Within 14 years of expertise beneath its belt, SBP Group has established itself as one of the Best Builders in Chandigarh. Their rich history of interiors with a classy location and atmosphere is often their most appealing property as they are operational within the prime locations of Chandigarh, Mohali, and Zirakpur. With the victorious completion of many prestigious projects in a fast time span, they have marked a position for themselves in this city’s emerging real estate sector in the name of the Best Real Estate Developers in Chandigarh.",1,,0,0,0,0,1,0,0,0,0,0,0,0,,,,,,,,,1.0,,,,,,,,
Mullanpur New Chandigarh,900.0,4500000.0,INR,0.0,1,1,"This plot is situated in Mullanpur New Chandigarh, Chandigarh. The amenities include rain water harvesting, 24 x 7 security, swimming pool, car parking, gymnasium, power backup and club house. The time you'll spend here will become the greatest moment of your life that will also help you to relieve, relax & evoke a great sense of happiness. The society is well connected by different modes of transportation. Please contact us for more details. ",1,,0,0,0,0,0,0,0,0,0,0,0,0,,,,,,,,,,,,,,,,,
Mullanpur,2250.0,17000000.0,INR,1.0,0,0,"This plot is situated in Mullanpur, Chandigarh. Its entry is north facing. The property is available on freehold. The time you'll spend here will become the greatest moment of your life that will also help you to relieve, relax & evoke a great sense of happiness. It is well connected to the city areas. ",1,north,0,0,0,1,1,1,1,1,1,1,0,1,,,,1.0,,1.0,,1.0,1.0,,1.0,1.0,1.0,,,,
Mullanpur,3150.0,21500000.0,INR,,0,0,"This plot is available for sale and is located in the heart of Mullanpur. Its entry is north facing. The time you'll spend here will become the greatest moment of your life that will also help you to relieve, relax & evoke a great sense of happiness. It is well connected to the city areas. Contact us for more details. ",1,north,0,0,0,1,1,0,1,1,1,0,0,1,,,,1.0,,1.0,,1.0,,,1.0,1.0,1.0,,,,
Mullanpur New Chandigarh,1350.0,8500000.0,INR,,0,0,"It has an area of 1350 sqft and is priced at Rs. 85.00 lac . One of the major USPs of the property is that it is a garden facing property. The time you'll spend here will become the greatest moment of your life that will also help you to relieve, relax & evoke a great sense of happiness. The society is well connected by different modes of transportation. Please contact us for more details. ",1,northeast,0,0,0,0,0,0,0,0,0,0,0,0,,,,1.0,,1.0,,,,,,1.0,,,,,
Mullanpur New Chandigarh,2142.0,8500000.0,INR,,0,0,"Plot for sale altus phase 1 , new Chandigarh. backside park, Sai Om Real Estate we deal in all kinds of residential, commercial , builder projects ( Omaxe , dlf , altus, suntec city , ambika, manohar palm residency) and agricultural lands in the vicinity of chandigarh .",1,northeast,0,0,0,1,1,0,0,0,0,0,0,1,,,,1.0,,1.0,,,,,1.0,1.0,1.0,,,,
Mullanpur New Chandigarh,909.0,5500000.0,INR,,0,0,"Available corner Plot For sale in Altus Muirwoods Phase-1 New Chandigarh Mullanpur. Its a salable Area 101 sq, yds. this is a Registry Case Plot. call for more information",1,north,0,0,0,1,1,0,1,1,1,0,0,1,,,,1.0,,,,1.0,,,,1.0,,,,,
Yadagirigutta,1500.0,2422000.0,INR,1.0,1,0,"A plot property is available for sale in Yadagirigutta, Chandigarh. It has a salable area of 1502 sqft and is available at a price of Rs. 1,612 per sqft. Its entry is southwest facing. The time you'll spend here will become the greatest moment of your life that will also help you to relieve, relax & evoke a great sense of happiness. It is well connected to the city areas. Please contact for more details. ",1,southwest,0,0,0,0,0,0,0,0,0,0,0,0,,,,,,,,,,,,,,,,,
Yadagirigutta,1500.0,2400000.0,INR,1.0,1,0,"A plot is available for sale in Yadagirigutta, Chandigarh. It has a salable area of 1503 sqft and is available at a price of Rs. 1,596 per sqft. Its entry is west facing. The time you'll spend here will become the greatest moment of your life that will also help you to relieve, relax & evoke a great sense of happiness. It is well connected to the city areas. Kindly call us for details. ",1,west,0,0,0,0,0,0,0,0,0,0,0,0,,,,,,,,,,,,,,,,,
Mullanpur,1800.0,14200000.0,INR,,0,0,"A plot property is available for sale in Mullanpur, Chandigarh. It has an area of 1800 sqft. The property is available at a price of Rs. 1.42 cr . Its entry is north facing. The time you'll spend here will become the greatest moment of your life that will also help you to relieve, relax & evoke a great sense of happiness. The society is well connected by different modes of transportation. Kindly call us for details. ",1,north,0,0,0,0,0,0,0,0,0,0,0,0,,,,1.0,,1.0,,1.0,,,,1.0,1.0,,,,
Mullanpur,900.0,7800000.0,INR,,0,0,"This plot is situated in Mullanpur, Chandigarh. It has an area of 900 sqft and is priced at Rs. 78.00 lac . Its entry is north facing. The site is in close proximity to various civic utilities. Kindly call us for details. ",1,north,0,0,0,0,0,0,0,0,0,0,0,1,,,,1.0,,1.0,,1.0,,,,1.0,1.0,,,,
Mullanpur,1800.0,14500000.0,INR,,0,0,"This plot is situated in Mullanpur. It has an area of 1800 sqft and is priced at Rs. 1.45 cr . Its entry is northeast facing. The time you'll spend here will become the greatest moment of your life that will also help you to relieve, relax & evoke a great sense of happiness. The site is in close proximity to various civic utilities. Contact us for more details.",1,northeast,0,0,0,0,0,0,0,0,0,0,0,1,,,,1.0,,1.0,,,,,,1.0,1.0,,,,
Mullanpur,2178.0,8400000.0,INR,,0,0,"Available for sale 242 sq, yds plot in Altus Muirwoods Eco city New chandigarh Mullanpur. Very Nice Location of this plot. near to Pr-7 Airport Road. call for more information",1,northeast,0,0,0,0,0,0,0,0,0,0,0,0,,,,,,,,,,,,,,,,,
Mullanpur,1800.0,12400000.0,INR,,0,0,"This plot is available for sale and is located in the heart of Mullanpur. It is facing north direction. The time you'll spend here will become the greatest moment of your life that will also help you to relieve, relax & evoke a great sense of happiness. The society is well connected by different modes of transportation. Please contact us for more details. ",1,north,0,0,0,0,0,0,0,0,0,0,0,0,,,,,,,,,,,,,,,,,
Mullanpur,900.0,5400000.0,INR,,0,0,"A plot is available at a prime location in Mullanpur. It has an area of 900 sqft. The property is available at a price of Rs. 54.00 lac . It is facing north direction. The time you'll spend here will become the greatest moment of your life that will also help you to relieve, relax & evoke a great sense of happiness. Please contact for more details. ",1,north,0,0,0,0,0,0,0,0,0,0,0,0,,,,,,,,,,,,,,,,,
kharar landran road,900.0,1999000.0,INR,,1,1,"This plot is situated in kharar landran road, Chandigarh. It has an area of 900 sqft. The property is available at a price of Rs. 19.99 lac (negotiable). It is northeast facing property. The time you'll spend here will become the greatest moment of your life that will also help you to relieve, relax & evoke a great sense of happiness. The society is well connected by different modes of transportation. Contact us for more details. ",1,northeast,0,0,0,1,1,0,1,1,1,0,1,0,,,,,,,,,1.0,,,,,,,1.0,1.0
New Chandigarh Mullanpur,3600.0,17823400.0,INR,,1,0,"This plot is available for sale and is located in the heart of New Chandigarh Mullanpur. It has an area of 3600 sqft. The property is available at a price of Rs. 1.78 cr . The time you'll spend here will become the greatest moment of your life that will also help you to relieve, relax & evoke a great sense of happiness. It is well connected to the city areas. If you are interested, please contact us for more details. ",1,,0,0,0,0,0,0,0,0,0,0,0,0,,,,,,,,,,,,,,,,,
New Chandigarh Mullanpur,2250.0,10975000.0,INR,,1,0,"This plot is situated in New Chandigarh Mullanpur. It has an area of 2250 sqft. The property is available at a price of Rs. 1.10 cr . The time you'll spend here will become the greatest moment of your life that will also help you to relieve, relax & evoke a great sense of happiness. It is well connected to the city areas. If you are interested, please contact us for more details. ",1,,0,0,0,0,0,0,0,0,0,0,0,0,,,,,,,,,,,,,,,,,
New Chandigarh Mullanpur,2700.0,13170000.0,INR,,1,0,"This plot is situated in New Chandigarh Mullanpur, Chandigarh. It has an area of 2700 sqft. The property is available at a price of Rs. 1.32 cr . The time you'll spend here will become the greatest moment of your life that will also help you to relieve, relax & evoke a great sense of happiness. The site is in close proximity to various civic utilities. Please contact for more details. ",1,,0,0,0,0,0,0,0,0,0,0,0,0,,,,,,,,,,,,,,,,,
New Chandigarh Mullanpur,3150.0,15365000.0,INR,,1,0,"A plot property is available for sale in New Chandigarh Mullanpur, Chandigarh. It has a salable area of 3150 sqft and is available at a price of Rs. 4,877 per sqft. The time you'll spend here will become the greatest moment of your life that will also help you to relieve, relax & evoke a great sense of happiness. The site is in close proximity to various civic utilities. Please contact for more details. ",1,,0,0,0,0,0,0,0,0,0,0,0,0,,,,,,,,,,,,,,,,,
kharar landran road,900.0,1999000.0,INR,,1,1,"This plot is available for sale and is located in the heart of kharar landran road. It has a salable area of 900 sqft and is available at a price of Rs. 2,221 per sqft. It is facing northeast direction. The time you'll spend here will become the greatest moment of your life that will also help you to relieve, relax & evoke a great sense of happiness. It is situated in the proximity of all the important facilities. If you are interested, please contact us for more details. ",1,northeast,0,0,0,1,1,0,1,1,1,0,1,0,,,,,,,,,1.0,,,1.0,,,,1.0,1.0
Sector 120,900.0,4000000.0,INR,,0,0,"A plot is available for sale in Sector 120, Chandigarh. It is facing east direction. The time you'll spend here will become the greatest moment of your life that will also help you to relieve, relax & evoke a great sense of happiness. It is well connected to the city areas. Please contact for more details. ",1,east,0,0,0,0,1,1,0,0,0,0,0,0,,,,,,,,,1.0,,,,,,,,
Sector 120,1350.0,6000000.0,INR,,0,1,Availaible 100/120/130/150 sqyds Plots in Jubilee Park Lane Sector 120 Mohali. Flexible and Easy payment plan. Possession in 1 Year. Property on Excatly on NH 21 National Highway. Call Rudra Properties Sector 70 Mohali for best and fair deal.,1,northeast,0,0,0,0,1,1,0,0,0,0,0,0,,,,,,,,,1.0,,,,,,,,
Patiala Road Zirakpur,990.0,3300000.0,INR,,1,1,"This plot is available for sale and is located in the heart of Patiala Road Zirakpur. It has an area of 990 sqft and is priced at Rs. 33.00 lac (negotiable). Its entry is northeast facing. The time you'll spend here will become the greatest moment of your life that will also help you to relieve, relax & evoke a great sense of happiness. The site is in close proximity to various civic utilities. Contact us for more details. ",1,northeast,0,0,0,0,0,0,0,0,0,0,0,0,,,,,,,,,,,,,,,,,
Patiala Road Zirakpur,900.0,3000000.0,INR,,1,1,"A plot is available at a prime location in Patiala Road Zirakpur. It has a salable area of 900 sqft and is available at a price of Rs. 3,333 per sqft. It is northeast facing property. The time you'll spend here will become the greatest moment of your life that will also help you to relieve, relax & evoke a great sense of happiness. The society is well connected by different modes of transportation. If you are interested, please contact us for more details. ",1,northeast,0,0,0,0,0,0,0,0,0,0,0,0,,,,,,,,,,,,,,,,,
Patiala Road Zirakpur,1125.0,3100000.0,INR,,1,1,"Chandigarh Royale City is strategically located in Aerocity and is a well-planned project. It is spread over a sprawling area of 78 Acre. There are in total 1200 units in this project. The units are all ready to move in in.

This well-designed site has 1 towers, each with its own advantage.

The commencement certificate of Chandigarh Royale City has been granted. And the occupancy certificate is not granted. This project has been developed by the well-known builder Royale Estate Group.

At Chandigarh Royale City you get to enjoy the best of facilities and amenities, such as Power Back Up, Rain Water Harvesting, Swimming Pool, Park, Security, Vaastu Compliant, Visitor Parking, Intercom Facility. The complete address of the site is Near Aerocity, Mohali. Its pincode is 140501. Enjoy the comforts of living in Chandigarh Royale City with all modern conveniences at your disposal.",1,northeast,0,0,0,0,1,0,1,0,0,0,1,0,,,,,,1.0,1.0,,1.0,,,,1.0,,1.0,,1.0
Mullanpur,4500.0,41000000.0,INR,,0,0,"500 Sq. yd Residential Plot In ECO City-1 in New Chandigarh.

Govt Gamada Approved Project
Adjoining DLF HYDE PARK
Rear Approved Project
Chandigarh 03 KM
Punjab University 06 KM
Sector 17 Chd 08 KM
ISBT 43 Bus Stand 12 KM
Near Medicity Hub",1,east,0,0,0,0,0,0,0,0,0,0,0,0,,,,,,,,,,,,,,,,,
Patiala Road Zirakpur,900.0,2690000.0,INR,,1,1,"Chandigarh Royale City is a unique, exclusive and the first-of-its-kind township project in the Tri-City, under the State Government's special Township Policy. The township is a project to build a futuristic landmark with areas and concepts designed to cater to everyone's needs within a family.",1,northeast,0,0,0,0,1,0,0,0,0,0,0,0,,,,,,,,,1.0,,,1.0,,,,,
kharar landran road,900.0,1990000.0,INR,,1,1,"This plot is situated in kharar landran road. It has an area of 900 sqft. The property is available at a price of Rs. 19.90 lac (negotiable). It is northeast facing property. The time you'll spend here will become the greatest moment of your life that will also help you to relieve, relax & evoke a great sense of happiness. It is well connected to the city areas. ",1,northeast,0,0,0,1,1,0,1,1,1,0,1,0,,,,,,,,,1.0,,,1.0,,,,1.0,1.0
Dera Bassi,900.0,1499000.0,INR,,1,1,"A plot is available for sale in Buildcon Vasant Vihar, Dera Bassi, Chandigarh. It has an area of 900 sqft. The property is available at a price of Rs. 14.99 lac (negotiable). It is northeast facing property. The time you'll spend here will become the greatest moment of your life that will also help you to relieve, relax & evoke a great sense of happiness. It is well connected to the city areas. Kindly call us for details. ",1,northeast,0,0,0,1,1,0,1,1,0,0,1,0,7.1,,123.0,,,,,,1.0,,,,,,,,1.0
Patiala Road Zirakpur,900.0,2690000.0,INR,,1,1,"Chandigarh Royale City is a unique, exclusive and the first-of-its-kind township project in the Tri-City, under the State Government's special Township Policy. The township is a project to build a futuristic landmark with areas and concepts designed to cater to everyone's needs within a family.",1,northeast,0,0,0,0,1,0,0,0,0,0,0,0,,,,1.0,,,,,1.0,,,1.0,,,,,
Dera Bassi,900.0,1490000.0,INR,,1,1,"A plot property is available for sale in Dera Bassi, Chandigarh. Its entry is northeast facing. The time you'll spend here will become the greatest moment of your life that will also help you to relieve, relax & evoke a great sense of happiness. The society is well connected by different modes of transportation. Contact us for more details. ",1,northeast,0,0,0,1,1,0,1,1,0,0,1,0,,,,,,,,,1.0,,,,,,,,
Dera Bassi,1440.0,5280000.0,INR,,1,0,"It has an area of 1440 sqft and is priced at Rs. 52.80 lac . It is northeast facing property. The time you'll spend here will become the greatest moment of your life that will also help you to relieve, relax & evoke a great sense of happiness. The site is in close proximity to various civic utilities. Please contact for more details. ",1,northeast,0,0,0,1,1,1,1,1,1,1,1,0,7.1,,123.0,1.0,1.0,1.0,1.0,1.0,1.0,1.0,1.0,1.0,1.0,1.0,1.0,1.0,1.0
Patiala Road Zirakpur,1800.0,4000000.0,INR,,1,0,"This plot is available for sale and is located in the heart of Patiala Road Zirakpur. It has a salable area of 1800 sqft and is available at a price of Rs. 2,222 per sqft. It is facing northeast direction. The time you'll spend here will become the greatest moment of your life that will also help you to relieve, relax & evoke a great sense of happiness. It is situated in the proximity of all the important facilities. If you are interested, please contact us for more details. ",1,northeast,0,0,0,1,1,1,1,1,1,1,1,0,,,,1.0,1.0,1.0,1.0,1.0,1.0,1.0,1.0,1.0,1.0,1.0,1.0,1.0,1.0
Dera Bassi,250.0,3497500.0,INR,,1,0,"This plot is situated in Dera Bassi. It has an area of 250 sqft. The property is available at a price of Rs. 34.97 lac . It is northeast facing property. The time you'll spend here will become the greatest moment of your life that will also help you to relieve, relax & evoke a great sense of happiness. The site is in close proximity to various civic utilities. Kindly call us for details. ",1,northeast,0,0,0,1,1,1,1,1,1,1,1,0,7.1,,,1.0,1.0,1.0,1.0,1.0,1.0,1.0,1.0,1.0,1.0,1.0,1.0,1.0,1.0
Patiala Road Zirakpur,1350.0,3030000.0,INR,,1,0,"A plot is available at a prime location in Patiala Road Zirakpur. It has a salable area of 1350 sqft and is available at a price of Rs. 2,244 per sqft. It is northeast facing property. The time you'll spend here will become the greatest moment of your life that will also help you to relieve, relax & evoke a great sense of happiness. It is situated in the proximity of all the important facilities. Contact us for more details. ",1,northeast,0,0,0,1,1,1,1,1,1,1,1,0,,,,1.0,1.0,1.0,1.0,1.0,1.0,1.0,1.0,1.0,1.0,1.0,1.0,1.0,1.0
Patiala Road Zirakpur,990.0,2222000.0,INR,,1,0,"This plot is situated in Patiala Road Zirakpur, Chandigarh. It is facing northeast direction. The time you'll spend here will become the greatest moment of your life that will also help you to relieve, relax & evoke a great sense of happiness. The site is in close proximity to various civic utilities. Contact us for more details. ",1,northeast,0,0,0,1,1,1,1,1,1,1,1,0,,,,1.0,1.0,1.0,1.0,1.0,1.0,1.0,1.0,1.0,1.0,1.0,1.0,1.0,1.0
Dera Bassi,900.0,800000.0,INR,,1,0,"Mascot City is the flagship real estate venture of the Ranacos Group that promises to deliver ultra-affordable, eco-friendly dream homes for one-and-all. A multitude of luxurious amenities are proposed at a fraction of cost with the safety of the residents being one of the highest priorities. A convenient 30-minutes drive from Chandigarh and proximity to Mohali and Panchkula makes mobilization convenient. The concept of green & clean life and access to all the public conveniences are thoughtfully incorporated to improve the quality of life. At Mascot City, you enjoy the glory of owning your own plot or home at an unimaginable price, yet enjoy the finest amenities of the rich & famous.This project is developed and marketed by Rana Infracon (India) Pvt. Ltd.",1,northeast,0,0,0,1,1,1,1,1,1,1,1,0,,,,1.0,1.0,1.0,1.0,1.0,1.0,1.0,1.0,1.0,1.0,1.0,1.0,1.0,1.0
Patiala Road Zirakpur,900.0,2000000.0,INR,,1,0,"This plot is situated in Patiala Road Zirakpur, Chandigarh. It is facing northeast direction. The time you'll spend here will become the greatest moment of your life that will also help you to relieve, relax & evoke a great sense of happiness. The site is in close proximity to various civic utilities. Please contact for more details. ",1,northeast,0,0,0,1,1,1,1,1,1,1,1,0,,,,1.0,1.0,1.0,1.0,1.0,1.0,1.0,1.0,1.0,1.0,1.0,1.0,1.0,1.0
Patiala Road Zirakpur,900.0,2000000.0,INR,,1,0,"A plot is available at a prime location in Patiala Road Zirakpur. It is northeast facing property. The time you'll spend here will become the greatest moment of your life that will also help you to relieve, relax & evoke a great sense of happiness. It is well connected to the city areas. Please contact us for more details. ",1,northeast,0,0,0,1,1,1,1,1,1,1,1,0,,,,1.0,1.0,1.0,1.0,1.0,1.0,1.0,1.0,1.0,1.0,1.0,1.0,1.0,1.0
Patiala Road Zirakpur,130.0,3068000.0,INR,,1,1,"A plot is available at a prime location in Patiala Road Zirakpur. It has an area of 130 sqft and is priced at Rs. 30.68 lac (negotiable). It is northeast facing property. The time you'll spend here will become the greatest moment of your life that will also help you to relieve, relax & evoke a great sense of happiness. The society is well connected by different modes of transportation. Please contact for more details. ",1,northeast,0,0,0,1,1,0,1,1,1,0,1,0,,,,,,,,,1.0,,,,,,,,
Dera Bassi,900.0,1490000.0,INR,,1,0,"This plot is situated in Dera Bassi, Chandigarh. It has an area of 900 sqft. The property is available at a price of Rs. 14.90 lac . Its entry is northeast facing. The property is available on freehold. The site is in close proximity to various civic utilities. ",1,northeast,0,0,0,1,1,1,1,1,1,1,1,1,7.1,,,1.0,1.0,1.0,1.0,1.0,1.0,1.0,1.0,1.0,1.0,1.0,1.0,1.0,1.0
Zirakpur Banur,1350.0,3540000.0,INR,,1,1,"A plot property is available for sale in Zirakpur Banur, Chandigarh. It has an area of 1350 sqft and is priced at Rs. 35.40 lac (negotiable). The plot provides an excellent view as it overlooks the pool. The time you'll spend here will become the greatest moment of your life that will also help you to relieve, relax & evoke a great sense of happiness. It is well connected to the city areas. Please contact for more details. ",1,northeast,0,0,0,1,1,1,1,1,1,1,1,1,,,,1.0,1.0,1.0,1.0,1.0,1.0,1.0,1.0,1.0,1.0,1.0,1.0,1.0,1.0
Zirakpur Banur,990.0,2596000.0,INR,,1,1,"A plot is available for sale in Zirakpur Banur, Chandigarh. It has an area of 990 sqft. The property is available at a price of Rs. 25.96 lac (negotiable). The plot provides an excellent view as it is a corner property. The time you'll spend here will become the greatest moment of your life that will also help you to relieve, relax & evoke a great sense of happiness. The society is well connected by different modes of transportation. Please contact for more details. ",1,northeast,0,0,0,1,1,1,1,1,1,1,1,1,,,,1.0,1.0,1.0,1.0,1.0,1.0,1.0,1.0,1.0,1.0,1.0,1.0,1.0,1.0
Patiala Road Zirakpur,135.0,3186000.0,INR,,1,1,"This plot is situated in Patiala Road Zirakpur. It has an area of 135 sqft. The property is available at a price of Rs. 31.86 lac (negotiable). Its entry is northeast facing. The time you'll spend here will become the greatest moment of your life that will also help you to relieve, relax & evoke a great sense of happiness. The society is well connected by different modes of transportation. Please contact us for more details. ",1,northeast,0,0,0,1,1,0,1,1,1,0,1,0,,,,,,,,,1.0,,,,,,,,
Patiala Road Zirakpur,1350.0,3000000.0,INR,,1,0,"This plot is situated in Patiala Road Zirakpur. It has an area of 1350 sqft and is priced at Rs. 30.00 lac . Its entry is northeast facing. The time you'll spend here will become the greatest moment of your life that will also help you to relieve, relax & evoke a great sense of happiness. Contact us for more details. ",1,northeast,0,0,0,1,1,1,1,1,1,1,1,0,,,,1.0,1.0,1.0,1.0,1.0,1.0,1.0,1.0,1.0,1.0,1.0,1.0,1.0,1.0
Dera Bassi,2250.0,3497500.0,INR,,1,0,"This plot is situated in Dera Bassi, Chandigarh. Its entry is northeast facing. The time you'll spend here will become the greatest moment of your life that will also help you to relieve, relax & evoke a great sense of happiness. It is situated in the proximity of all the important facilities. Please contact us for more details. ",1,northeast,0,0,0,1,1,0,0,0,0,0,1,0,7.1,,,,,,1.0,,1.0,,,,,,,,
Dera Bassi,80.0,1192000.0,INR,,1,0,"It has an area of 80 sqft and is priced at Rs. 11.92 lac . It has swimming pool as well as club house. The project also has staff quarter, power backup, rain water harvesting, car parking, 24 x 7 security, jogging track and gymnasium. It is northeast facing property. The time you'll spend here will become the greatest moment of your life that will also help you to relieve, relax & evoke a great sense of happiness. It is well connected to the city areas. ",1,northeast,0,0,0,1,1,1,1,1,1,1,1,1,7.1,,,1.0,1.0,1.0,1.0,1.0,1.0,1.0,1.0,1.0,1.0,1.0,1.0,1.0,1.0
Dera Bassi,720.0,1192000.0,INR,1.0,1,0,"A plot property is available for sale in Dera Bassi, Chandigarh. It has an area of 720 sqft. The property is available at a price of Rs. 11.92 lac . It has club house as well as power backup. The project also has staff quarter, car parking, gymnasium, swimming pool, 24 x 7 security, rain water harvesting and jogging track. The plot provides an excellent view as it is a corner property. The property is available on freehold. The time you'll spend here will become the greatest moment of your life that will also help you to relieve, relax & evoke a great sense of happiness. The society is well connected by different modes of transportation. Kindly call us for details. ",1,northeast,0,1,0,1,1,1,1,1,1,1,1,1,7.1,,,1.0,1.0,1.0,1.0,1.0,1.0,1.0,1.0,1.0,1.0,1.0,1.0,1.0,1.0
Dera Bassi,990.0,1639000.0,INR,,1,0,"This plot is situated in Dera Bassi, Chandigarh. It has an area of 990 sqft. The property is available at a price of Rs. 16.39 lac . It is northeast facing property. The time you'll spend here will become the greatest moment of your life that will also help you to relieve, relax & evoke a great sense of happiness. The society is well connected by different modes of transportation. If you are interested, please contact us for more details. ",1,northeast,0,0,0,1,1,1,1,1,1,1,1,1,7.1,,,1.0,1.0,1.0,1.0,1.0,1.0,1.0,1.0,1.0,1.0,1.0,1.0,1.0,1.0
Patiala Road Zirakpur,1125.0,2500000.0,INR,,1,0,"This plot is situated in Patiala Road Zirakpur. Its entry is northeast facing. The time you'll spend here will become the greatest moment of your life that will also help you to relieve, relax & evoke a great sense of happiness. The site is in close proximity to various civic utilities. Please contact for more details. ",1,northeast,0,0,0,1,1,1,1,1,1,1,1,0,,,,1.0,1.0,1.0,1.0,1.0,1.0,1.0,1.0,1.0,1.0,1.0,1.0,1.0,1.0
Dera Bassi,80.0,1119200.0,INR,,1,0,"It has an area of 80 sqft and is priced at Rs. 11.19 lac . Its entry is northeast facing. The time you'll spend here will become the greatest moment of your life that will also help you to relieve, relax & evoke a great sense of happiness. The society is well connected by different modes of transportation. If you are interested, please contact us for more details. ",1,northeast,0,0,0,1,1,1,1,1,1,1,1,0,7.1,,,1.0,1.0,1.0,1.0,1.0,1.0,1.0,1.0,1.0,1.0,1.0,1.0,1.0,1.0
Dera Bassi,990.0,1639000.0,INR,,1,0,"It has an area of 990 sqft. The property is available at a price of Rs. 16.39 lac . It is facing northeast direction. The time you'll spend here will become the greatest moment of your life that will also help you to relieve, relax & evoke a great sense of happiness. The society is well connected by different modes of transportation. Contact us for more details. ",1,northeast,0,0,0,1,1,1,1,1,1,1,1,1,7.1,,,1.0,1.0,1.0,1.0,1.0,1.0,1.0,1.0,1.0,1.0,1.0,1.0,1.0,1.0
Dera Bassi,900.0,1490000.0,INR,,1,0,"A plot property is available for sale in Dera Bassi, Chandigarh. The amenities include 24 x 7 security, jogging track, gymnasium, rain water harvesting, car parking, staff quarter, swimming pool, club house and power backup. It is facing northeast direction. The time you'll spend here will become the greatest moment of your life that will also help you to relieve, relax & evoke a great sense of happiness. The site is in close proximity to various civic utilities. Please contact us for more details. ",1,northeast,0,0,0,1,1,1,1,1,1,1,1,1,7.1,,,1.0,,1.0,1.0,1.0,1.0,1.0,1.0,1.0,1.0,1.0,1.0,1.0,1.0
Dera Bassi,1035.0,1713500.0,INR,,1,0,"A plot property is available for sale in Dera Bassi, Chandigarh. It has an area of 1035 sqft. The property is available at a price of Rs. 17.14 lac . It is northeast facing property. The time you'll spend here will become the greatest moment of your life that will also help you to relieve, relax & evoke a great sense of happiness. The site is in close proximity to various civic utilities. If you are interested, please contact us for more details. ",1,northeast,0,0,0,1,1,1,1,1,1,1,1,1,7.1,,,1.0,1.0,1.0,1.0,1.0,1.0,1.0,1.0,1.0,1.0,1.0,1.0,1.0,1.0
Dera Bassi,1080.0,1788000.0,INR,,1,0,"A plot property is available for sale in Dera Bassi, Chandigarh. It has jogging track as well as car parking. The project also has staff quarter, rain water harvesting, club house, gymnasium and swimming pool. The time you'll spend here will become the greatest moment of your life that will also help you to relieve, relax & evoke a great sense of happiness. It is well connected to the city areas. Please contact us for more details. ",1,northeast,0,0,0,1,1,1,1,1,1,0,1,1,7.1,,,1.0,1.0,1.0,1.0,1.0,1.0,1.0,1.0,1.0,1.0,1.0,1.0,1.0,1.0
Dera Bassi,900.0,1490000.0,INR,,1,0,"A plot is available for sale in Dera Bassi, Chandigarh. It has an area of 900 sqft and is priced at Rs. 14.90 lac . It has power backup as well as 24 x 7 security. The project also has and car parking. The plot provides an excellent view as it overlooks the garden. The time you'll spend here will become the greatest moment of your life that will also help you to relieve, relax & evoke a great sense of happiness. It is well connected to the city areas. Kindly call us for details. ",1,northeast,0,0,0,1,1,0,1,1,1,0,1,0,7.1,,,,,1.0,1.0,,1.0,,,,,1.0,,,
Dera Bassi,110.0,1648900.0,INR,,1,0,"A plot is available for sale in Dera Bassi, Chandigarh. It has an area of 110 sqft. The property is available at a price of Rs. 16.49 lac . Its entry is northeast facing. The time you'll spend here will become the greatest moment of your life that will also help you to relieve, relax & evoke a great sense of happiness. The site is in close proximity to various civic utilities. Kindly call us for details. ",1,northeast,0,0,0,1,1,1,1,1,1,1,1,0,7.1,,,1.0,1.0,1.0,1.0,1.0,1.0,1.0,1.0,1.0,1.0,1.0,1.0,1.0,1.0
Dera Bassi,80.0,1199200.0,INR,,1,0,"A plot property is available for sale in Dera Bassi, Chandigarh. It has an area of 80 sqft and is priced at Rs. 11.99 lac . Its entry is northeast facing. The time you'll spend here will become the greatest moment of your life that will also help you to relieve, relax & evoke a great sense of happiness. It is situated in the proximity of all the important facilities. Contact us for more details. ",1,northeast,0,0,0,1,1,1,1,1,1,1,1,0,7.1,,,1.0,,1.0,1.0,1.0,1.0,,1.0,1.0,1.0,1.0,1.0,1.0,1.0
Patiala Road Zirakpur,900.0,2360000.0,INR,,1,1,"A plot property is available for sale in Patiala Road Zirakpur, Chandigarh. It has an area of 900 sqft and is priced at Rs. 23.60 lac (negotiable). It is northeast facing property. The time you'll spend here will become the greatest moment of your life that will also help you to relieve, relax & evoke a great sense of happiness. It is well connected to the city areas. Kindly call us for details. ",1,northeast,0,0,0,1,1,0,0,0,0,0,1,0,,,,,,,,,1.0,,,,,,,,
Patiala Road Zirakpur,150.0,3540000.0,INR,,1,1,"A plot property is available for sale in Patiala Road Zirakpur, Chandigarh. It has a salable area of 150 sqft and is available at a price of Rs. 23,600 per sqft. Its entry is northeast facing. The time you'll spend here will become the greatest moment of your life that will also help you to relieve, relax & evoke a great sense of happiness. The site is in close proximity to various civic utilities. Contact us for more details. ",1,northeast,0,0,0,1,1,0,0,0,0,0,0,0,,,,,,,,,1.0,,,,,,,,
Patiala Road Zirakpur,130.0,3068000.0,INR,,1,0,"A plot is available at a prime location in Patiala Road Zirakpur. It has a salable area of 130 sqft and is available at a price of Rs. 23,600 per sqft. It is northeast facing property. The time you'll spend here will become the greatest moment of your life that will also help you to relieve, relax & evoke a great sense of happiness. Please contact for more details. ",1,northeast,0,0,0,1,1,1,1,1,1,1,1,1,,,,1.0,1.0,1.0,1.0,1.0,1.0,1.0,1.0,1.0,1.0,1.0,1.0,1.0,1.0
Patiala Road Zirakpur,1350.0,3540000.0,INR,,1,1,"A plot is available for sale in Patiala Road Zirakpur, Chandigarh. It is northeast facing property. The time you'll spend here will become the greatest moment of your life that will also help you to relieve, relax & evoke a great sense of happiness. It is situated in the proximity of all the important facilities. Contact us for more details. ",1,northeast,0,0,0,1,1,1,1,1,1,1,1,1,,,,1.0,1.0,1.0,1.0,1.0,1.0,1.0,1.0,1.0,1.0,1.0,1.0,1.0,1.0
Mohali Village,150.0,2848500.0,INR,,1,0,"A plot is available at a prime location in Mohali Village. It is facing northeast direction. The time you'll spend here will become the greatest moment of your life that will also help you to relieve, relax & evoke a great sense of happiness. The society is well connected by different modes of transportation. If you are interested, please contact us for more details. ",1,northeast,0,0,0,1,1,1,1,1,1,1,1,1,,,,,,,,,1.0,,,,1.0,1.0,,1.0,
Patiala Road Zirakpur,1125.0,2950000.0,INR,,1,0,"This plot is available for sale and is located in the heart of Patiala Road Zirakpur. It has an area of 1125 sqft. The property is available at a price of Rs. 29.50 lac . The time you'll spend here will become the greatest moment of your life that will also help you to relieve, relax & evoke a great sense of happiness. The site is in close proximity to various civic utilities. Please contact for more details. ",1,,0,0,0,1,1,0,0,0,0,0,1,0,,,,,,,,,1.0,,,,,,,1.0,
Zirakpur punjab,900.0,3700000.0,INR,,1,0,"Central Town in Zirakpur, Mohali by Sanat Realtors Pvt. Ltd is a residential project.

It also has amenities like Jogging track, Lawn tennis court and Swimming pool.
It also offers Car parking.

This is a RERA registered project with registration number PBRERASAS79PR0535.

The project is spread over a total area of 22.02 acres of land. 
Central Town brochure is also available for easy reference.

About City:

Mohali is witnessing growth in every aspect. Hence, the real estate market is also witnessing growth. The major drivers of the realty market of this city are booming industries that generate new jobs, infrastructural developments and presence of quality healthcare and educational institutes.
The stable demand is to supply ratio further creates an impact on the positivity of real estate markets. The city has a wide mix of residential units including luxury, affordable and midsegment.",1,northeast,0,0,0,1,1,1,1,1,1,1,1,1,,,,1.0,,,,,1.0,,,1.0,,,1.0,1.0,1.0
Patiala Road Zirakpur,1125.0,2950000.0,INR,,1,0,"A plot property is available for sale in Patiala Road Zirakpur, Chandigarh. It has a salable area of 1125 sqft and is available at a price of Rs. 2,622 per sqft. Its entry is northeast facing. The time you'll spend here will become the greatest moment of your life that will also help you to relieve, relax & evoke a great sense of happiness. The site is in close proximity to various civic utilities. If you are interested, please contact us for more details. ",1,northeast,0,0,0,1,1,1,1,1,1,1,1,0,,,,,,,,,1.0,,,,,,,1.0,1.0
Dera Bassi,900.0,1499000.0,INR,,1,1,"Ubber Group is one of region's most innovative and visionary developer. Ubber Group has diverse property developments include high rise residences to townships to commercial and hospitality. These projects have been designed and finished to exceptionally high standards and are the outcome of strict attention to quality assurance principles and workmanship. We at Ubber Group, maintain our Corporate Philosophy of being ""quality affordable living"". We have built an impeccable reputation of dependability and trust by diligently following our motto to deliver what we promise.

Our futuristic attitude is grounded in the bedrock of sound financial capability combined with an uncompromising dedication towards quality. All Ubber Group developments are a combination of quality and affordability",1,northeast,0,0,0,1,1,0,1,1,1,0,1,0,7.1,,123.0,,,,,,1.0,,,,,,,,
Patiala Road Zirakpur,1080.0,2832000.0,INR,,1,1,"This plot is available for sale and is located in the heart of Patiala Road Zirakpur. It has an area of 1080 sqft. The property is available at a price of Rs. 28.32 lac (negotiable). Its entry is northeast facing. The time you'll spend here will become the greatest moment of your life that will also help you to relieve, relax & evoke a great sense of happiness. It is situated in the proximity of all the important facilities. Please contact for more details. ",1,northeast,0,0,0,1,1,0,1,1,1,0,1,0,,,,,,,,,1.0,,,,,,,,
Patiala Road Zirakpur,1215.0,3186000.0,INR,,1,1,"This plot is situated in Patiala Road Zirakpur. It has a salable area of 1215 sqft and is available at a price of Rs. 2,622 per sqft. It is facing northeast direction. The property is available on freehold. The time you'll spend here will become the greatest moment of your life that will also help you to relieve, relax & evoke a great sense of happiness. The site is in close proximity to various civic utilities. ",1,northeast,0,0,0,1,1,0,0,0,0,0,0,0,,,,,,,,,1.0,,,,,,,,
Patiala Road Zirakpur,900.0,2360000.0,INR,,1,0,"It has an area of 900 sqft and is priced at Rs. 23.60 lac . Its entry is northeast facing. The time you'll spend here will become the greatest moment of your life that will also help you to relieve, relax & evoke a great sense of happiness. It is situated in the proximity of all the important facilities. Contact us for more details. ",1,northeast,0,0,0,1,1,0,0,0,0,0,1,0,,,,,,,,,1.0,,,,,,,,
Patiala Road Zirakpur,1215.0,3186000.0,INR,,1,1,"A plot is available at a prime location in Patiala Road Zirakpur. It has a salable area of 1215 sqft and is available at a price of Rs. 2,622 per sqft. Its entry is northwest facing. The time you'll spend here will become the greatest moment of your life that will also help you to relieve, relax & evoke a great sense of happiness. It is well connected to the city areas. ",1,northwest,0,0,0,1,1,0,0,0,0,0,1,0,,,,,,,,,1.0,,,,,,,,
Patiala Road Zirakpur,125.0,2950000.0,INR,,1,1,"It has a salable area of 125 sqft and is available at a price of Rs. 23,600 per sqft. It is facing northeast direction. The time you'll spend here will become the greatest moment of your life that will also help you to relieve, relax & evoke a great sense of happiness. It is situated in the proximity of all the important facilities. Please contact for more details. ",1,northeast,0,0,0,1,1,0,1,1,1,0,1,0,,,,,,,,,1.0,,,,,,,,
Mohali Village,900.0,1899000.0,INR,,1,1,"This plot is available for sale and is located in the heart of Mohali Village. Its entry is northeast facing. The time you'll spend here will become the greatest moment of your life that will also help you to relieve, relax & evoke a great sense of happiness. The site is in close proximity to various civic utilities. If you are interested, please contact us for more details. ",1,northeast,0,0,0,1,1,1,1,1,1,0,1,0,,,,,,,,,1.0,,,,,,,1.0,
Mohali Village,1350.0,2848500.0,INR,,1,1,"This plot is situated in Mohali Village. It has an area of 1350 sqft. The property is available at a price of Rs. 28.49 lac (negotiable). The time you'll spend here will become the greatest moment of your life that will also help you to relieve, relax & evoke a great sense of happiness. The site is in close proximity to various civic utilities. Contact us for more details. ",1,northeast,0,0,0,1,1,0,1,1,1,0,1,0,,,,,,,,,1.0,,,1.0,,,,1.0,1.0
Patiala Road Zirakpur,1890.0,4956000.0,INR,,1,0,"Chandigarh Royale City is a unique, exclusive and the first-of-its-kind township project in the Tri-City, under the State Government's special Township Policy. The township is a project to build a futuristic landmark with areas and concepts designed to cater to everyone's needs within a family.Chandigarh Royale City offers the best of all that makes life a pleasure to live. Spread over 200 acres with over 60% of it being open areas or with a green cover, Chandigarh Royale City following the footsteps of the legendary town planner & architect Le Corbusier to bring new Chandigarh on the edge of City Beautiful.",1,northeast,0,0,0,1,1,0,0,0,0,0,1,1,,,,,,,,,1.0,,,1.0,,,,1.0,
Patiala Road Zirakpur,1350.0,3540000.0,INR,,1,0,"This plot is available for sale and is located in the heart of Patiala Road Zirakpur. It is facing northeast direction. The time you'll spend here will become the greatest moment of your life that will also help you to relieve, relax & evoke a great sense of happiness. It is well connected to the city areas. Kindly call us for details. ",1,northeast,0,0,0,1,1,1,0,1,1,1,1,1,,,,1.0,1.0,1.0,1.0,1.0,1.0,1.0,1.0,1.0,1.0,1.0,1.0,1.0,1.0
Patiala Road Zirakpur,1170.0,3068000.0,INR,,1,0,"This plot is situated in Patiala Road Zirakpur. It has an area of 1170 sqft and is priced at Rs. 30.68 lac . It is northwest facing property. It is well connected to the city areas. If you are interested, please contact us for more details. ",1,northwest,0,0,0,1,1,1,1,1,1,1,1,1,,,,1.0,1.0,1.0,1.0,1.0,1.0,1.0,1.0,1.0,1.0,1.0,1.0,1.0,1.0
Dera Bassi,900.0,1490000.0,INR,,1,0,"A plot property is available for sale in Dera Bassi, Chandigarh. It has a salable area of 900 sqft and is available at a price of Rs. 1,655 per sqft. The time you'll spend here will become the greatest moment of your life that will also help you to relieve, relax & evoke a great sense of happiness. The society is well connected by different modes of transportation. Please contact for more details. ",1,northeast,0,0,0,1,1,1,1,1,1,1,1,1,7.1,,,1.0,1.0,1.0,1.0,1.0,1.0,1.0,1.0,1.0,1.0,1.0,1.0,1.0,1.0
Patiala Road Zirakpur,900.0,2360000.0,INR,,1,0,"Chandigarh Royale City is a unique, exclusive and the first-of-its-kind township project in the Tri-City, under the State Government's special Township Policy. The township is a project to build a futuristic landmark with areas and concepts designed to cater to everyone's needs within a family.Chandigarh Royale City offers the best of all that makes life a pleasure to live. Spread over 200 acres with over 60% of it being open areas or with a green cover, Chandigarh Royale City following the footsteps of the legendary town planner & architect Le Corbusier to bring new Chandigarh on the edge of City Beautiful.",1,northeast,0,0,0,1,1,1,0,1,1,1,1,1,,,,1.0,1.0,1.0,1.0,1.0,,1.0,1.0,1.0,1.0,1.0,1.0,1.0,1.0
Patiala Road Zirakpur,1170.0,3068000.0,INR,,1,1,"This plot is situated in Patiala Road Zirakpur. It has an area of 1170 sqft. The property is available at a price of Rs. 30.68 lac (negotiable). It is facing northeast direction. The time you'll spend here will become the greatest moment of your life that will also help you to relieve, relax & evoke a great sense of happiness. The site is in close proximity to various civic utilities. If you are interested, please contact us for more details. ",1,northeast,0,0,0,1,1,0,0,0,0,0,1,0,,,,,,,,,1.0,,,,,,,,
Patiala Road Zirakpur,1080.0,2832000.0,INR,,1,1,"This plot is available for sale and is located in the heart of Patiala Road Zirakpur. It has a salable area of 1080 sqft and is available at a price of Rs. 2,622 per sqft. It is facing northeast direction. The time you'll spend here will become the greatest moment of your life that will also help you to relieve, relax & evoke a great sense of happiness. The site is in close proximity to various civic utilities. If you are interested, please contact us for more details. ",1,northeast,0,0,0,1,1,0,0,0,0,0,1,0,,,,,,,,,1.0,,,,,,,,
Patiala Road Zirakpur,900.0,2220000.0,INR,,1,0,"A plot is available at a prime location in Patiala Road Zirakpur. It has an area of 900 sqft and is priced at Rs. 22.20 lac . The time you'll spend here will become the greatest moment of your life that will also help you to relieve, relax & evoke a great sense of happiness. It is situated in the proximity of all the important facilities. If you are interested, please contact us for more details. ",1,northeast,0,0,0,1,1,1,1,1,1,1,1,1,,,,1.0,1.0,1.0,1.0,1.0,1.0,1.0,1.0,1.0,1.0,1.0,1.0,1.0,1.0
Zirakpur Banur,900.0,2360000.0,INR,,1,1,"This plot is situated in Zirakpur Banur. It has an area of 900 sqft and is priced at Rs. 23.60 lac (negotiable). It is facing northeast direction. The property is available on freehold. The time you'll spend here will become the greatest moment of your life that will also help you to relieve, relax & evoke a great sense of happiness. The society is well connected by different modes of transportation. ",1,northeast,0,0,0,1,1,1,1,1,1,1,1,1,,,,1.0,1.0,1.0,1.0,1.0,1.0,1.0,1.0,1.0,1.0,1.0,1.0,1.0,1.0
Patiala Road Zirakpur,125.0,2950000.0,INR,,1,1,"A plot is available for sale in Patiala Road Zirakpur, Chandigarh. It has a salable area of 125 sqft and is available at a price of Rs. 23,600 per sqft. It is facing northeast direction. The time you'll spend here will become the greatest moment of your life that will also help you to relieve, relax & evoke a great sense of happiness. It is situated in the proximity of all the important facilities. Please contact us for more details. ",1,northeast,0,0,0,1,1,0,1,1,1,0,1,0,,,,,,,,,1.0,,,,,,,,
Zirakpur punjab,130.0,4810000.0,INR,,1,1,"This plot is situated in Zirakpur punjab, Chandigarh. It has a salable area of 130 sqft and is available at a price of Rs. 37,000 per sqft. It is northeast facing property. The time you'll spend here will become the greatest moment of your life that will also help you to relieve, relax & evoke a great sense of happiness. The society is well connected by different modes of transportation. ",1,northeast,0,0,0,1,1,0,0,0,0,0,0,0,,,,,,,,,1.0,,,,,,,,
Zirakpur Road,1350.0,5550000.0,INR,,1,1,"Central Town in Zirakpur, Mohali by Sanat Realtors Pvt. Ltd is a residential project.

It also has amenities like Jogging track, Lawn tennis court and Swimming pool.
It also offers Car parking.

This is a RERA registered project with registration number PBRERASAS79PR0535.

The project is spread over a total area of 22.02 acres of land. 
Central Town brochure is also available for easy reference.",1,northeast,0,0,0,1,1,0,1,1,1,0,0,0,,,,,,,,,1.0,,,,,,,,
Patiala Road Zirakpur,150.0,3540000.0,INR,,1,1,"A plot is available at a prime location in Patiala Road Zirakpur. It has an area of 150 sqft. The property is available at a price of Rs. 35.40 lac (negotiable). Its entry is northeast facing. The time you'll spend here will become the greatest moment of your life that will also help you to relieve, relax & evoke a great sense of happiness. It is situated in the proximity of all the important facilities. Please contact us for more details. ",1,northeast,0,0,0,1,1,0,1,0,1,0,1,0,,,,,,,,,1.0,,,,,,,,
Mullanpur Garibdass,1062.0,4950000.0,INR,0.0,0,0,"A plot property is available for sale in Mullanpur Garibdass, Chandigarh. It has an area of 1062 sqft and is priced at Rs. 49.50 lac . It is northeast facing property. The time you'll spend here will become the greatest moment of your life that will also help you to relieve, relax & evoke a great sense of happiness. The site is in close proximity to various civic utilities. Please contact us for more details. ",1,northeast,0,0,0,0,0,0,0,1,1,0,0,0,,,,,,,,,,,,,,,,,
Sector 95,900.0,25500000.0,INR,,0,1,Availaible 100 sqyds SCO Facing 200 ft Road in Sector 95 Mohali. Best Place for Investment at prime location. Call Rudra Properties Sector 70 Mohali for best and fair deal. Call 88375 and 26329,1,north,0,0,0,0,0,1,0,0,0,0,1,0,,,,,,,,,1.0,,,,1.0,,,,
Sector 95,360.0,15000000.0,INR,,0,1,"This plot is situated in Sector 95. It has a salable area of 360 sqft and is available at a price of Rs. 41,666 per sqft. It is facing east direction. The time you'll spend here will become the greatest moment of your life that will also help you to relieve, relax & evoke a great sense of happiness. The society is well connected by different modes of transportation. Please contact us for more details. ",1,east,0,0,0,0,1,1,0,1,0,0,1,0,,,,,,1.0,,,1.0,,,,1.0,,,,
Patiala Road Zirakpur,900.0,2550000.0,INR,,1,1,"This plot is situated in Patiala Road Zirakpur. It has an area of 900 sqft and is priced at Rs. 25.50 lac (negotiable). The time you'll spend here will become the greatest moment of your life that will also help you to relieve, relax & evoke a great sense of happiness. The society is well connected by different modes of transportation. Contact us for more details. ",1,,0,0,0,0,0,0,0,0,0,0,0,0,,,,,,,,,,,,,,,,,
Patiala Road Zirakpur,900.0,2550000.0,INR,,1,1,"This plot is situated in Patiala Road Zirakpur. It has an area of 900 sqft and is priced at Rs. 25.50 lac (negotiable). The time you'll spend here will become the greatest moment of your life that will also help you to relieve, relax & evoke a great sense of happiness. It is well connected to the city areas. If you are interested, please contact us for more details. ",1,,0,0,0,0,0,0,0,0,0,0,0,0,,,,,,,,,,,,,,,,,
Patiala Road Zirakpur,900.0,2550000.0,INR,,1,1,"This plot is situated in Patiala Road Zirakpur. It has an area of 900 sqft. The property is available at a price of Rs. 25.50 lac (negotiable). The time you'll spend here will become the greatest moment of your life that will also help you to relieve, relax & evoke a great sense of happiness. The society is well connected by different modes of transportation. Contact us for more details. ",1,,0,0,0,0,0,0,0,0,0,0,0,0,,,,,,,,,,,,,,,,,
Patiala Road Zirakpur,900.0,2550000.0,INR,,1,1,"This plot is situated in Patiala Road Zirakpur. It has a salable area of 900 sqft and is available at a price of Rs. 2,833 per sqft. The time you'll spend here will become the greatest moment of your life that will also help you to relieve, relax & evoke a great sense of happiness. It is situated in the proximity of all the important facilities. Please contact for more details. ",1,,0,0,0,0,0,0,0,0,0,0,0,0,,,,,,,,,,,,,,,,,
Patiala Road Zirakpur,900.0,2550000.0,INR,,1,1,"A plot property is available for sale in Patiala Road Zirakpur, Chandigarh. It has a salable area of 900 sqft and is available at a price of Rs. 2,833 per sqft. The time you'll spend here will become the greatest moment of your life that will also help you to relieve, relax & evoke a great sense of happiness. The society is well connected by different modes of transportation. Please contact for more details. ",1,,0,0,0,0,0,0,0,0,0,0,0,0,,,,,,,,,,,,,,,,,
Zirakpur punjab,720.0,1640000.0,INR,,1,1,"A plot is available at a prime location in Zirakpur punjab. Its entry is north facing. The time you'll spend here will become the greatest moment of your life that will also help you to relieve, relax & evoke a great sense of happiness. It is well connected to the city areas. Please contact for more details. ",1,north,0,0,0,0,0,1,1,1,1,0,1,0,,,,1.0,,,1.0,1.0,1.0,,,1.0,1.0,,,,
New Chandigarh Mullanpur,4500.0,29000000.0,INR,,0,1,"Availaible 300/400/500 sqyds Plot in ECO City 1 New Chandigarh. Plot No 10xx, Direct party deal. Confirm with only Rudra Properties Sector 70 Mohali. Orignal File in our office. Call 88375 and 26329",1,east,0,0,0,0,0,1,0,0,0,0,0,0,,,,,,,,,1.0,,,,,,,,
New Chandigarh Mullanpur,3600.0,24000000.0,INR,,0,1,"A plot property is available for sale in New Chandigarh Mullanpur, Chandigarh. It has an area of 3600 sqft and is priced at Rs. 2.40 cr (negotiable). It is facing east direction. The time you'll spend here will become the greatest moment of your life that will also help you to relieve, relax & evoke a great sense of happiness. The site is in close proximity to various civic utilities. Kindly call us for details. ",1,east,0,0,0,0,0,1,0,0,0,0,0,0,,,,,,,,,1.0,,,,,,,,
New Chandigarh Mullanpur,2700.0,18000000.0,INR,,0,1,"This plot is situated in New Chandigarh Mullanpur, Chandigarh. It has an area of 2700 sqft and is priced at Rs. 1.80 cr (negotiable). The time you'll spend here will become the greatest moment of your life that will also help you to relieve, relax & evoke a great sense of happiness. The society is well connected by different modes of transportation. Please contact for more details. ",1,east,0,0,0,0,0,1,0,0,0,0,0,0,,,,,,,,,1.0,,,,,,,,
Sector 96,180.0,9000000.0,INR,,0,1,Availaible GMADA 20 sqyds Built up Booth with Basement No 6 in Sector 96 A Mohali at very reasonable rate. Call Rudra Properties Sector 70 Mohali for best and fair deal.,1,northeast,0,0,0,0,0,1,0,0,0,0,0,0,,,,,,,,,1.0,,,,,,,,
Sector 96,180.0,6500000.0,INR,,0,1,"This plot is situated in Sector 96. It has a salable area of 180 sqft and is available at a price of Rs. 36,111 per sqft. It is southwest facing property. The time you'll spend here will become the greatest moment of your life that will also help you to relieve, relax & evoke a great sense of happiness. The society is well connected by different modes of transportation. ",1,southwest,0,0,0,0,0,1,0,0,0,0,0,0,,,,,,,,,1.0,,,,,,,,
Patiala Road Zirakpur,900.0,2550000.0,INR,,1,1,"This plot is situated in Patiala Road Zirakpur, Chandigarh. It has a salable area of 900 sqft and is available at a price of Rs. 2,833 per sqft. The time you'll spend here will become the greatest moment of your life that will also help you to relieve, relax & evoke a great sense of happiness. The society is well connected by different modes of transportation. If you are interested, please contact us for more details. ",1,,0,0,0,0,0,0,0,0,0,0,0,0,,,,,,,,,,,,,,,,,
New Chandigarh Mullanpur,150.0,3900000.0,INR,,1,1,,1,northeast,0,0,0,1,1,1,0,1,0,0,0,0,,,,,,,,,1.0,,,,,,,,
Patiala Road Zirakpur,900.0,2550000.0,INR,,1,1,"A plot is available at a prime location in Patiala Road Zirakpur. It has an area of 900 sqft and is priced at Rs. 25.50 lac (negotiable). The time you'll spend here will become the greatest moment of your life that will also help you to relieve, relax & evoke a great sense of happiness. It is situated in the proximity of all the important facilities. Kindly call us for details. ",1,,0,0,0,0,0,0,0,0,0,0,0,0,,,,,,,,,,,,,,,,,
Zirakpur punjab,1818.0,4950000.0,INR,1.0,0,1,"This plot is situated in Zirakpur punjab. It has an area of 1818 sqft. The property is available at a price of Rs. 49.50 lac (negotiable). The property is available on freehold. The time you'll spend here will become the greatest moment of your life that will also help you to relieve, relax & evoke a great sense of happiness. It is situated in the proximity of all the important facilities. If you are interested, please contact us for more details. ",1,,0,10,0,1,1,0,0,0,0,0,0,0,,,,,1.0,,1.0,,1.0,,,,,,,,
Sector 79,1350.0,14200000.0,INR,1.0,0,0,"This plot is available for sale and is located in the heart of Sector 79. It has an area of 1350 sqft. The property is available at a price of Rs. 1.42 cr . The time you'll spend here will become the greatest moment of your life that will also help you to relieve, relax & evoke a great sense of happiness. The society is well connected by different modes of transportation. If you are interested, please contact us for more details. ",1,,0,6,0,0,0,0,0,0,0,0,0,0,,,,,,,,,,,,,,,,,
Patiala Road Zirakpur,900.0,2550000.0,INR,,1,1,"This plot is situated in Patiala Road Zirakpur. It has a salable area of 900 sqft and is available at a price of Rs. 2,833 per sqft. The time you'll spend here will become the greatest moment of your life that will also help you to relieve, relax & evoke a great sense of happiness. The site is in close proximity to various civic utilities. Kindly call us for details. ",1,,0,0,0,0,0,0,0,0,0,0,0,0,,,,,,,,,,,,,,,,,
kharar landran road,900.0,1990000.0,INR,,1,1,"ABOUT THE PROJECT

Smart City Mohali, is an upcoming Residential Township at one of the most promising locations of Mohali City. The project offers freehold residential Plots in a secured and gated atmosphere with direct access from NH205A. Being in close proximity to Mohali International airport , IT City Mohali and upcoming Commercial Hub Of Chandigarh Capital Region, the township is an ideal destination, both for making your dream home in the heart of development and for an ideal investment that ensures multiplying returns.

The township is designed with a commercial complex in the front to cater to the needs of the residential community, Grand Entrance from main highway, multiple green parks, wide roads, a planned Club house with community hall and recreational activities and ample open space",1,northeast,0,0,0,1,1,0,1,1,1,0,1,0,,,,,,,,,1.0,,,,,,,,
Ambala Highway,900.0,3700000.0,INR,,1,1,"Central Town in Zirakpur, Mohali by Sanat Realtors Pvt. Ltd is a residential project.

It also has amenities like Jogging track, Lawn tennis court and Swimming pool.
It also offers Car parking.

This is a RERA registered project with registration number PBRERASAS79PR0535.

The project is spread over a total area of 22.02 acres of land. 
Central Town brochure is also available for easy reference.

About City:

Mohali is witnessing growth in every aspect. Hence, the real estate market is also witnessing growth. The major drivers of the realty market of this city are booming industries that generate new jobs, infrastructural developments and presence of quality healthcare and educational institutes.
The stable demand is to supply ratio further creates an impact on the positivity of real estate markets. The city has a wide mix of residential units including luxury, affordable and midsegment.",1,northeast,0,0,0,1,1,0,1,1,1,0,1,0,,,,,,,,,1.0,,,,,,,,
Mohali Village,900.0,2790000.0,INR,1.0,1,0,"This plot is available for sale and is located in the heart of Mohali Village. It has an area of 900 sqft. The property is available at a price of Rs. 27.90 lac . The time you'll spend here will become the greatest moment of your life that will also help you to relieve, relax & evoke a great sense of happiness. The society is well connected by different modes of transportation. Contact us for more details. ",1,,0,5,0,0,0,0,0,0,0,0,0,0,,,,,,,,,,,,,,,,,
Mohali Village,1179.0,3000000.0,INR,1.0,1,0,"131 Square yard Plot for sale in Sector 55, Mohali. This land has a dimension of 18.0 mt length 7.0 mt width. Price. The width of the facing road is 7.0 mt. The most popular landmarks near this plot are Sachdeva, Kala Punjabi Dhaba, and Taj Dhaba",1,,0,5,0,0,0,0,0,0,0,0,0,0,,,,,,,,,,,,,,,,,
Mohali Village,2250.0,11300000.0,INR,1.0,0,0,"A plot is available at a prime location in Mohali Village. It has an area of 2250 sqft and is priced at Rs. 1.13 cr . The time you'll spend here will become the greatest moment of your life that will also help you to relieve, relax & evoke a great sense of happiness. The society is well connected by different modes of transportation. Please contact us for more details. ",1,,0,5,0,0,0,0,0,0,0,0,0,0,,,,,,,,,,,,,,,,,
Patiala Road Zirakpur,900.0,3000000.0,INR,,1,1,"Royale Waterfront-
PLOTS near Aerocity Mohali in RERA Registered & Punjab Government approved Secured Township.
? Direct entry from Chandigarh-Patiala National Highway
? Just 10 Mins drive from Mohali International Airport/Aerocity.
? Ready for Possession, Part of 100acre+ Integrated Township
? Trusted Builder with Timely past deliveries
? Families residing inside the township
? Bank Loan up to 80% from all leading banks",1,east,0,0,0,0,0,0,0,0,0,0,0,0,,,,,,,,,,,,,,,,,
Mohali Sec 113,720.0,2100000.0,INR,,1,1,"A plot property is available for sale in Mohali Sec 113, Chandigarh. It has a salable area of 720 sqft and is available at a price of Rs. 2,916 per sqft. It is facing east direction. It is situated in the proximity of all the important facilities. Contact us for more details. ",1,east,0,0,0,0,1,1,0,0,0,0,1,1,,,,1.0,,1.0,1.0,1.0,,,,1.0,1.0,,,,
Mohali Sec 113,900.0,2700000.0,INR,,1,1,"A plot property is available for sale in Mohali Sec 113, Chandigarh. It has an area of 900 sqft and is priced at Rs. 27.00 lac (negotiable). It is facing east direction. The time you'll spend here will become the greatest moment of your life that will also help you to relieve, relax & evoke a great sense of happiness. The society is well connected by different modes of transportation. Please contact for more details. ",1,east,0,0,0,0,1,1,0,0,0,0,1,1,,,,1.0,,1.0,1.0,1.0,,,,1.0,1.0,,,,
Patiala Road Zirakpur,900.0,2550000.0,INR,,1,1,"This plot is available for sale and is located in the heart of Patiala Road Zirakpur. It has an area of 900 sqft and is priced at Rs. 25.50 lac (negotiable). The time you'll spend here will become the greatest moment of your life that will also help you to relieve, relax & evoke a great sense of happiness. The society is well connected by different modes of transportation. Contact us for more details. ",1,,0,0,0,0,0,0,0,0,0,0,0,0,,,,,,,,,,,,,,,,,
Airport Road,900.0,2700000.0,INR,,1,1,"prime location propty in mohali 113 near by it city , ashoka universty , amenty universty , gated socity , green park , gmada aprov socity neart by air port 10 min draving distance",1,east,0,0,0,0,1,1,1,1,0,0,1,1,,,,1.0,,,1.0,1.0,,,,1.0,1.0,,,,
Sector 80,1114.0,8000000.0,INR,1.0,0,0,"This plot is available for sale and is located in the heart of Sector 80. It has a salable area of 1114 sqft and is available at a price of Rs. 7,181 per sqft. It is facing northeast direction. The time you'll spend here will become the greatest moment of your life that will also help you to relieve, relax & evoke a great sense of happiness. It is situated in the proximity of all the important facilities. Contact us for more details. ",1,northeast,0,6,0,0,0,0,0,0,0,0,0,0,,,,,,,,,,,,,,,,,
Sector 80,2250.0,14000000.0,INR,1.0,0,0,"A plot is available at a prime location in Sector 80. It has a salable area of 2250 sqft and is available at a price of Rs. 6,222 per sqft. The time you'll spend here will become the greatest moment of your life that will also help you to relieve, relax & evoke a great sense of happiness. It is well connected to the city areas. Please contact for more details. ",1,,0,6,0,0,0,0,0,0,0,0,0,0,,,,,,,,,,,,,,,,,
Sector 79,1800.0,18500000.0,INR,1.0,0,0,"A plot property is available for sale in Sector 79, Chandigarh. It has an area of 1800 sqft. The property is available at a price of Rs. 1.85 cr . The time you'll spend here will become the greatest moment of your life that will also help you to relieve, relax & evoke a great sense of happiness. The site is in close proximity to various civic utilities. If you are interested, please contact us for more details. ",1,,0,6,0,0,0,0,0,0,0,0,0,0,,,,,,,,,,,,,,,,,
Sector 78,1377.0,10500000.0,INR,1.0,0,0,"1377 Square feet Plot for sale in Sector 78, Mohali. This land has a dimension of 33.0 mt length 50.0 mt width. Price. The width of the facing road is 40.0 mt. The most popular landmarks near this plot are B.S.H. Arya Senior Secondary School, Kukreja Departmental Store, and Karan General Store",1,,0,0,0,0,0,0,0,0,0,0,0,0,,,,,,,,,,,,,,,,,
Sector 77,900.0,6100000.0,INR,1.0,0,0,"A plot is available for sale in Sector 77, Chandigarh. It has a salable area of 900 sqft and is available at a price of Rs. 6,777 per sqft. Its entry is northwest facing. The time you'll spend here will become the greatest moment of your life that will also help you to relieve, relax & evoke a great sense of happiness. It is well connected to the city areas. Contact us for more details. ",1,northwest,0,0,0,0,0,0,0,0,0,0,0,0,,,,,,,,,,,,,,,,,
Sector 77,900.0,6000000.0,INR,1.0,0,0,"900 Square feet Plot for sale in Sector 77, Mohali. This land has a dimension of 20.0 mt length 45.0 mt width. Price. The width of the facing road is 40.0 mt. The most popular landmarks near this plot are Sham Sweets, Maan Restaurant & Sweets Shop, and Sahib Tent",1,,0,0,0,0,0,0,0,0,0,0,0,0,,,,,,,,,,,,,,,,,
Sector 80,1125.0,6500000.0,INR,1.0,0,0,"1125 Square feet Plot for sale in Sector 80, Mohali. This land has a dimension of 25.0 mt length 45.0 mt width. Price. The width of the facing road is 40.0 mt. The most popular landmarks near this plot are New Bansal Departmental Store, Sukha Atta Chakki, and Surinder Kumar Departmental Store",1,,0,6,0,0,0,0,0,0,0,0,0,0,,,,,,,,,,,,,,,,,
Sector 79,1350.0,10000000.0,INR,1.0,0,0,"1350 Square feet Plot for sale in Sector 79, Mohali. This land has a dimension of 30.0 mt length 40.0 mt width. Price. The width of the facing road is 60.0 mt. The most popular landmarks near this plot are High School, Clinic - Dr. Ranjit Bajwa (Internal Medicine), and Sood Foods Private Limited",1,,0,6,0,0,0,0,0,0,0,0,0,0,,,,,,,,,,,,,,,,,
zirakpur vip road,900.0,4100000.0,INR,,1,1,"plots in rady to posison , gated socity , with green park , near by dps school 10 min walking distance , sant xavire school 10 min draving distance , dally need shops in walking distance",1,east,0,0,0,0,0,0,0,0,0,0,0,0,,,,,,,,,,,,,,,,,
Mullanpur,2700.0,8890000.0,INR,,1,1,"This plot is available for sale and is located in the heart of Mullanpur. It has an area of 2700 sqft and is priced at Rs. 88.90 lac (negotiable). It is facing east direction. The time you'll spend here will become the greatest moment of your life that will also help you to relieve, relax & evoke a great sense of happiness. The society is well connected by different modes of transportation. Contact us for more details. ",1,east,0,0,0,0,1,1,0,1,1,0,0,1,,,,,,,,,1.0,,,,,,,,
Patiala Road Zirakpur,900.0,2550000.0,INR,,1,1,"A plot is available for sale in Patiala Road Zirakpur, Chandigarh. It has a salable area of 900 sqft and is available at a price of Rs. 2,833 per sqft. The time you'll spend here will become the greatest moment of your life that will also help you to relieve, relax & evoke a great sense of happiness. The site is in close proximity to various civic utilities. Kindly call us for details. ",1,,0,0,0,0,0,0,0,0,0,0,0,0,,,,,,,,,,,,,,,,,
Kharar Mohali,900.0,1900000.0,INR,,1,1,"A plot is available at a prime location in Kharar Mohali. It has a salable area of 900 sqft and is available at a price of Rs. 2,111 per sqft. Its entry is east facing. The time you'll spend here will become the greatest moment of your life that will also help you to relieve, relax & evoke a great sense of happiness. The site is in close proximity to various civic utilities. ",1,east,0,0,0,0,0,0,0,0,0,0,0,0,,,,,,,,,,,,,,,,,
Mohali Sec 113,900.0,2600000.0,INR,,1,1,"propty in mohali 113 sec prime location propty , gmada aprov project near by it city , air port , relway station 15 min draving distance all bank lon avelabal , Gated socity , green park avelabal ,",1,east,0,0,0,0,0,0,0,0,0,0,0,0,,,,,,,,,,,,,,,,,
New Chandigarh Mullanpur,1800.0,6390000.0,INR,,1,1,"This plot is situated in New Chandigarh Mullanpur, Chandigarh. It has an area of 1800 sqft. The property is available at a price of Rs. 63.90 lac (negotiable). It is east facing property. The time you'll spend here will become the greatest moment of your life that will also help you to relieve, relax & evoke a great sense of happiness. It is situated in the proximity of all the important facilities. Please contact for more details. ",1,east,0,0,0,0,0,0,0,0,0,0,0,0,,,,,,,,,,,,,,,,,
Dera Bassi,1440.0,3065000.0,INR,,1,1,"A plot property is available for sale in Dera Bassi, Chandigarh. It has a salable area of 1440 sqft and is available at a price of Rs. 2,128 per sqft. Its entry is east facing. The time you'll spend here will become the greatest moment of your life that will also help you to relieve, relax & evoke a great sense of happiness. The site is in close proximity to various civic utilities. Please contact for more details. ",1,east,0,0,1,1,1,0,1,1,1,0,1,0,7.1,,,,,1.0,1.0,,1.0,,,,,1.0,,,
Dera Bassi,1125.0,2425000.0,INR,,1,1,"It has an area of 1125 sqft and is priced at Rs. 24.25 lac (negotiable). It is east facing property. The time you'll spend here will become the greatest moment of your life that will also help you to relieve, relax & evoke a great sense of happiness. The society is well connected by different modes of transportation. Please contact for more details. ",1,east,0,0,1,1,1,1,1,1,1,0,1,1,7.1,,,,,1.0,1.0,,1.0,,,,,1.0,,,
Mullanpur,1800.0,6465000.0,INR,,1,1,"A plot is available at a prime location in Mullanpur. It has an area of 1800 sqft and is priced at Rs. 64.65 lac (negotiable). It is facing east direction. The time you'll spend here will become the greatest moment of your life that will also help you to relieve, relax & evoke a great sense of happiness. If you are interested, please contact us for more details. ",1,east,0,0,0,0,1,1,0,0,0,0,0,1,,,,,,,,,1.0,,,,,,,,
DLF Mullanpur,4500.0,30000000.0,INR,,1,1,"This plot is available for sale and is located in the heart of DLF Mullanpur. It has an area of 4500 sqft. The property is available at a price of Rs. 3.00 cr (negotiable). It is facing northeast direction. The property is available on freehold. The time you'll spend here will become the greatest moment of your life that will also help you to relieve, relax & evoke a great sense of happiness. The society is well connected by different modes of transportation. Please contact for more details. ",1,northeast,0,0,0,0,0,0,0,0,0,0,0,0,,,,,,,,,,,,,,,,,
New Chandigarh Mullanpur,1350.0,3975000.0,INR,,1,1,,1,northeast,0,0,0,0,1,1,0,0,0,0,0,0,,,,,,,,,1.0,,,,,,,,
Mohali Village,1800.0,9600000.0,INR,,1,0,"A plot is available for sale in Mohali Village, Chandigarh. It has a salable area of 1800 sqft and is available at a price of Rs. 5,333 per sqft. The time you'll spend here will become the greatest moment of your life that will also help you to relieve, relax & evoke a great sense of happiness. The society is well connected by different modes of transportation. Contact us for more details. ",1,,0,0,0,0,0,0,0,0,0,0,0,0,,,,,,,,,,,,,,,,,
Dera Bassi,1440.0,3080000.0,INR,,1,1,"A plot is available at a prime location in Dera Bassi. It has a salable area of 1440 sqft and is available at a price of Rs. 2,138 per sqft. It has swimming pool as well as car parking. The project also has 24 x 7 security and gymnasium. Its entry is east facing. The time you'll spend here will become the greatest moment of your life that will also help you to relieve, relax & evoke a great sense of happiness. It is situated in the proximity of all the important facilities. If you are interested, please contact us for more details. ",1,east,0,0,1,1,1,1,1,1,1,0,1,1,7.1,,,,,1.0,1.0,,1.0,,,,,1.0,,,
Mohali Sec 113,900.0,2500000.0,INR,,1,0,"A plot is available for sale in Mohali Sec 113, Chandigarh. It has an area of 900 sqft and is priced at Rs. 25.00 lac . It is facing east direction. The time you'll spend here will become the greatest moment of your life that will also help you to relieve, relax & evoke a great sense of happiness. The site is in close proximity to various civic utilities. If you are interested, please contact us for more details. ",1,east,0,0,0,0,1,0,0,0,0,0,0,0,,,,,,,,,,,,,,,,,
Mohali Village,1800.0,9600000.0,INR,,1,0,"This plot is situated in Mohali Village. It has an area of 1800 sqft. The property is available at a price of Rs. 96.00 lac . It is east facing property. The time you'll spend here will become the greatest moment of your life that will also help you to relieve, relax & evoke a great sense of happiness. The society is well connected by different modes of transportation. Please contact us for more details. ",1,east,0,0,0,0,1,0,0,0,0,0,0,0,,,,,,,,,,,,,,,,,
Ambala Highway,900.0,3700000.0,INR,,1,1,"Situated at a prime location Central Town Zirakpur is just 5 minutes drive from Chandigarh Ambala National Highway. It's close proximity to the upcoming ring ...
The project is spread over a total area of 22.02 acres of land. 
Central Town brochure is also available for easy reference.

About City:

Mohali is witnessing growth in every aspect. Hence, the real estate market is also witnessing growth. The major drivers of the realty market of this city are booming industries that generate new jobs, infrastructural developments and presence of quality healthcare and educational institutes.
The stable demand is to supply ratio further creates an impact on the positivity of real estate markets. The city has a wide mix of residential units including luxury, affordable and midsegment.
Reserved Parking
Gymnasium
Power Back Up
Club House
Swimming Pool
Landscape Garden
24 Hours Water Supply
Meditation Area
Paved Compound
Sewage Treatment Plan
Jogging Track-Footpath
Central Town in Zirakpur, Mohali by Central Infradeveloper is a residential project. It also has amenities like Jogging track, Lawn tennis court and Swimming pool. It also offers Car parking.
More about the Project:
Central Town in Zirakpur, Chandigarh is an under construction residential project and will offer possession in 05/31/2021. The project offers meticulously designed Residential Plot in Zirakpur, Chandigarh for comfortable & peaceful living. The project is developed by Central Infra Developers.",1,northeast,0,0,0,1,1,1,0,0,1,0,0,1,,,,,,,,,1.0,,,,,,,,
Mullanpur Garibdass,1035.0,4600000.0,INR,,1,1,"Phase 3 Mullanpur is a premium housing project at Mullanpur in Mohali. The project is developed by Omaxe. Social infrastructure like banks, schools and parks surround the area. It is also very well-connected to various parts of the city by public transport network.",1,northeast,0,0,0,1,0,0,0,0,0,0,0,0,,,123.0,,,,1.0,,1.0,,,,,,,,
Mohali Sec 113,900.0,2700000.0,INR,,1,1,"plots in rady to possisan near by it city in mohali prime location , air port 10 min draving distance , all bank lon avelabal 70% , school 10 min draving distance",1,east,0,0,0,0,0,0,0,0,0,0,0,0,,,,,,,,,,,,,,,,,
Dera Bassi,1800.0,3398000.0,INR,,1,1,,1,northeast,0,0,0,0,1,0,0,0,0,0,0,0,7.1,,,,,,,,,,,,,,,,
New chandigarh mohali,1800.0,7000000.0,INR,,1,0,"A plot property is available for sale in New chandigarh mohali, Chandigarh. It is northeast facing property. The time you'll spend here will become the greatest moment of your life that will also help you to relieve, relax & evoke a great sense of happiness. It is well connected to the city areas. Contact us for more details. ",1,northeast,0,0,0,1,1,1,0,1,0,0,0,0,,,,,,,,,1.0,,,,,,,,
110 Mohali Pind Road,1800.0,7500000.0,INR,,1,1,"A plot property is available for sale in 110 Mohali Pind Road, Chandigarh. It has an area of 1800 sqft and is priced at Rs. 75.00 lac (negotiable). It is east facing property. The time you'll spend here will become the greatest moment of your life that will also help you to relieve, relax & evoke a great sense of happiness. The site is in close proximity to various civic utilities. If you are interested, please contact us for more details. ",1,east,0,0,0,1,1,1,1,1,1,1,1,1,,,,1.0,1.0,1.0,1.0,1.0,1.0,1.0,1.0,1.0,1.0,1.0,1.0,1.0,1.0
Dera Bassi,900.0,1298100.0,INR,,1,1,"It has an area of 900 sqft and is priced at Rs. 12.98 lac (negotiable). It is north facing property. The time you'll spend here will become the greatest moment of your life that will also help you to relieve, relax & evoke a great sense of happiness. It is situated in the proximity of all the important facilities. Kindly call us for details. ",1,north,0,0,0,0,1,1,1,0,1,1,1,1,7.1,,,1.0,,,,1.0,1.0,1.0,1.0,,1.0,,,,
Gulabgarh,720.0,1192000.0,INR,,1,1,"This plot is available for sale and is located in the heart of Gulabgarh. Its entry is north facing. The time you'll spend here will become the greatest moment of your life that will also help you to relieve, relax & evoke a great sense of happiness. The site is in close proximity to various civic utilities. Please contact for more details. ",1,north,0,0,0,0,0,0,0,0,0,0,1,1,,,,,,1.0,1.0,,1.0,,1.0,,,,,,
Dera Bassi,900.0,1290000.0,INR,1.0,1,1,"This plot is situated in Canum VIP Enclave, Dera Bassi. It has an area of 900 sqft. The property is available at a price of Rs. 12.90 lac (negotiable). Its entry is east facing. The time you'll spend here will become the greatest moment of your life that will also help you to relieve, relax & evoke a great sense of happiness. The site is in close proximity to various civic utilities. ",1,east,0,1,0,0,1,1,0,1,1,0,0,1,7.1,,,,,,,,,,,,,,,,
Omaxe New Chandigarh,2700.0,7250000.0,INR,,0,0,,1,southeast,0,0,0,0,0,0,0,0,0,0,0,0,,,,,,,,,,,,,,,,,
Patiala Road Zirakpur,900.0,2550000.0,INR,,1,1,"This plot is situated in Patiala Road Zirakpur, Chandigarh. It has an area of 900 sqft and is priced at Rs. 25.50 lac (negotiable). The time you'll spend here will become the greatest moment of your life that will also help you to relieve, relax & evoke a great sense of happiness. The site is in close proximity to various civic utilities. Contact us for more details. ",1,,0,0,0,0,0,0,0,0,0,0,0,0,,,,,,,,,,,,,,,,,
Patiala Road Zirakpur,900.0,2550000.0,INR,,1,1,"A plot is available for sale in Patiala Road Zirakpur, Chandigarh. It has an area of 900 sqft. The property is available at a price of Rs. 25.50 lac (negotiable). The time you'll spend here will become the greatest moment of your life that will also help you to relieve, relax & evoke a great sense of happiness. The society is well connected by different modes of transportation. Please contact for more details. ",1,,0,0,0,0,0,0,0,0,0,0,0,0,,,,,,,,,,,,,,,,,
Patiala Road Zirakpur,900.0,2550000.0,INR,,1,1,"This plot is situated in Patiala Road Zirakpur, Chandigarh. It has an area of 900 sqft. The property is available at a price of Rs. 25.50 lac (negotiable). The time you'll spend here will become the greatest moment of your life that will also help you to relieve, relax & evoke a great sense of happiness. The society is well connected by different modes of transportation. Please contact for more details. ",1,,0,0,0,0,0,0,0,0,0,0,0,0,,,,,,,,,,,,,,,,,
Patiala Road Zirakpur,900.0,2550000.0,INR,,1,1,"A plot property is available for sale in Patiala Road Zirakpur, Chandigarh. It has an area of 900 sqft and is priced at Rs. 25.50 lac (negotiable). The time you'll spend here will become the greatest moment of your life that will also help you to relieve, relax & evoke a great sense of happiness. The society is well connected by different modes of transportation. Kindly call us for details. ",1,,0,0,0,0,0,0,0,0,0,0,0,0,,,,,,,,,,,,,,,,,
Patiala Road Zirakpur,900.0,2550000.0,INR,,1,1,"A plot is available at a prime location in Patiala Road Zirakpur. It has a salable area of 900 sqft and is available at a price of Rs. 2,833 per sqft. The time you'll spend here will become the greatest moment of your life that will also help you to relieve, relax & evoke a great sense of happiness. The society is well connected by different modes of transportation. Contact us for more details. ",1,,0,0,0,0,0,0,0,0,0,0,0,0,,,,,,,,,,,,,,,,,
Patiala Road Zirakpur,100.0,2550000.0,INR,,1,1,"This plot is situated in Patiala Road Zirakpur, Chandigarh. It has an area of 100 sqft. The property is available at a price of Rs. 25.50 lac (negotiable). The time you'll spend here will become the greatest moment of your life that will also help you to relieve, relax & evoke a great sense of happiness. It is well connected to the city areas. If you are interested, please contact us for more details. ",1,,0,0,0,0,0,0,0,0,0,0,0,0,,,,,,,,,,,,,,,,,
Patiala Road Zirakpur,900.0,2550000.0,INR,,1,1,"This plot is available for sale and is located in the heart of Patiala Road Zirakpur. It has a salable area of 900 sqft and is available at a price of Rs. 2,833 per sqft. The time you'll spend here will become the greatest moment of your life that will also help you to relieve, relax & evoke a great sense of happiness. It is well connected to the city areas. If you are interested, please contact us for more details. ",1,,0,0,0,0,0,0,0,0,0,0,0,0,,,,,,,,,,,,,,,,,
Patiala Road Zirakpur,900.0,2550000.0,INR,,1,1,"A plot is available for sale in Patiala Road Zirakpur, Chandigarh. It has an area of 900 sqft. The property is available at a price of Rs. 25.50 lac (negotiable). The time you'll spend here will become the greatest moment of your life that will also help you to relieve, relax & evoke a great sense of happiness. The site is in close proximity to various civic utilities. Kindly call us for details. ",1,,0,0,0,0,0,0,0,0,0,0,0,0,,,,,,,,,,,,,,,,,
Patiala Road Zirakpur,900.0,6190000.0,INR,,1,1,"A plot is available at a prime location in Patiala Road Zirakpur. It has a salable area of 900 sqft and is available at a price of Rs. 6,877 per sqft. The time you'll spend here will become the greatest moment of your life that will also help you to relieve, relax & evoke a great sense of happiness. It is well connected to the city areas. Please contact for more details. ",1,,0,0,0,0,0,0,0,0,0,0,0,0,,,,,,,,,,,,,,,,,
Patiala Road Zirakpur,900.0,2550000.0,INR,,1,1,"This plot is situated in Patiala Road Zirakpur. It has a salable area of 900 sqft and is available at a price of Rs. 2,833 per sqft. The time you'll spend here will become the greatest moment of your life that will also help you to relieve, relax & evoke a great sense of happiness. It is well connected to the city areas. Please contact for more details. ",1,,0,0,0,0,0,0,0,0,0,0,0,0,,,,,,,,,,,,,,,,,
Patiala Road Zirakpur,900.0,2550000.0,INR,,1,1,"A plot property is available for sale in Patiala Road Zirakpur, Chandigarh. It has an area of 900 sqft and is priced at Rs. 25.50 lac (negotiable). The time you'll spend here will become the greatest moment of your life that will also help you to relieve, relax & evoke a great sense of happiness. The site is in close proximity to various civic utilities. Contact us for more details. ",1,,0,0,0,0,0,0,0,0,0,0,0,0,,,,,,,,,,,,,,,,,
Patiala Road Zirakpur,900.0,2550000.0,INR,,1,1,"A plot is available at a prime location in Patiala Road Zirakpur. It has a salable area of 900 sqft and is available at a price of Rs. 2,833 per sqft. The time you'll spend here will become the greatest moment of your life that will also help you to relieve, relax & evoke a great sense of happiness. The site is in close proximity to various civic utilities. Please contact for more details. ",1,,0,0,0,0,0,0,0,0,0,0,0,0,,,,,,,,,,,,,,,,,
New Chandigarh Mullanpur,250.0,6250000.0,INR,,1,1,,1,northeast,0,0,0,0,1,0,0,0,0,0,0,0,,,,,,,,,1.0,,,,,,,,
SEC 115 MOHALI KHARAR LANDRAN ROAD,540.0,1014000.0,INR,,1,1,"A plot is available for sale in SEC 115 MOHALI KHARAR LANDRAN ROAD, Chandigarh. It has a salable area of 540 sqft and is available at a price of Rs. 1,877 per sqft. The time you'll spend here will become the greatest moment of your life that will also help you to relieve, relax & evoke a great sense of happiness. It is well connected to the city areas. Kindly call us for details. ",1,,0,0,0,0,0,0,0,0,0,0,0,0,,,,,,,,,,,,,,,,,
Mohali Village,720.0,2100000.0,INR,,1,1,"plots in mohali sec 113 rady to possion rera registed propty , gated socity , near by it city , near ny Ashoka universty , plaska universty , inforcis , 10 min draving distance",1,east,0,0,0,0,0,0,0,0,0,0,0,0,,,,,,,,,,,,,,,,,
Zirakpur Banur,900.0,2700000.0,INR,,1,1,"plot rady to possisan in mohali near by it ct mohali , 5 min draving distance , universty ashoka universty , plaska universty , amety universty 5 min draving distance , gmada apruv project , open green area",1,east,0,0,0,0,0,0,0,0,0,0,0,0,,,,,,,,,,,,,,,,,
Dera Bassi,1422.0,3045000.0,INR,,1,1,"This plot is situated in Dera Bassi, Chandigarh. It has an area of 1422 sqft. The property is available at a price of Rs. 30.45 lac (negotiable). It has swimming pool as well as gymnasium. The project also has car parking and 24 x 7 security. The time you'll spend here will become the greatest moment of your life that will also help you to relieve, relax & evoke a great sense of happiness. The society is well connected by different modes of transportation. ",1,east,0,0,1,1,1,0,1,1,1,0,1,0,7.1,,,,,1.0,1.0,,1.0,,,,,1.0,,,
Mullanpur,2700.0,9960000.0,INR,,1,1,"This plot is available for sale and is located in the heart of Mullanpur. It has an area of 2700 sqft and is priced at Rs. 99.60 lac (negotiable). Its entry is east facing. The time you'll spend here will become the greatest moment of your life that will also help you to relieve, relax & evoke a great sense of happiness. The society is well connected by different modes of transportation. Contact us for more details. ",1,east,0,0,0,0,0,0,0,0,0,0,0,0,,,,,,,,,,,,,,,,,
Yadagirigutta,1350.0,900000.0,INR,1.0,0,0,"This plot is available for sale and is located in the heart of Yadagirigutta. It has an area of 1350 sqft. The property is available at a price of Rs. 9.00 lac . It is facing east direction. The time you'll spend here will become the greatest moment of your life that will also help you to relieve, relax & evoke a great sense of happiness. It is well connected to the city areas. Kindly call us for details. ",1,east,0,0,0,0,0,0,0,0,0,0,0,0,,,,,,,,,,,,,,,,,
Dera Bassi,1440.0,3070000.0,INR,,0,1,"This plot is situated in Dera Bassi, Chandigarh. It has a salable area of 1440 sqft and is available at a price of Rs. 2,131 per sqft. It is facing east direction. The time you'll spend here will become the greatest moment of your life that will also help you to relieve, relax & evoke a great sense of happiness. It is well connected to the city areas. Kindly call us for details. ",1,east,0,0,1,1,1,0,1,1,1,0,1,0,7.1,,,,,1.0,1.0,,1.0,,,,,1.0,,,
New Chandigarh Mullanpur,3150.0,9675000.0,INR,,1,1,"This plot is situated in New Chandigarh Mullanpur, Chandigarh. It has a salable area of 3150 sqft and is available at a price of Rs. 3,071 per sqft. Its entry is east facing. The time you'll spend here will become the greatest moment of your life that will also help you to relieve, relax & evoke a great sense of happiness. It is well connected to the city areas. ",1,east,0,0,0,0,0,0,0,0,0,0,0,0,,,,,,,,,,,,,,,,,
Dera Bassi,945.0,943950.0,INR,,1,1,"This plot is available for sale and is located in the heart of Dera Bassi. It has an area of 945 sqft. The property is available at a price of Rs. 9.44 lac (negotiable). Its entry is northeast facing. The time you'll spend here will become the greatest moment of your life that will also help you to relieve, relax & evoke a great sense of happiness. It is situated in the proximity of all the important facilities. Contact us for more details. ",1,northeast,0,0,0,0,1,0,0,1,0,0,0,1,7.1,,,,,1.0,1.0,,1.0,,1.0,1.0,,,,,
Aerocity Road,1440.0,8320000.0,INR,,1,1,"This plot is situated in Aerocity Road, Chandigarh. It has an area of 1440 sqft and is priced at Rs. 83.20 lac (negotiable). It is facing northeast direction. The time you'll spend here will become the greatest moment of your life that will also help you to relieve, relax & evoke a great sense of happiness. It is situated in the proximity of all the important facilities. Please contact us for more details. ",1,northeast,0,0,0,1,1,0,1,1,1,0,1,1,,,,,,,,,1.0,,,,,,,1.0,1.0
kharar landran road,900.0,2000000.0,INR,,1,1,"A plot is available at a prime location in kharar landran road. It has an area of 900 sqft. The property is available at a price of Rs. 20.00 lac (negotiable). Its entry is northeast facing. The time you'll spend here will become the greatest moment of your life that will also help you to relieve, relax & evoke a great sense of happiness. The site is in close proximity to various civic utilities. Contact us for more details. ",1,northeast,0,0,0,1,1,1,1,1,1,0,1,1,,,,,,,,,1.0,,,1.0,1.0,,,1.0,1.0
Mohali Sec 105,4500.0,25100000.0,INR,,1,1,This plot is available for sale and is located in the heart of Mohali Sec 105. Its entry is east facing. The property is available on freehold. The society is well connected by different modes of transportation. Contact us for more details. ,1,east,0,0,0,1,1,1,1,1,1,1,1,1,,,,1.0,1.0,1.0,1.0,1.0,1.0,1.0,1.0,1.0,1.0,1.0,1.0,1.0,1.0
Mohali Sec 105,4500.0,25500000.0,INR,,1,1,"A plot is available for sale in Mohali Sec 105, Chandigarh. It has an area of 4500 sqft and is priced at Rs. 2.55 cr (negotiable). The plot provides an excellent view as it overlooks the garden. It is situated in the proximity of all the important facilities. Please contact us for more details. ",1,east,0,0,0,1,1,1,1,1,1,1,1,1,,,,1.0,1.0,1.0,1.0,1.0,1.0,1.0,1.0,1.0,1.0,1.0,1.0,1.0,1.0
Zirakpur punjab,900.0,3790000.0,INR,,1,1,"A plot property is available for sale in Zirakpur punjab, Chandigarh. It has a salable area of 900 sqft and is available at a price of Rs. 4,211 per sqft. It is facing northeast direction. The time you'll spend here will become the greatest moment of your life that will also help you to relieve, relax & evoke a great sense of happiness. The society is well connected by different modes of transportation. Kindly call us for details. ",1,northeast,0,0,0,1,1,0,1,1,1,0,0,1,,,,,,,,,1.0,,,,,,,,1.0
Patiala Road Zirakpur,900.0,2550000.0,INR,,1,1,"This plot is situated in Patiala Road Zirakpur, Chandigarh. It has a salable area of 900 sqft and is available at a price of Rs. 2,833 per sqft. The time you'll spend here will become the greatest moment of your life that will also help you to relieve, relax & evoke a great sense of happiness. It is situated in the proximity of all the important facilities. If you are interested, please contact us for more details. ",1,,0,0,0,0,0,0,0,0,0,0,0,0,,,,,,,,,,,,,,,,,
Patiala Road Zirakpur,900.0,2550000.0,INR,,1,1,"This plot is available for sale and is located in the heart of Patiala Road Zirakpur. It has a salable area of 900 sqft and is available at a price of Rs. 2,833 per sqft. The time you'll spend here will become the greatest moment of your life that will also help you to relieve, relax & evoke a great sense of happiness. It is situated in the proximity of all the important facilities. Please contact us for more details. ",1,,0,0,0,0,0,0,0,0,0,0,0,0,,,,,,,,,,,,,,,,,
Patiala Road Zirakpur,900.0,2550000.0,INR,,1,1,"This plot is available for sale and is located in the heart of Patiala Road Zirakpur. It has an area of 900 sqft. The property is available at a price of Rs. 25.50 lac (negotiable). The time you'll spend here will become the greatest moment of your life that will also help you to relieve, relax & evoke a great sense of happiness. It is well connected to the city areas. If you are interested, please contact us for more details. ",1,,0,0,0,0,0,0,0,0,0,0,0,0,,,,,,,,,,,,,,,,,
Patiala Road Zirakpur,900.0,2550000.0,INR,,1,1,"A plot is available for sale in Patiala Road Zirakpur, Chandigarh. It has an area of 900 sqft. The property is available at a price of Rs. 25.50 lac (negotiable). The time you'll spend here will become the greatest moment of your life that will also help you to relieve, relax & evoke a great sense of happiness. It is situated in the proximity of all the important facilities. Please contact for more details. ",1,,0,0,0,0,0,0,0,0,0,0,0,0,,,,,,,,,,,,,,,,,
Patiala Road Zirakpur,900.0,2550000.0,INR,,1,1,"A plot property is available for sale in Patiala Road Zirakpur, Chandigarh. It has an area of 900 sqft and is priced at Rs. 25.50 lac (negotiable). The time you'll spend here will become the greatest moment of your life that will also help you to relieve, relax & evoke a great sense of happiness. The society is well connected by different modes of transportation. Contact us for more details. ",1,,0,0,0,0,0,0,0,0,0,0,0,0,,,,,,,,,,,,,,,,,
Patiala Road Zirakpur,900.0,2550000.0,INR,,1,1,"This plot is available for sale and is located in the heart of Patiala Road Zirakpur. It has an area of 900 sqft and is priced at Rs. 25.50 lac (negotiable). The time you'll spend here will become the greatest moment of your life that will also help you to relieve, relax & evoke a great sense of happiness. The site is in close proximity to various civic utilities. Please contact for more details. ",1,,0,0,0,0,0,0,0,0,0,0,0,0,,,,,,,,,,,,,,,,,
Patiala Road Zirakpur,900.0,2550000.0,INR,,1,1,"A plot is available at a prime location in Patiala Road Zirakpur. It has a salable area of 900 sqft and is available at a price of Rs. 2,833 per sqft. The time you'll spend here will become the greatest moment of your life that will also help you to relieve, relax & evoke a great sense of happiness. The society is well connected by different modes of transportation. Kindly call us for details. ",1,,0,0,0,0,0,0,0,0,0,0,0,0,,,,,,,,,,,,,,,,,
Patiala Road Zirakpur,900.0,2550000.0,INR,,1,1,"A plot is available at a prime location in Patiala Road Zirakpur. It has a salable area of 900 sqft and is available at a price of Rs. 2,833 per sqft. The time you'll spend here will become the greatest moment of your life that will also help you to relieve, relax & evoke a great sense of happiness. It is well connected to the city areas. Please contact for more details. ",1,,0,0,0,0,0,0,0,0,0,0,0,0,,,,,,,,,,,,,,,,,
Patiala Road Zirakpur,900.0,2550000.0,INR,,1,1,"This plot is situated in Patiala Road Zirakpur. It has an area of 900 sqft. The property is available at a price of Rs. 25.50 lac (negotiable). The time you'll spend here will become the greatest moment of your life that will also help you to relieve, relax & evoke a great sense of happiness. The society is well connected by different modes of transportation. Kindly call us for details. ",1,,0,0,0,0,0,0,0,0,0,0,0,0,,,,,,,,,,,,,,,,,
Patiala Road Zirakpur,900.0,2550000.0,INR,,1,1,"This plot is available for sale and is located in the heart of Patiala Road Zirakpur. It has an area of 900 sqft. The property is available at a price of Rs. 25.50 lac (negotiable). The time you'll spend here will become the greatest moment of your life that will also help you to relieve, relax & evoke a great sense of happiness. It is situated in the proximity of all the important facilities. Please contact us for more details. ",1,,0,0,0,0,0,0,0,0,0,0,0,0,,,,,,,,,,,,,,,,,
Patiala Road Zirakpur,900.0,2550000.0,INR,,1,1,"This plot is situated in Patiala Road Zirakpur, Chandigarh. It has an area of 900 sqft and is priced at Rs. 25.50 lac (negotiable). The time you'll spend here will become the greatest moment of your life that will also help you to relieve, relax & evoke a great sense of happiness. The site is in close proximity to various civic utilities. If you are interested, please contact us for more details. ",1,,0,0,0,0,0,0,0,0,0,0,0,0,,,,,,,,,,,,,,,,,
Patiala Road Zirakpur,900.0,2550000.0,INR,,1,1,"A plot is available for sale in Patiala Road Zirakpur, Chandigarh. It has a salable area of 900 sqft and is available at a price of Rs. 2,833 per sqft. The time you'll spend here will become the greatest moment of your life that will also help you to relieve, relax & evoke a great sense of happiness. It is well connected to the city areas. Contact us for more details. ",1,,0,0,0,0,0,0,0,0,0,0,0,0,,,,,,,,,,,,,,,,,
Patiala Road Zirakpur,900.0,2550000.0,INR,,1,1,"A plot property is available for sale in Patiala Road Zirakpur, Chandigarh. It has an area of 900 sqft. The property is available at a price of Rs. 25.50 lac (negotiable). The time you'll spend here will become the greatest moment of your life that will also help you to relieve, relax & evoke a great sense of happiness. It is well connected to the city areas. Kindly call us for details. ",1,,0,0,0,0,0,0,0,0,0,0,0,0,,,,,,,,,,,,,,,,,
Aerocity,2250.0,9300000.0,INR,,0,0,,1,east,0,0,0,1,1,1,0,1,1,0,0,0,,,,,,,,,1.0,,,,,,,,
Patiala Road Zirakpur,900.0,2550000.0,INR,,1,1,"This plot is available for sale and is located in the heart of Patiala Road Zirakpur. It has an area of 900 sqft and is priced at Rs. 25.50 lac (negotiable). The time you'll spend here will become the greatest moment of your life that will also help you to relieve, relax & evoke a great sense of happiness. The site is in close proximity to various civic utilities. Please contact us for more details. ",1,,0,0,0,0,0,0,0,0,0,0,0,0,,,,,,,,,,,,,,,,,
Patiala Road Zirakpur,900.0,2550000.0,INR,,1,1,"This plot is situated in Patiala Road Zirakpur. It has an area of 900 sqft and is priced at Rs. 25.50 lac (negotiable). The time you'll spend here will become the greatest moment of your life that will also help you to relieve, relax & evoke a great sense of happiness. It is well connected to the city areas. Please contact for more details. ",1,,0,0,0,0,0,0,0,0,0,0,0,0,,,,,,,,,,,,,,,,,
Patiala Road Zirakpur,900.0,2550000.0,INR,,1,1,"This plot is situated in Patiala Road Zirakpur. It has a salable area of 900 sqft and is available at a price of Rs. 2,833 per sqft. The time you'll spend here will become the greatest moment of your life that will also help you to relieve, relax & evoke a great sense of happiness. It is situated in the proximity of all the important facilities. Kindly call us for details. ",1,,0,0,0,0,0,0,0,0,0,0,0,0,,,,,,,,,,,,,,,,,
Dera Bassi,720.0,1192000.0,INR,,1,0,"This plot is available for sale and is located in the heart of Dera Bassi. It has an area of 720 sqft. The property is available at a price of Rs. 11.92 lac . The amenities include car parking, swimming pool, gymnasium, staff quarter, rain water harvesting, club house, power backup, 24 x 7 security and jogging track. Its entry is northeast facing. The property is available on freehold. The time you'll spend here will become the greatest moment of your life that will also help you to relieve, relax & evoke a great sense of happiness. The society is well connected by different modes of transportation. ",1,northeast,0,0,0,1,1,1,1,1,1,1,1,1,7.1,,,1.0,1.0,1.0,1.0,1.0,1.0,1.0,1.0,1.0,1.0,1.0,1.0,1.0,1.0
Patiala Road Zirakpur,900.0,2550000.0,INR,,1,1,"A plot is available at a prime location in Patiala Road Zirakpur. It has a salable area of 900 sqft and is available at a price of Rs. 2,833 per sqft. The time you'll spend here will become the greatest moment of your life that will also help you to relieve, relax & evoke a great sense of happiness. It is situated in the proximity of all the important facilities. Kindly call us for details. ",1,,0,0,0,0,0,0,0,0,0,0,0,0,,,,,,,,,,,,,,,,,
Patiala Road Zirakpur,900.0,2550000.0,INR,,1,1,"A plot is available for sale in Patiala Road Zirakpur, Chandigarh. It has a salable area of 900 sqft and is available at a price of Rs. 2,833 per sqft. The time you'll spend here will become the greatest moment of your life that will also help you to relieve, relax & evoke a great sense of happiness. It is well connected to the city areas. Please contact us for more details. ",1,,0,0,0,0,0,0,0,0,0,0,0,0,,,,,,,,,,,,,,,,,
Patiala Road Zirakpur,900.0,2550000.0,INR,,1,1,"This plot is situated in Patiala Road Zirakpur, Chandigarh. It has a salable area of 900 sqft and is available at a price of Rs. 2,833 per sqft. The time you'll spend here will become the greatest moment of your life that will also help you to relieve, relax & evoke a great sense of happiness. It is situated in the proximity of all the important facilities. Kindly call us for details. ",1,,0,0,0,0,0,0,0,0,0,0,0,0,,,,,,,,,,,,,,,,,
Patiala Road Zirakpur,900.0,2550000.0,INR,,1,1,"This plot is available for sale and is located in the heart of Patiala Road Zirakpur. It has an area of 900 sqft. The property is available at a price of Rs. 25.50 lac (negotiable). The time you'll spend here will become the greatest moment of your life that will also help you to relieve, relax & evoke a great sense of happiness. It is situated in the proximity of all the important facilities. If you are interested, please contact us for more details. ",1,,0,0,0,0,0,0,0,0,0,0,0,0,,,,,,,,,,,,,,,,,
Patiala Road Zirakpur,900.0,2550000.0,INR,,1,1,"This plot is situated in Patiala Road Zirakpur, Chandigarh. It has a salable area of 900 sqft and is available at a price of Rs. 2,833 per sqft. The time you'll spend here will become the greatest moment of your life that will also help you to relieve, relax & evoke a great sense of happiness. It is well connected to the city areas. Please contact for more details. ",1,,0,0,0,0,0,0,0,0,0,0,0,0,,,,,,,,,,,,,,,,,
Patiala Road Zirakpur,900.0,2550000.0,INR,,1,1,"This plot is situated in Patiala Road Zirakpur. It has an area of 900 sqft and is priced at Rs. 25.50 lac (negotiable). The time you'll spend here will become the greatest moment of your life that will also help you to relieve, relax & evoke a great sense of happiness. It is well connected to the city areas. Kindly call us for details. ",1,,0,0,0,0,0,0,0,0,0,0,0,0,,,,,,,,,,,,,,,,,
Patiala Road Zirakpur,900.0,2550000.0,INR,,1,1,"A plot is available for sale in Patiala Road Zirakpur, Chandigarh. It has an area of 900 sqft. The property is available at a price of Rs. 25.50 lac (negotiable). The time you'll spend here will become the greatest moment of your life that will also help you to relieve, relax & evoke a great sense of happiness. The society is well connected by different modes of transportation. Kindly call us for details. ",1,,0,0,0,0,0,0,0,0,0,0,0,0,,,,,,,,,,,,,,,,,
Patiala Road Zirakpur,900.0,2550000.0,INR,,1,1,"A plot is available at a prime location in Patiala Road Zirakpur. It has an area of 900 sqft and is priced at Rs. 25.50 lac (negotiable). The time you'll spend here will become the greatest moment of your life that will also help you to relieve, relax & evoke a great sense of happiness. The site is in close proximity to various civic utilities. Kindly call us for details. ",1,,0,0,0,0,0,0,0,0,0,0,0,0,,,,,,,,,,,,,,,,,
Patiala Road Zirakpur,900.0,2550000.0,INR,,1,1,"This plot is situated in Patiala Road Zirakpur, Chandigarh. It has an area of 900 sqft and is priced at Rs. 25.50 lac (negotiable). The time you'll spend here will become the greatest moment of your life that will also help you to relieve, relax & evoke a great sense of happiness. The society is well connected by different modes of transportation. Please contact for more details. ",1,,0,0,0,0,0,0,0,0,0,0,0,0,,,,,,,,,,,,,,,,,
Patiala Road Zirakpur,900.0,2550000.0,INR,,1,1,"A plot property is available for sale in Patiala Road Zirakpur, Chandigarh. It has an area of 900 sqft. The property is available at a price of Rs. 25.50 lac (negotiable). The time you'll spend here will become the greatest moment of your life that will also help you to relieve, relax & evoke a great sense of happiness. The society is well connected by different modes of transportation. Contact us for more details. ",1,,0,0,0,0,0,0,0,0,0,0,0,0,,,,,,,,,,,,,,,,,
New Chandigarh Mullanpur,2700.0,18000000.0,INR,,0,1,"This plot is situated in New Chandigarh Mullanpur. One of the major USPs of the property is that it is a road facing property. The time you'll spend here will become the greatest moment of your life that will also help you to relieve, relax & evoke a great sense of happiness. It is situated in the proximity of all the important facilities. Kindly call us for details. ",1,east,0,0,0,0,0,1,0,0,0,0,0,0,,,,,,,,,1.0,,,,,,,,
kharar landran road,900.0,1999000.0,INR,,1,1,"A plot is available at a prime location in kharar landran road. It has a salable area of 900 sqft and is available at a price of Rs. 2,221 per sqft. Its entry is northeast facing. The time you'll spend here will become the greatest moment of your life that will also help you to relieve, relax & evoke a great sense of happiness. The site is in close proximity to various civic utilities. If you are interested, please contact us for more details. ",1,northeast,0,0,0,1,1,0,1,1,1,0,1,1,,,,,,,,,1.0,,,,1.0,,,,
kharar landran road,120.0,2398800.0,INR,,1,1,"This plot is available for sale and is located in the heart of kharar landran road. It has an area of 120 sqft and is priced at Rs. 23.99 lac (negotiable). The time you'll spend here will become the greatest moment of your life that will also help you to relieve, relax & evoke a great sense of happiness. The site is in close proximity to various civic utilities. Contact us for more details. ",1,northeast,0,0,0,1,1,0,1,1,1,0,1,0,,,,,,,,,1.0,,,1.0,1.0,,,1.0,1.0
kharar landran road,1017.0,2258870.0,INR,,1,1,"This plot is available for sale and is located in the heart of kharar landran road. It has a salable area of 1017 sqft and is available at a price of Rs. 2,221 per sqft. The time you'll spend here will become the greatest moment of your life that will also help you to relieve, relax & evoke a great sense of happiness. It is well connected to the city areas. Please contact for more details. ",1,northeast,0,0,0,1,1,0,1,1,1,0,1,0,,,,,,,,,1.0,,,1.0,1.0,,,1.0,1.0
kharar landran road,900.0,1999000.0,INR,,1,1,"This plot is available for sale and is located in the heart of kharar landran road. It has a salable area of 900 sqft and is available at a price of Rs. 2,221 per sqft. It is facing northeast direction. The time you'll spend here will become the greatest moment of your life that will also help you to relieve, relax & evoke a great sense of happiness. The society is well connected by different modes of transportation. Please contact for more details. ",1,northeast,0,0,0,1,1,0,1,1,1,0,1,0,,,,,,,,,1.0,,,1.0,1.0,,,1.0,1.0
New Chandigarh Mullanpur,3600.0,24000000.0,INR,,0,1,"This plot is available for sale and is located in the heart of New Chandigarh Mullanpur. It has a salable area of 3600 sqft and is available at a price of Rs. 6,666 per sqft. Its entry is east facing. The time you'll spend here will become the greatest moment of your life that will also help you to relieve, relax & evoke a great sense of happiness. It is situated in the proximity of all the important facilities. Kindly call us for details. ",1,east,0,0,0,0,0,1,0,0,0,0,0,0,,,,,,,,,1.0,,,,,,,,
New Chandigarh Mullanpur,4500.0,29000000.0,INR,,0,1,Availaible 300/400/500 sqyds Plot in ECo City 1 New Chandigarh at most prime location near to PGI and Chandigarh city. Direct Party deal. Contact Rudra Properties Sector 70 Mohali for best and transparent deal.,1,east,0,0,0,0,0,1,0,0,0,0,0,0,,,,,,,,,1.0,,,,,,,,
Dera Bassi,1000.0,3190000.0,INR,,1,1,"It has a salable area of 1000 sqft and is available at a price of Rs. 3,190 per sqft. It is facing northeast direction. The time you'll spend here will become the greatest moment of your life that will also help you to relieve, relax & evoke a great sense of happiness. The society is well connected by different modes of transportation. Please contact for more details. ",1,northeast,0,0,0,1,1,0,0,0,0,0,0,0,7.1,,123.0,,,,,,1.0,,,,,,,,
kharar landran road,1080.0,2998800.0,INR,,1,1,"This plot is available for sale and is located in the heart of kharar landran road. It has an area of 1080 sqft. The property is available at a price of Rs. 29.99 lac (negotiable). It is northeast facing property. The time you'll spend here will become the greatest moment of your life that will also help you to relieve, relax & evoke a great sense of happiness. The site is in close proximity to various civic utilities. Kindly call us for details. ",1,northeast,0,0,0,1,1,1,1,1,1,0,1,1,,,,,,,,,1.0,,1.0,,,,,1.0,1.0
kharar landran road,900.0,2499000.0,INR,,1,1,"A plot is available for sale in kharar landran road, Chandigarh. It has an area of 900 sqft. The property is available at a price of Rs. 24.99 lac (negotiable). It is northeast facing property. The time you'll spend here will become the greatest moment of your life that will also help you to relieve, relax & evoke a great sense of happiness. It is situated in the proximity of all the important facilities. Kindly call us for details. ",1,northeast,0,0,0,1,1,0,1,1,1,0,1,1,,,,1.0,,,,,1.0,,,1.0,,1.0,,1.0,1.0
Dera Bassi,990.0,2638900.0,INR,,1,1,"A plot property is available for sale in Dera Bassi, Chandigarh. It has an area of 990 sqft and is priced at Rs. 26.39 lac (negotiable). It is facing northeast direction. The time you'll spend here will become the greatest moment of your life that will also help you to relieve, relax & evoke a great sense of happiness. It is situated in the proximity of all the important facilities. If you are interested, please contact us for more details. ",1,northeast,0,0,0,0,0,0,0,0,0,0,0,0,7.1,,,,,,,,,,,,,,,,
Zirakpur punjab,1350.0,5550000.0,INR,,1,1,"Central Town in Zirakpur, Mohali by Sanat Realtors Pvt. Ltd is a residential project.

It also has amenities like Jogging track, Lawn tennis court and Swimming pool.
It also offers Car parking.

This is a RERA registered project with registration number PBRERASAS79PR0535.

The project is spread over a total area of 22.02 acres of land. 
Central Town brochure is also available for easy reference.",1,northeast,0,0,0,1,1,0,1,1,1,0,0,0,,,,,,,,,1.0,,,1.0,1.0,,,1.0,
kharar landran road,1170.0,2598700.0,INR,,1,1,"This plot is situated in kharar landran road. It has an area of 1170 sqft. The property is available at a price of Rs. 25.99 lac (negotiable). Its entry is northeast facing. The time you'll spend here will become the greatest moment of your life that will also help you to relieve, relax & evoke a great sense of happiness. It is situated in the proximity of all the important facilities. Kindly call us for details. ",1,northeast,0,0,0,1,1,0,1,1,1,0,0,0,,,,,,,,,1.0,,,1.0,1.0,,,1.0,
Zirakpur punjab,1035.0,4255000.0,INR,,1,1,"Central Town in Zirakpur, Mohali by Sanat Realtors Pvt. Ltd is a residential project.

It also has amenities like Jogging track, Lawn tennis court and Swimming pool.
It also offers Car parking.

This is a RERA registered project with registration number PBRERASAS79PR0535.

The project is spread over a total area of 22.02 acres of land. 
Central Town brochure is also available for easy reference.",1,northeast,0,0,0,1,1,0,1,1,1,0,0,0,,,,,,,,,1.0,,,1.0,1.0,,,,
Zirakpur punjab,900.0,3700000.0,INR,,1,1,"Central Town in Zirakpur, Mohali by Sanat Realtors Pvt. Ltd is a residential project.

It also has amenities like Jogging track, Lawn tennis court and Swimming pool.
It also offers Car parking.

This is a RERA registered project with registration number PBRERASAS79PR0535.

The project is spread over a total area of 22.02 acres of land. 
Central Town brochure is also available for easy reference.",1,northeast,0,0,0,1,1,0,1,1,1,0,0,0,,,,,,,,,1.0,,,1.0,1.0,,,1.0,
kharar landran road,1233.0,2738630.0,INR,,1,1,"It has an area of 1233 sqft and is priced at Rs. 27.39 lac (negotiable). It is northeast facing property. The time you'll spend here will become the greatest moment of your life that will also help you to relieve, relax & evoke a great sense of happiness. The society is well connected by different modes of transportation. Please contact us for more details. ",1,northeast,0,0,0,1,1,0,1,1,1,0,1,0,,,,,,,,,1.0,,,1.0,1.0,,,1.0,
kharar landran road,1125.0,2498750.0,INR,,1,1,A plot is available at a prime location in kharar landran road. It has an area of 1125 sqft and is priced at Rs. 24.99 lac (negotiable). It is facing northeast direction. It is well connected to the city areas. Kindly call us for details. ,1,northeast,0,0,0,1,1,0,1,1,1,0,0,0,,,,,,,,,1.0,,,1.0,,,,,
kharar landran road,1035.0,2298850.0,INR,,1,1,"This plot is situated in kharar landran road, Chandigarh. It has an area of 1035 sqft and is priced at Rs. 22.99 lac (negotiable). Its entry is northeast facing. The time you'll spend here will become the greatest moment of your life that will also help you to relieve, relax & evoke a great sense of happiness. The society is well connected by different modes of transportation. Please contact us for more details. ",1,northeast,0,0,0,1,1,0,1,1,1,0,0,0,,,,,,,,,1.0,,,1.0,1.0,,,,
kharar landran road,720.0,1599200.0,INR,,1,1,"A plot is available at a prime location in kharar landran road. It has an area of 720 sqft. The property is available at a price of Rs. 15.99 lac (negotiable). It is northeast facing property. The time you'll spend here will become the greatest moment of your life that will also help you to relieve, relax & evoke a great sense of happiness. Kindly call us for details. ",1,northeast,0,0,0,1,1,0,1,1,1,0,0,0,,,,,,,,,1.0,,,1.0,1.0,,,,
kharar landran road,900.0,1999000.0,INR,,1,1,"It has an area of 900 sqft and is priced at Rs. 19.99 lac (negotiable). It is facing northeast direction. The time you'll spend here will become the greatest moment of your life that will also help you to relieve, relax & evoke a great sense of happiness. It is situated in the proximity of all the important facilities. Please contact for more details. ",1,northeast,0,0,0,1,1,0,1,1,1,0,1,0,,,,,,,,,1.0,,,1.0,1.0,,,,
kharar landran road,900.0,2499000.0,INR,,1,1,"This plot is available for sale and is located in the heart of kharar landran road. It has a salable area of 900 sqft and is available at a price of Rs. 2,776 per sqft. The time you'll spend here will become the greatest moment of your life that will also help you to relieve, relax & evoke a great sense of happiness. The society is well connected by different modes of transportation. Please contact for more details. ",1,northwest,0,0,0,0,0,0,0,0,0,0,0,0,,,,,,,,,,,,,,,,,
kharar landran road,900.0,2490000.0,INR,,1,1,"This plot is situated in kharar landran road. It has an area of 900 sqft. The property is available at a price of Rs. 24.90 lac (negotiable). It is northeast facing property. The time you'll spend here will become the greatest moment of your life that will also help you to relieve, relax & evoke a great sense of happiness. The site is in close proximity to various civic utilities. Kindly call us for details. ",1,northeast,0,0,0,0,0,0,0,0,0,0,0,0,,,,,,,,,,,,,,,,,
Dera Bassi,900.0,1500000.0,INR,,1,1,"A plot is available at a prime location in Buildcon Vasant Vihar. It has a salable area of 900 sqft and is available at a price of Rs. 1,666 per sqft. Its entry is east facing. The time you'll spend here will become the greatest moment of your life that will also help you to relieve, relax & evoke a great sense of happiness. The site is in close proximity to various civic utilities. Please contact us for more details. ",1,east,0,0,0,1,1,0,1,0,1,0,1,0,7.1,,123.0,,,,,,1.0,,,,,,,1.0,1.0
kharar landran road,1035.0,2873850.0,INR,,1,1,"A plot is available at a prime location in kharar landran road. It has an area of 1035 sqft. The property is available at a price of Rs. 28.74 lac (negotiable). Its entry is northeast facing. The time you'll spend here will become the greatest moment of your life that will also help you to relieve, relax & evoke a great sense of happiness. The site is in close proximity to various civic utilities. Please contact us for more details. ",1,northeast,0,0,0,0,0,0,0,0,0,0,0,0,,,,,,,,,,,,,,,,,
kharar landran road,990.0,2748900.0,INR,,1,1,"This plot is situated in kharar landran road. It has an area of 990 sqft. The property is available at a price of Rs. 27.49 lac (negotiable). The time you'll spend here will become the greatest moment of your life that will also help you to relieve, relax & evoke a great sense of happiness. It is well connected to the city areas. If you are interested, please contact us for more details. ",1,northeast,0,0,0,0,0,0,0,0,0,0,0,0,,,,,,,,,,,,,,,,,
kharar landran road,1035.0,2298850.0,INR,,1,1,"This plot is available for sale and is located in the heart of kharar landran road. It has a salable area of 1035 sqft and is available at a price of Rs. 2,221 per sqft. Its entry is northeast facing. The time you'll spend here will become the greatest moment of your life that will also help you to relieve, relax & evoke a great sense of happiness. Contact us for more details. ",1,northeast,0,0,0,1,1,0,1,1,1,0,1,0,,,,,,,,,1.0,,,1.0,,,,1.0,
kharar landran road,1017.0,2258870.0,INR,,1,1,"This plot is available for sale and is located in the heart of kharar landran road. It has a salable area of 1017 sqft and is available at a price of Rs. 2,221 per sqft. It is northeast facing property. The time you'll spend here will become the greatest moment of your life that will also help you to relieve, relax & evoke a great sense of happiness. The site is in close proximity to various civic utilities. If you are interested, please contact us for more details. ",1,northeast,0,0,0,1,1,0,1,1,1,0,1,0,,,,,,,,,1.0,,,1.0,1.0,,,,
kharar landran road,900.0,1999000.0,INR,,1,1,"It has an area of 900 sqft. The property is available at a price of Rs. 19.99 lac (negotiable). It is facing northeast direction. The time you'll spend here will become the greatest moment of your life that will also help you to relieve, relax & evoke a great sense of happiness. The site is in close proximity to various civic utilities. Contact us for more details. ",1,northeast,0,0,0,1,1,0,1,1,1,0,1,0,,,,,,,,,1.0,,,1.0,1.0,,,1.0,
kharar landran road,720.0,1599200.0,INR,,1,1,"A plot is available at a prime location in kharar landran road. It has a salable area of 720 sqft and is available at a price of Rs. 2,221 per sqft. The time you'll spend here will become the greatest moment of your life that will also help you to relieve, relax & evoke a great sense of happiness. It is well connected to the city areas. If you are interested, please contact us for more details. ",1,northeast,0,0,0,1,1,0,1,1,1,0,1,0,,,,,,,,,1.0,,,1.0,1.0,,,,
kharar landran road,1080.0,2398800.0,INR,,1,1,"This plot is situated in kharar landran road. It has a salable area of 1080 sqft and is available at a price of Rs. 2,221 per sqft. It is northeast facing property. The time you'll spend here will become the greatest moment of your life that will also help you to relieve, relax & evoke a great sense of happiness. The site is in close proximity to various civic utilities. Kindly call us for details. ",1,northeast,0,0,0,1,1,0,1,1,1,0,1,0,,,,,,,,,1.0,,,1.0,,,,1.0,
Aerocity Road,100.0,4500000.0,INR,,1,1,"Mannat Aero Greens is a residential development in Zirakpur, Mohali. The project is built by Mannat Maple Realtors. They provide Skillfully Designed plots with all necessities.",1,northeast,0,0,0,1,1,0,1,1,1,0,1,0,,,,,,,,,1.0,,,,,,,,1.0
Ambala Highway,900.0,3700000.0,INR,,1,1,"Central Town in Zirakpur, Mohali by Sanat Realtors Pvt. Ltd is a residential project.

It also has amenities like Jogging track, Lawn tennis court and Swimming pool.
It also offers Car parking.

This is a RERA registered project with registration number PBRERASAS79PR0535.

The project is spread over a total area of 22.02 acres of land. 
Central Town brochure is also available for easy reference.",1,northeast,0,0,0,1,1,0,1,1,1,0,1,0,,,,,,,,,1.0,,,,,,,1.0,1.0
kharar landran road,990.0,2198900.0,INR,,1,1,"A plot property is available for sale in kharar landran road, Chandigarh. It has an area of 990 sqft. The property is available at a price of Rs. 21.99 lac (negotiable). Its entry is northeast facing. The time you'll spend here will become the greatest moment of your life that will also help you to relieve, relax & evoke a great sense of happiness. It is situated in the proximity of all the important facilities. ",1,northeast,0,0,0,1,1,0,1,1,1,0,1,1,,,,,,,,,1.0,,,1.0,1.0,,,1.0,1.0
kharar landran road,900.0,1999000.0,INR,,1,1,"This plot is situated in kharar landran road. It has an area of 900 sqft. The property is available at a price of Rs. 19.99 lac (negotiable). Its entry is northeast facing. The time you'll spend here will become the greatest moment of your life that will also help you to relieve, relax & evoke a great sense of happiness. It is well connected to the city areas. If you are interested, please contact us for more details. ",1,northeast,0,0,0,1,1,0,1,1,1,0,1,1,,,,,,,,,1.0,,,1.0,1.0,,,1.0,1.0
kharar landran road,720.0,1599200.0,INR,,1,1,"A plot property is available for sale in kharar landran road, Chandigarh. It has an area of 720 sqft. The property is available at a price of Rs. 15.99 lac (negotiable). It is northeast facing property. The time you'll spend here will become the greatest moment of your life that will also help you to relieve, relax & evoke a great sense of happiness. It is well connected to the city areas. Please contact for more details. ",1,northeast,0,0,0,1,1,0,1,0,1,0,1,1,,,,,,,,,1.0,,,1.0,1.0,,,,1.0
Zirakpur Road,1080.0,4440000.0,INR,,1,1,"Central Town in Zirakpur, chandigarh ambala highebeyby Sanat Realtors Pvt. Ltd is a residential project.

It also has amenities like Jogging track, Lawn tennis court and Swimming pool.
It also offers Car parking.

This is a RERA registered project with registration number PBRERASAS79PR0535.

The project is spread over a total area of 22.02 acres of land. 
Central Town brochure is also available for easy reference.",1,northeast,0,0,0,1,1,0,1,1,0,0,0,0,,,,,,,,,1.0,,,1.0,,,,,
Zirakpur punjab,900.0,3700000.0,INR,,1,1,"Central Town in Zirakpur, Mohali by Sanat Realtors Pvt. Ltd is a residential project.

It also has amenities like Jogging track, Lawn tennis court and Swimming pool.
It also offers Car parking.

This is a RERA registered project with registration number PBRERASAS79PR0535.

The project is spread over a total area of 22.02 acres of land. 
Central Town brochure is also available for easy reference.",1,northeast,0,0,0,1,1,0,1,1,0,0,0,0,,,,,,,,,1.0,,,,,,,,
kharar landran road,1035.0,2185000.0,INR,,1,1,"This plot is available for sale and is located in the heart of kharar landran road. It is facing northeast direction. The time you'll spend here will become the greatest moment of your life that will also help you to relieve, relax & evoke a great sense of happiness. The site is in close proximity to various civic utilities. Please contact us for more details. ",1,northeast,0,0,0,1,1,0,1,1,1,0,1,0,,,,,,,,,1.0,,,1.0,1.0,,,,
kharar landran road,110.0,2198900.0,INR,,1,1,"It has an area of 110 sqft and is priced at Rs. 21.99 lac (negotiable). It is northeast facing property. The time you'll spend here will become the greatest moment of your life that will also help you to relieve, relax & evoke a great sense of happiness. It is well connected to the city areas. Please contact us for more details. ",1,northeast,0,0,0,1,1,0,1,1,1,0,1,1,,,,,,,,,1.0,,,1.0,1.0,,,1.0,1.0
kharar landran road,900.0,1999000.0,INR,,1,1,"It has an area of 900 sqft and is priced at Rs. 19.99 lac (negotiable). It is facing northeast direction. The time you'll spend here will become the greatest moment of your life that will also help you to relieve, relax & evoke a great sense of happiness. It is well connected to the city areas. Please contact for more details. ",1,northeast,0,0,0,1,1,0,1,1,1,0,1,0,,,,,,,,,1.0,,,1.0,1.0,,,1.0,1.0
kharar landran road,1035.0,2185000.0,INR,,1,1,"A plot property is available for sale in kharar landran road, Chandigarh. It has an area of 1035 sqft. The property is available at a price of Rs. 21.85 lac (negotiable). The time you'll spend here will become the greatest moment of your life that will also help you to relieve, relax & evoke a great sense of happiness. It is well connected to the city areas. Please contact for more details. ",1,,0,0,0,1,1,0,1,1,1,0,0,0,,,,,,,,,1.0,,,,,,,,
Zirakpur punjab,1125.0,4625000.0,INR,,1,1,"Central Town in Zirakpur, Mohali by Sanat Realtors Pvt. Ltd is a residential project.

It also has amenities like Jogging track, Lawn tennis court and Swimming pool.
It also offers Car parking.

This is a RERA registered project with registration number PBRERASAS79PR0535.

The project is spread over a total area of 22.02 acres of land. 
Central Town brochure is also available for easy reference.",1,northeast,0,0,0,1,0,0,1,1,1,0,0,0,,,,,,,,,1.0,,,,,,,,
kharar landran road,900.0,2850000.0,INR,,1,1,"This plot is situated in kharar landran road. It has a salable area of 900 sqft and is available at a price of Rs. 3,166 per sqft. It is northeast facing property. The time you'll spend here will become the greatest moment of your life that will also help you to relieve, relax & evoke a great sense of happiness. The site is in close proximity to various civic utilities. Kindly call us for details. ",1,northeast,0,0,0,1,1,0,1,1,1,0,0,0,,,,,,,,,1.0,,,,,,,,
kharar landran road,720.0,2280000.0,INR,,1,1,"This plot is situated in kharar landran road, Chandigarh. It has a salable area of 720 sqft and is available at a price of Rs. 3,166 per sqft. Its entry is northeast facing. The time you'll spend here will become the greatest moment of your life that will also help you to relieve, relax & evoke a great sense of happiness. It is well connected to the city areas. Please contact for more details. ",1,northeast,0,0,0,1,1,0,1,1,1,0,1,0,,,,,,,,,1.0,,,,,,,,
kharar landran road,1233.0,2738630.0,INR,,1,1,"A plot is available for sale in kharar landran road, Chandigarh. It has an area of 1233 sqft. The property is available at a price of Rs. 27.39 lac (negotiable). The time you'll spend here will become the greatest moment of your life that will also help you to relieve, relax & evoke a great sense of happiness. It is well connected to the city areas. Please contact for more details. ",1,northeast,0,0,0,1,1,0,1,1,1,0,1,0,,,,,,,,,1.0,,,1.0,,,,,
kharar landran road,1125.0,2498750.0,INR,,1,1,"It has an area of 1125 sqft and is priced at Rs. 24.99 lac (negotiable). It is northeast facing property. The time you'll spend here will become the greatest moment of your life that will also help you to relieve, relax & evoke a great sense of happiness. It is well connected to the city areas. Please contact for more details. ",1,northeast,0,0,0,1,1,0,1,1,1,0,1,0,,,,,,,,,1.0,,,1.0,1.0,,,,
kharar landran road,1017.0,2258870.0,INR,,1,1,"A plot is available at a prime location in kharar landran road. It has an area of 1017 sqft. The property is available at a price of Rs. 22.59 lac (negotiable). It is facing northeast direction. The time you'll spend here will become the greatest moment of your life that will also help you to relieve, relax & evoke a great sense of happiness. It is well connected to the city areas. Please contact us for more details. ",1,northeast,0,0,0,1,1,0,1,1,1,0,1,0,,,,,,,,,1.0,,,1.0,1.0,,,,
kharar landran road,990.0,2198900.0,INR,,1,1,"A plot property is available for sale in kharar landran road, Chandigarh. It has a salable area of 990 sqft and is available at a price of Rs. 2,221 per sqft. It is northeast facing property. It is situated in the proximity of all the important facilities. If you are interested, please contact us for more details. ",1,northeast,0,0,0,1,1,0,1,1,1,0,1,0,,,,,,,,,1.0,,,1.0,1.0,,,,
kharar landran road,900.0,1999000.0,INR,,1,1,"This plot is situated in kharar landran road. It has an area of 900 sqft. The property is available at a price of Rs. 19.99 lac (negotiable). It is northeast facing property. The time you'll spend here will become the greatest moment of your life that will also help you to relieve, relax & evoke a great sense of happiness. It is well connected to the city areas. Contact us for more details. ",1,northeast,0,0,0,1,1,0,1,1,1,0,1,0,,,,,,,,,1.0,,,1.0,1.0,,,,
kharar landran road,720.0,1599200.0,INR,,1,1,"This plot is situated in kharar landran road, Chandigarh. It has a salable area of 720 sqft and is available at a price of Rs. 2,221 per sqft. Its entry is northeast facing. The time you'll spend here will become the greatest moment of your life that will also help you to relieve, relax & evoke a great sense of happiness. It is situated in the proximity of all the important facilities. If you are interested, please contact us for more details. ",1,northeast,0,0,0,1,1,0,1,1,1,0,1,0,,,,,,,,,1.0,,,1.0,1.0,,,,
Zirakpur GAzipur Road,720.0,2320000.0,INR,,1,1,"This plot is situated in Zirakpur GAzipur Road. It has an area of 720 sqft. The property is available at a price of Rs. 23.20 lac (negotiable). Its entry is northeast facing. The time you'll spend here will become the greatest moment of your life that will also help you to relieve, relax & evoke a great sense of happiness. The society is well connected by different modes of transportation. If you are interested, please contact us for more details. ",1,northeast,0,0,0,1,1,0,0,0,0,0,0,0,,,,,,,,,1.0,,,,,,,,
Zirakpur punjab,900.0,3700000.0,INR,,1,1,"Central Town in Zirakpur, Mohali by Sanat Realtors Pvt. Ltd is a residential project.

It also has amenities like Jogging track, Lawn tennis court and Swimming pool.
It also offers Car parking.

This is a RERA registered project with registration number PBRERASAS79PR0535.

The project is spread over a total area of 22.02 acres of land. 
Central Town brochure is also available for easy reference.",1,northeast,0,0,0,1,1,0,1,1,0,0,1,0,,,,,,,,,1.0,,,,,,,,
Zirakpur punjab,1125.0,4625000.0,INR,,1,1,"A plot property is available for sale in Zirakpur punjab, Chandigarh. It has an area of 1125 sqft and is priced at Rs. 46.25 lac (negotiable). Its entry is northeast facing. The time you'll spend here will become the greatest moment of your life that will also help you to relieve, relax & evoke a great sense of happiness. It is situated in the proximity of all the important facilities. Please contact us for more details. ",1,northeast,0,0,0,1,1,0,1,0,1,0,0,0,,,,,,,,,1.0,,,1.0,,,,1.0,
Zirakpur punjab,900.0,3700000.0,INR,,1,1,"Central Town in Zirakpur, Mohali by Sanat Realtors Pvt. Ltd is a residential project.

It also has amenities like Jogging track, Lawn tennis court and Swimming pool.
It also offers Car parking.

This is a RERA registered project with registration number PBRERASAS79PR0535.

The project is spread over a total area of 22.02 acres of land. 
Central Town brochure is also available for easy reference.",1,northeast,0,0,0,1,1,0,1,1,1,0,1,0,,,,,,,,,1.0,,,,,,,,
Zirakpur punjab,1080.0,4440000.0,INR,,1,1,"Central Town in Zirakpur, Mohali by Sanat Realtors Pvt. Ltd is a residential project.

It also has amenities like Jogging track, Lawn tennis court and Swimming pool.
It also offers Car parking.

This is a RERA registered project with registration number PBRERASAS79PR0535.

The project is spread over a total area of 22.02 acres of land. 
Central Town brochure is also available for easy reference.",1,northeast,0,0,0,1,1,0,1,1,1,0,0,0,,,,,,,,,1.0,,,,1.0,,,,
kharar landran road,1170.0,2598700.0,INR,,1,1,"A plot is available at a prime location in kharar landran road. It has an area of 1170 sqft. The property is available at a price of Rs. 25.99 lac (negotiable). It is northeast facing property. The time you'll spend here will become the greatest moment of your life that will also help you to relieve, relax & evoke a great sense of happiness. It is well connected to the city areas. Please contact us for more details. ",1,northeast,0,0,0,1,1,0,0,1,1,0,1,0,,,,,,,,,1.0,,,1.0,1.0,,,,
kharar landran road,1035.0,2298850.0,INR,,1,1,"A plot is available at a prime location in kharar landran road. It has an area of 1035 sqft. The property is available at a price of Rs. 22.99 lac (negotiable). It is northeast facing property. The time you'll spend here will become the greatest moment of your life that will also help you to relieve, relax & evoke a great sense of happiness. Please contact us for more details. ",1,northeast,0,0,0,1,1,0,1,1,1,0,1,0,,,,,,,,,1.0,,,1.0,1.0,,,,
kharar landran road,900.0,1999000.0,INR,,1,1,"A plot property is available for sale in kharar landran road, Chandigarh. It has a salable area of 900 sqft and is available at a price of Rs. 2,221 per sqft. Its entry is northeast facing. The time you'll spend here will become the greatest moment of your life that will also help you to relieve, relax & evoke a great sense of happiness. If you are interested, please contact us for more details. ",1,northeast,0,0,0,1,1,0,1,1,1,0,0,0,,,,,,,,,1.0,,,1.0,1.0,,,,
kharar landran road,720.0,1599200.0,INR,,1,1,"This plot is situated in kharar landran road. It has an area of 720 sqft and is priced at Rs. 15.99 lac (negotiable). It is facing northeast direction. The time you'll spend here will become the greatest moment of your life that will also help you to relieve, relax & evoke a great sense of happiness. The site is in close proximity to various civic utilities. Please contact us for more details. ",1,northeast,0,0,0,1,1,0,1,1,1,0,0,0,,,,,,,,,1.0,,,1.0,1.0,,,,
kharar landran road,1035.0,2298850.0,INR,,1,1,"A plot is available at a prime location in kharar landran road. It has a salable area of 1035 sqft and is available at a price of Rs. 2,221 per sqft. Its entry is northeast facing. The time you'll spend here will become the greatest moment of your life that will also help you to relieve, relax & evoke a great sense of happiness. It is well connected to the city areas. Contact us for more details. ",1,northeast,0,0,0,1,1,0,1,1,0,0,1,0,,,,,,,,,1.0,,,,1.0,,,,
kharar landran road,900.0,1999000.0,INR,,1,1,"This plot is situated in kharar landran road. It has an area of 900 sqft and is priced at Rs. 19.99 lac (negotiable). The time you'll spend here will become the greatest moment of your life that will also help you to relieve, relax & evoke a great sense of happiness. The site is in close proximity to various civic utilities. Kindly call us for details. ",1,,0,0,0,1,1,0,1,1,1,0,0,0,,,,,,,,,1.0,,,1.0,1.0,,,,
kharar landran road,720.0,1599200.0,INR,,1,1,"A plot property is available for sale in kharar landran road, Chandigarh. It has an area of 720 sqft. The property is available at a price of Rs. 15.99 lac (negotiable). It is facing northeast direction. The time you'll spend here will become the greatest moment of your life that will also help you to relieve, relax & evoke a great sense of happiness. It is well connected to the city areas. ",1,northeast,0,0,0,1,1,0,1,1,1,0,1,0,,,,,,,,,1.0,,,1.0,1.0,,,,
kharar landran road,900.0,2400000.0,INR,,1,1,"This plot is available for sale and is located in the heart of kharar landran road. One of the major USPs of the property is that it is a pool facing property. The property is available on freehold. The time you'll spend here will become the greatest moment of your life that will also help you to relieve, relax & evoke a great sense of happiness. It is well connected to the city areas. ",1,northeast,0,0,0,0,0,0,0,0,0,0,0,0,,,,,,,,,,,,,,,,,
Zirakpur GAzipur Road,1044.0,4640000.0,INR,,1,1,"It has an area of 1044 sqft and is priced at Rs. 46.40 lac (negotiable). Its entry is northeast facing. The time you'll spend here will become the greatest moment of your life that will also help you to relieve, relax & evoke a great sense of happiness. The society is well connected by different modes of transportation. Please contact for more details. ",1,northeast,0,0,0,0,0,0,0,0,0,0,0,0,,,,,,,,,,,,,,,,,
Patiala Road Zirakpur,990.0,3080000.0,INR,,1,1,"A plot is available for sale in Patiala Road Zirakpur, Chandigarh. It is northeast facing property. The time you'll spend here will become the greatest moment of your life that will also help you to relieve, relax & evoke a great sense of happiness. It is well connected to the city areas. Kindly call us for details. ",1,northeast,0,0,0,0,0,0,0,0,0,0,0,0,,,,,,,,,,,,,,,,,
Patiala Road Zirakpur,900.0,2800000.0,INR,,1,1,"A plot property is available for sale in Patiala Road Zirakpur, Chandigarh. It has an area of 900 sqft and is priced at Rs. 28.00 lac (negotiable). It is facing northeast direction. The time you'll spend here will become the greatest moment of your life that will also help you to relieve, relax & evoke a great sense of happiness. The society is well connected by different modes of transportation. Kindly call us for details. ",1,northeast,0,0,0,0,0,0,0,0,0,0,0,0,,,,,,,,,,,,,,,,,
Dera Bassi,990.0,1650000.0,INR,,1,1,"This plot is situated in Dera Bassi, Chandigarh. It has a salable area of 990 sqft and is available at a price of Rs. 1,666 per sqft. It is northeast facing property. The time you'll spend here will become the greatest moment of your life that will also help you to relieve, relax & evoke a great sense of happiness. The society is well connected by different modes of transportation. Kindly call us for details. ",1,northeast,0,0,0,0,0,0,0,0,0,0,0,0,7.1,,,,,,,,,,,,,,,,
Dera Bassi,900.0,1500000.0,INR,,1,1,"This plot is situated in Dera Bassi. It has an area of 900 sqft. The property is available at a price of Rs. 15.00 lac (negotiable). The amenities include car parking, jogging track, club house, 24 x 7 security, gymnasium, power backup and swimming pool. It is facing northwest direction. The time you'll spend here will become the greatest moment of your life that will also help you to relieve, relax & evoke a great sense of happiness. Please contact for more details. ",1,northwest,0,0,0,1,1,0,1,1,1,0,1,0,7.1,,,,,1.0,1.0,,1.0,,,,,1.0,,,
kharar landran road,900.0,2500000.0,INR,,1,1,"This plot is situated in kharar landran road, Chandigarh. It has an area of 900 sqft. The property is available at a price of Rs. 25.00 lac (negotiable). Its entry is northeast facing. The time you'll spend here will become the greatest moment of your life that will also help you to relieve, relax & evoke a great sense of happiness. The society is well connected by different modes of transportation. Kindly call us for details.",1,northeast,0,0,0,0,0,0,0,0,0,0,0,0,,,,,,,,,,,,,,,,,
Patiala Road Zirakpur,1035.0,3220000.0,INR,,1,1,"A plot property is available for sale in Patiala Road Zirakpur, Chandigarh. It has an area of 1035 sqft and is priced at Rs. 32.20 lac (negotiable). It is northeast facing property. The time you'll spend here will become the greatest moment of your life that will also help you to relieve, relax & evoke a great sense of happiness. The society is well connected by different modes of transportation. ",1,northeast,0,0,0,0,0,0,0,0,0,0,0,0,,,,,,,,,,,,,,,,,
Dera Bassi,1296.0,2750000.0,INR,,1,1,"A plot is available at a prime location in Dera Bassi. It has an area of 1296 sqft. The property is available at a price of Rs. 27.50 lac (negotiable). The amenities include car parking, gymnasium, swimming pool and 24 x 7 security. The time you'll spend here will become the greatest moment of your life that will also help you to relieve, relax & evoke a great sense of happiness. It is situated in the proximity of all the important facilities. Please contact us for more details. ",1,east,0,0,1,1,1,1,1,1,1,0,1,1,7.1,,,,,1.0,1.0,,1.0,,,,,1.0,,,
Mullanpur,2250.0,8000000.0,INR,,1,1,"A plot is available at a prime location in Mullanpur. It has a salable area of 2250 sqft and is available at a price of Rs. 3,555 per sqft. It is east facing property. The time you'll spend here will become the greatest moment of your life that will also help you to relieve, relax & evoke a great sense of happiness. The site is in close proximity to various civic utilities. Please contact for more details. ",1,east,0,0,0,0,0,0,0,0,0,0,0,0,,,,,,,,,,,,,,,,,
kharar landran road,1017.0,2258870.0,INR,,1,1,"This plot is situated in kharar landran road. It has an area of 1017 sqft. The property is available at a price of Rs. 22.59 lac (negotiable). The time you'll spend here will become the greatest moment of your life that will also help you to relieve, relax & evoke a great sense of happiness. It is situated in the proximity of all the important facilities. If you are interested, please contact us for more details. ",1,northeast,0,0,0,1,1,0,1,0,1,0,1,0,,,,,,,,,1.0,,,1.0,1.0,,,1.0,
kharar landran road,990.0,2198900.0,INR,,1,1,"This plot is situated in kharar landran road, Chandigarh. It has an area of 990 sqft. The property is available at a price of Rs. 21.99 lac (negotiable). The time you'll spend here will become the greatest moment of your life that will also help you to relieve, relax & evoke a great sense of happiness. The society is well connected by different modes of transportation. If you are interested, please contact us for more details. ",1,northeast,0,0,0,1,1,0,1,1,1,0,1,1,,,,,,,,,1.0,,,1.0,1.0,,,1.0,
kharar landran road,900.0,1999000.0,INR,,1,1,"A plot property is available for sale in kharar landran road, Chandigarh. It has an area of 900 sqft and is priced at Rs. 19.99 lac (negotiable). Its entry is northeast facing. The time you'll spend here will become the greatest moment of your life that will also help you to relieve, relax & evoke a great sense of happiness. Please contact us for more details. ",1,northeast,0,0,0,1,1,0,1,1,1,0,0,0,,,,,,,,,1.0,,,1.0,1.0,,,1.0,
Dera Bassi,100.0,1500000.0,INR,,1,1,"A plot is available at a prime location in Buildcon Vasant Vihar. It has an area of 100 sqft and is priced at Rs. 15.00 lac (negotiable). It is northeast facing property. The time you'll spend here will become the greatest moment of your life that will also help you to relieve, relax & evoke a great sense of happiness. It is well connected to the city areas. Please contact us for more details. ",1,northeast,0,0,0,1,1,0,1,0,0,0,0,0,7.1,,123.0,,,,,,1.0,,,,,,,,
kharar landran road,100.0,1999000.0,INR,,1,1,"A plot property is available for sale in kharar landran road, Chandigarh. It has an area of 100 sqft. The property is available at a price of Rs. 19.99 lac (negotiable). The time you'll spend here will become the greatest moment of your life that will also help you to relieve, relax & evoke a great sense of happiness. It is well connected to the city areas. Please contact for more details. ",1,northeast,0,0,0,1,1,0,1,1,1,0,0,0,,,,,,,,,1.0,,,1.0,1.0,,,,
kharar landran road,720.0,1599200.0,INR,,1,1,"It has an area of 720 sqft and is priced at Rs. 15.99 lac (negotiable). It is northeast facing property. The time you'll spend here will become the greatest moment of your life that will also help you to relieve, relax & evoke a great sense of happiness. It is well connected to the city areas. Please contact for more details. ",1,northeast,0,0,0,1,1,0,1,1,1,0,0,0,,,,,,,,,1.0,,,1.0,1.0,,,,
kharar landran road,1233.0,2738630.0,INR,,1,1,"This plot is available for sale and is located in the heart of kharar landran road. It has a salable area of 1233 sqft and is available at a price of Rs. 2,221 per sqft. It is northeast facing property. The society is well connected by different modes of transportation. Please contact us for more details. ",1,northeast,0,0,0,1,1,0,1,1,1,0,0,0,,,,,,,,,1.0,,,,1.0,,,,
kharar landran road,1125.0,2498750.0,INR,,1,1,"This plot is available for sale and is located in the heart of kharar landran road. It has an area of 1125 sqft and is priced at Rs. 24.99 lac (negotiable). Its entry is northeast facing. The time you'll spend here will become the greatest moment of your life that will also help you to relieve, relax & evoke a great sense of happiness. It is situated in the proximity of all the important facilities. Please contact for more details. ",1,northeast,0,0,0,1,1,0,1,1,1,0,0,0,,,,,,,,,1.0,,,1.0,1.0,,,,
kharar landran road,900.0,1999000.0,INR,,1,1,"A plot is available for sale in kharar landran road, Chandigarh. It has an area of 900 sqft and is priced at Rs. 19.99 lac (negotiable). It is northeast facing property. The time you'll spend here will become the greatest moment of your life that will also help you to relieve, relax & evoke a great sense of happiness. If you are interested, please contact us for more details. ",1,northeast,0,0,0,1,1,0,1,1,0,0,1,0,,,,,,,,,1.0,,,,1.0,,,,
Dera Bassi,900.0,1500000.0,INR,,1,1,"This plot is available for sale and is located in Buildcon Vasant Vihar, one of the most prestigious projects of Dera Bassi. It has an area of 900 sqft. The property is available at a price of Rs. 15.00 lac (negotiable). It is northeast facing property. The time you'll spend here will become the greatest moment of your life that will also help you to relieve, relax & evoke a great sense of happiness. It is well connected to the city areas. Kindly call us for details. ",1,northeast,0,0,0,1,1,0,1,0,0,0,0,0,7.1,,123.0,,,,,,1.0,,,,,,,,
kharar landran road,1215.0,2698650.0,INR,,1,1,"This plot is situated in kharar landran road, Chandigarh. It has an area of 1215 sqft and is priced at Rs. 26.99 lac (negotiable). It is facing northeast direction. The time you'll spend here will become the greatest moment of your life that will also help you to relieve, relax & evoke a great sense of happiness. The site is in close proximity to various civic utilities. If you are interested, please contact us for more details. ",1,northeast,0,0,0,1,1,0,1,1,1,0,0,0,,,,,,,,,1.0,,,1.0,1.0,,,,
Zirakpur punjab,900.0,3700000.0,INR,,1,1,"Central Town in Zirakpur, Mohali by Sanat Realtors Pvt. Ltd is a residential project.

It also has amenities like Jogging track, Lawn tennis court and Swimming pool.
It also offers Car parking.

This is a RERA registered project with registration number PBRERASAS79PR0535.

The project is spread over a total area of 22.02 acres of land. 
Central Town brochure is also available for easy reference.",1,northeast,0,0,0,1,1,0,1,1,1,0,0,0,,,,,,,,,1.0,,,,,,,,
Zirakpur punjab,1125.0,4625000.0,INR,,1,1,"Central Town in Zirakpur, Mohali by Sanat Realtors Pvt. Ltd is a residential project.

It also has amenities like Jogging track, Lawn tennis court and Swimming pool.
It also offers Car parking.

This is a RERA registered project with registration number PBRERASAS79PR0535.

The project is spread over a total area of 22.02 acres of land. 
Central Town brochure is also available for easy reference.",1,northeast,0,0,0,1,1,0,1,1,1,0,0,0,,,,,,,,,1.0,,,,,,,,
Zirakpur GAzipur Road,1044.0,4690000.0,INR,,1,1,"This plot is situated in Zirakpur GAzipur Road, Chandigarh. It has an area of 1044 sqft and is priced at Rs. 46.90 lac (negotiable). Its entry is northeast facing. The time you'll spend here will become the greatest moment of your life that will also help you to relieve, relax & evoke a great sense of happiness. The society is well connected by different modes of transportation. ",1,northeast,0,0,0,1,1,0,1,1,1,0,1,0,,,,,,,,,1.0,,,,,,,1.0,1.0
Zirakpur GAzipur Road,1044.0,4640000.0,INR,,1,0,"A plot property is available for sale in Zirakpur GAzipur Road, Chandigarh. It has a salable area of 1044 sqft and is available at a price of Rs. 4,444 per sqft. It is northeast facing property. The site is in close proximity to various civic utilities. Contact us for more details. ",1,northeast,0,0,0,0,0,0,0,0,0,0,0,0,,,,,,,,,,,,,,,,,
Dera Bassi,1287.0,2860000.0,INR,,1,1,"A plot is available at a prime location in Villas. It is facing northeast direction. The time you'll spend here will become the greatest moment of your life that will also help you to relieve, relax & evoke a great sense of happiness. It is situated in the proximity of all the important facilities. Kindly call us for details. ",1,northeast,0,0,0,1,1,1,0,0,1,0,0,0,7.1,,123.0,,,,,,1.0,,,,,,,,
Mullanpur Garibdass,2385.0,8639000.0,INR,,1,1,"Spread over a vast 1000 acre area, this project is truly the epicentre of the entire New Chandigarh region. Comprising of both lavish residential spaces and sleek commercial centres, it has all that is needed for a complete urban life. From hotels to health services, from education to entertainment zones, Omaxe New Chandigarh has got it all.



And the best part is, Omaxe New Chandigarh does not belong to the future tense. There are 4500 families who are already inhabiting this futuristic township, with people moving-in even from Chandigarh and adjoining areas in search of better living. And with new projects being planned regularly in this ever-evolving city, there are many more people who’ll make New Chandigarh their home. This is just the beginning.",1,northeast,0,0,0,0,1,0,1,0,1,0,1,0,,,123.0,1.0,,,,1.0,,,,,,,,1.0,
Sector 74 A Mohali,1000.0,700000.0,INR,,1,1,"A plot property is available for sale in Sector 74 A Mohali, Chandigarh. It has an area of 1000 sqft. The property is available at a price of Rs. 7.00 lac (negotiable). It is east facing property. The time you'll spend here will become the greatest moment of your life that will also help you to relieve, relax & evoke a great sense of happiness. The site is in close proximity to various civic utilities. Please contact for more details. ",1,east,0,0,0,0,0,0,0,0,0,0,0,0,,,,,,,,,,,,,,,,,
Dera Bassi,1296.0,2750000.0,INR,,0,1,"This plot is situated in Dera Bassi, Chandigarh. It has an area of 1296 sqft. The property is available at a price of Rs. 27.50 lac (negotiable). The amenities include 24 x 7 security, car parking, gymnasium and swimming pool. Its entry is east facing. It is well connected to the city areas. If you are interested, please contact us for more details. ",1,east,0,0,1,1,1,0,1,1,1,0,1,0,7.1,,,,,1.0,1.0,,1.0,,,,,1.0,,,
Mullanpur,2700.0,8900000.0,INR,,1,1,"This plot is situated in Mullanpur. It has an area of 2700 sqft and is priced at Rs. 89.00 lac (negotiable). It is east facing property. The time you'll spend here will become the greatest moment of your life that will also help you to relieve, relax & evoke a great sense of happiness. It is well connected to the city areas. Contact us for more details. ",1,east,0,0,0,0,0,0,0,0,0,0,0,0,,,,,,,,,,,,,,,,,
Mullanpur New Chandigarh,4500.0,20000000.0,INR,,1,1,"A plot property is available for sale in Mullanpur New Chandigarh, Chandigarh. It has a salable area of 4500 sqft and is available at a price of Rs. 4,444 per sqft. It is northeast facing property. The time you'll spend here will become the greatest moment of your life that will also help you to relieve, relax & evoke a great sense of happiness. The site is in close proximity to various civic utilities. Please contact us for more details. ",1,northeast,0,0,0,1,0,0,0,0,0,0,0,0,,,,,,,,,1.0,,,,,,,,
Mullanpur New Chandigarh,1485.0,5200000.0,INR,,1,1,"A plot is available for sale in Mullanpur New Chandigarh, Chandigarh. It has an area of 1485 sqft and is priced at Rs. 52.00 lac (negotiable). It is facing northeast direction. The time you'll spend here will become the greatest moment of your life that will also help you to relieve, relax & evoke a great sense of happiness. The society is well connected by different modes of transportation. Please contact us for more details. ",1,northeast,0,0,0,1,1,0,1,0,0,0,1,0,,,,,,,,,1.0,,,,,,,1.0,
Mullanpur New Chandigarh,2250.0,9250000.0,INR,,1,1,"A plot is available for sale in Mullanpur New Chandigarh, Chandigarh. It has a salable area of 2250 sqft and is available at a price of Rs. 4,111 per sqft. It is northeast facing property. The time you'll spend here will become the greatest moment of your life that will also help you to relieve, relax & evoke a great sense of happiness. The site is in close proximity to various civic utilities. Please contact for more details. ",1,northeast,0,0,0,1,1,0,0,0,0,0,0,0,,,,1.0,,,,1.0,1.0,,1.0,,,1.0,,,
Mullanpur Garibdass,1035.0,4600000.0,INR,,1,1,"Omaxe New Chandigarh -A DAZZLING Idea
Spread over a vast 1000 acre area, this project is truly the epicentre of the entire New Chandigarh region. Comprising of both lavish residential spaces and sleek commercial centres, it has all that is needed for a complete urban life. From hotels to health services, from education to entertainment zones, Omaxe New Chandigarh has got it all.



And the best part is, Omaxe New Chandigarh does not belong to the future tense. There are 4500 families who are already inhabiting this futuristic township, with people moving-in even from Chandigarh and adjoining areas in search of better living. And with new projects being planned regularly in this ever-evolving city, there are many more people who’ll make New Chandigarh their home. This is just the beginning",1,northeast,0,0,0,1,1,1,1,1,0,1,1,1,,,123.0,1.0,,1.0,,1.0,1.0,,1.0,1.0,1.0,1.0,,,1.0
Mullanpur New Chandigarh,1062.0,4700000.0,INR,,1,1,"It has an area of 1062 sqft. The property is available at a price of Rs. 47.00 lac (negotiable). It is facing northeast direction. The time you'll spend here will become the greatest moment of your life that will also help you to relieve, relax & evoke a great sense of happiness. It is well connected to the city areas. Kindly call us for details. ",1,northeast,0,0,0,0,0,0,0,0,0,0,0,0,,,,,,,,,,,,,,,,,
New Chandigarh Mullanpur,1062.0,4700000.0,INR,,1,1,"This plot is available for sale and is located in the heart of New Chandigarh Mullanpur. It has an area of 1062 sqft. The property is available at a price of Rs. 47.00 lac (negotiable). It is facing northeast direction. The time you'll spend here will become the greatest moment of your life that will also help you to relieve, relax & evoke a great sense of happiness. It is well connected to the city areas. Contact us for more details. ",1,northeast,0,0,0,0,0,0,0,0,0,0,0,0,,,,,,,,,,,,,,,,,
Mullanpur New Chandigarh,1062.0,4700000.0,INR,,1,1,"This plot is situated in Mullanpur New Chandigarh, Chandigarh. It has an area of 1062 sqft and is priced at Rs. 47.00 lac (negotiable). It is facing northeast direction. The time you'll spend here will become the greatest moment of your life that will also help you to relieve, relax & evoke a great sense of happiness. The site is in close proximity to various civic utilities. Please contact for more details. ",1,northeast,0,0,0,1,1,1,0,1,0,0,0,1,,,,,,,,,1.0,,,,,,,,
Patiala Road Zirakpur,900.0,2550000.0,INR,,1,1,"A plot property is available for sale in Patiala Road Zirakpur, Chandigarh. It has an area of 900 sqft and is priced at Rs. 25.50 lac (negotiable). The time you'll spend here will become the greatest moment of your life that will also help you to relieve, relax & evoke a great sense of happiness. The site is in close proximity to various civic utilities. Please contact us for more details. ",1,,0,0,0,0,0,0,0,0,0,0,0,0,,,,,,,,,,,,,,,,,
Mullanpur Garibdass,855.0,4760000.0,INR,,0,0,"A plot is available at a prime location in Mullanpur Garibdass. It has an area of 855 sqft. The property is available at a price of Rs. 47.60 lac . It is south facing property. The time you'll spend here will become the greatest moment of your life that will also help you to relieve, relax & evoke a great sense of happiness. It is situated in the proximity of all the important facilities. ",1,south,0,0,0,0,1,1,0,0,0,0,0,1,,,,,,,,,1.0,,,,,,,,
Mullanpur Garibdass,4275.0,12000000.0,INR,,0,0,"A plot is available for sale in Mullanpur Garibdass, Chandigarh. It has a salable area of 4275 sqft and is available at a price of Rs. 2,807 per sqft. It is south facing property. The time you'll spend here will become the greatest moment of your life that will also help you to relieve, relax & evoke a great sense of happiness. The site is in close proximity to various civic utilities. Contact us for more details. ",1,south,0,0,0,1,1,1,0,0,0,0,0,0,,,,,,,,,1.0,,,,,,,,
Mullanpur Garibdass,2700.0,18600000.0,INR,,1,1,"A plot is available at a prime location in Plots Phase 3. It has a salable area of 2700 sqft and is available at a price of Rs. 6,888 per sqft. The time you'll spend here will become the greatest moment of your life that will also help you to relieve, relax & evoke a great sense of happiness. It is well connected to the city areas. Please contact for more details. ",1,,0,0,0,0,0,0,0,0,0,0,0,0,,,123.0,,,,,,,,,,,,,,
Eco City 1,2700.0,18500000.0,INR,,0,0,"A plot is available for sale in Eco City 1, Chandigarh. The plot provides an excellent view as it overlooks the garden. The property is available on freehold. The time you'll spend here will become the greatest moment of your life that will also help you to relieve, relax & evoke a great sense of happiness. The society is well connected by different modes of transportation. Please contact us for more details. ",1,,0,0,0,1,1,1,1,1,1,1,1,1,,,,1.0,1.0,1.0,1.0,1.0,1.0,1.0,1.0,1.0,1.0,1.0,1.0,1.0,1.0
Eco City 1,2700.0,18000000.0,INR,,0,0,"A plot property is available for sale in Eco City 1, Chandigarh. The plot provides an excellent view as it overlooks the garden. The property is available on freehold. The time you'll spend here will become the greatest moment of your life that will also help you to relieve, relax & evoke a great sense of happiness. It is well connected to the city areas. Kindly call us for details. ",1,,0,0,0,1,1,1,1,1,1,1,1,1,,,,1.0,1.0,1.0,1.0,1.0,1.0,1.0,1.0,1.0,1.0,1.0,1.0,1.0,1.0
Kurali Chandigarh Road,630.0,750000.0,INR,,1,0,"This plot is situated in Kurali Chandigarh Road, Chandigarh. It has an area of 630 sqft. The property is available at a price of Rs. 7.50 lac . It is south facing property. The time you'll spend here will become the greatest moment of your life that will also help you to relieve, relax & evoke a great sense of happiness. It is situated in the proximity of all the important facilities. Contact us for more details. ",1,south,0,0,0,1,1,1,0,1,0,0,0,0,,,,,,1.0,1.0,,1.0,,,,,,,,
Kurali Chandigarh Road,765.0,850000.0,INR,,1,0,"This plot is situated in Kurali Chandigarh Road. It has an area of 765 sqft and is priced at Rs. 8.50 lac . It is north facing property. The time you'll spend here will become the greatest moment of your life that will also help you to relieve, relax & evoke a great sense of happiness. Please contact us for more details. ",1,north,0,0,0,1,1,1,0,1,0,0,0,0,,,,,,,,,1.0,,,,,,,,
Zirakpur GAzipur Road,1044.0,4392000.0,INR,1.0,1,1,"It has an area of 1044 sqft and is priced at Rs. 43.92 lac (negotiable). The plot provides an excellent view as it is a corner property. The property is available on freehold. The time you'll spend here will become the greatest moment of your life that will also help you to relieve, relax & evoke a great sense of happiness. The site is in close proximity to various civic utilities. If you are interested, please contact us for more details. ",1,northeast,0,0,0,0,0,0,0,0,0,0,0,0,,,,,,,,,,,,,,,,,
Zirakpur GAzipur Road,1044.0,4392000.0,INR,1.0,1,1,"This plot is situated in Zirakpur GAzipur Road, Chandigarh. The property is available on freehold. The time you'll spend here will become the greatest moment of your life that will also help you to relieve, relax & evoke a great sense of happiness. The site is in close proximity to various civic utilities. Kindly call us for details. ",1,northeast,0,0,0,0,0,0,0,0,0,0,0,0,,,,,,,,,,,,,,,,,
Dera Bassi,1377.0,2900000.0,INR,,1,1,"This plot is situated in Dera Bassi, Chandigarh. It has 24 x 7 security as well as swimming pool. The project also has gymnasium and car parking. Its entry is east facing. The time you'll spend here will become the greatest moment of your life that will also help you to relieve, relax & evoke a great sense of happiness. Contact us for more details. ",1,east,0,0,1,1,1,0,1,1,1,0,1,0,7.1,,,,,1.0,1.0,,1.0,,,,,1.0,,,
Mullanpur,2700.0,9000000.0,INR,,1,1,This plot is situated in Mullanpur. It has an area of 2700 sqft and is priced at Rs. 90.00 lac (negotiable). It is east facing property. It is well connected to the city areas. Please contact us for more details. ,1,east,0,0,0,0,0,0,0,0,0,0,0,0,,,,,,,,,,,,,,,,,
Yadagirigutta,1485.0,1500000.0,INR,1.0,0,0,"165 Square yard Plot for sale in Yadagirigutta, Hyderabad. This land has a dimension of 33.0 mt length 4.0 mt width. Price. This is a corner plot. The plot is East facing. There are 1 open sides for this plot. The width of the facing road is 33.0 mt. This residential land also has a boundary wall. The most popular landmarks near this plot are Durga Tempul, ZPHS Peddakandukur, and Millc Kendram",1,east,0,0,0,0,0,0,0,0,0,0,0,0,,,,,,,,,,,,,,,,,
Dera Bassi,800.0,720000.0,INR,,1,1,"A plot is available at a prime location in Dera Bassi. It has an area of 800 sqft. The property is available at a price of Rs. 7.20 lac (negotiable). Its entry is east facing. The time you'll spend here will become the greatest moment of your life that will also help you to relieve, relax & evoke a great sense of happiness. It is well connected to the city areas. Contact us for more details. ",1,east,0,0,0,0,1,1,0,0,0,0,0,0,7.1,,,,,,1.0,,1.0,,1.0,,,,,,
Patiala Road Zirakpur,900.0,2550000.0,INR,,1,1,"A plot is available at a prime location in Patiala Road Zirakpur. It has an area of 900 sqft and is priced at Rs. 25.50 lac (negotiable). The time you'll spend here will become the greatest moment of your life that will also help you to relieve, relax & evoke a great sense of happiness. The site is in close proximity to various civic utilities. If you are interested, please contact us for more details. ",1,,0,0,0,0,0,0,0,0,0,0,0,0,,,,,,,,,,,,,,,,,
Patiala Road Zirakpur,900.0,2550000.0,INR,,1,1,"This plot is available for sale and is located in the heart of Patiala Road Zirakpur. It has an area of 900 sqft and is priced at Rs. 25.50 lac (negotiable). The time you'll spend here will become the greatest moment of your life that will also help you to relieve, relax & evoke a great sense of happiness. It is well connected to the city areas. Please contact for more details. ",1,,0,0,0,0,0,0,0,0,0,0,0,0,,,,,,,,,,,,,,,,,
Patiala Road Zirakpur,900.0,2550000.0,INR,,1,1,"A plot property is available for sale in Patiala Road Zirakpur, Chandigarh. It has a salable area of 900 sqft and is available at a price of Rs. 2,833 per sqft. The time you'll spend here will become the greatest moment of your life that will also help you to relieve, relax & evoke a great sense of happiness. The site is in close proximity to various civic utilities. Please contact for more details. ",1,,0,0,0,0,0,0,0,0,0,0,0,0,,,,,,,,,,,,,,,,,
Patiala Road Zirakpur,900.0,2550000.0,INR,,1,1,"This plot is situated in Patiala Road Zirakpur, Chandigarh. It has an area of 900 sqft. The property is available at a price of Rs. 25.50 lac (negotiable). The time you'll spend here will become the greatest moment of your life that will also help you to relieve, relax & evoke a great sense of happiness. It is well connected to the city areas. If you are interested, please contact us for more details. ",1,,0,0,0,0,0,0,0,0,0,0,0,0,,,,,,,,,,,,,,,,,
Patiala Road Zirakpur,900.0,2550000.0,INR,,1,1,"A plot property is available for sale in Patiala Road Zirakpur, Chandigarh. It has a salable area of 900 sqft and is available at a price of Rs. 2,833 per sqft. The time you'll spend here will become the greatest moment of your life that will also help you to relieve, relax & evoke a great sense of happiness. The society is well connected by different modes of transportation. If you are interested, please contact us for more details. ",1,,0,0,0,0,0,0,0,0,0,0,0,0,,,,,,,,,,,,,,,,,
Patiala Road Zirakpur,900.0,2550000.0,INR,,1,1,"This plot is available for sale and is located in the heart of Patiala Road Zirakpur. It has an area of 900 sqft. The property is available at a price of Rs. 25.50 lac (negotiable). The time you'll spend here will become the greatest moment of your life that will also help you to relieve, relax & evoke a great sense of happiness. It is well connected to the city areas. Kindly call us for details. ",1,,0,0,0,0,0,0,0,0,0,0,0,0,,,,,,,,,,,,,,,,,
Patiala Road Zirakpur,900.0,2550000.0,INR,,1,1,"A plot is available for sale in Patiala Road Zirakpur, Chandigarh. It has an area of 900 sqft and is priced at Rs. 25.50 lac (negotiable). The time you'll spend here will become the greatest moment of your life that will also help you to relieve, relax & evoke a great sense of happiness. It is situated in the proximity of all the important facilities. If you are interested, please contact us for more details. ",1,,0,0,0,0,0,0,0,0,0,0,0,0,,,,,,,,,,,,,,,,,
Patiala Road Zirakpur,900.0,2550000.0,INR,,1,1,"This plot is situated in Patiala Road Zirakpur, Chandigarh. It has an area of 900 sqft. The property is available at a price of Rs. 25.50 lac (negotiable). The time you'll spend here will become the greatest moment of your life that will also help you to relieve, relax & evoke a great sense of happiness. It is well connected to the city areas. Kindly call us for details. ",1,,0,0,0,0,0,0,0,0,0,0,0,0,,,,,,,,,,,,,,,,,
Patiala Road Zirakpur,900.0,2550000.0,INR,,1,1,"A plot is available at a prime location in Patiala Road Zirakpur. It has an area of 900 sqft. The property is available at a price of Rs. 25.50 lac (negotiable). The time you'll spend here will become the greatest moment of your life that will also help you to relieve, relax & evoke a great sense of happiness. The site is in close proximity to various civic utilities. Please contact us for more details. ",1,,0,0,0,0,0,0,0,0,0,0,0,0,,,,,,,,,,,,,,,,,
Dera Bassi,900.0,790000.0,INR,,1,1,"This plot is situated in Buildcon Vasant Vihar, Dera Bassi, Chandigarh. It has an area of 900 sqft. The property is available at a price of Rs. 7.90 lac (negotiable). Its entry is east facing. The time you'll spend here will become the greatest moment of your life that will also help you to relieve, relax & evoke a great sense of happiness. It is situated in the proximity of all the important facilities. Contact us for more details. ",1,east,0,0,0,0,1,1,0,1,0,0,0,1,7.1,,123.0,,,,,,1.0,,,,,,,,
Mullanpur Garibdass,1494.0,6700000.0,INR,,0,1,"Available plot for sale in manohar Singh and company, Mullanpur, new Chandigarh. It's saleable area 166sq yds.
Very nice location. Very reasonable price.
Close to Tata cancer hospital.
Close to PCA cricket stadium.
00 km. From Chandigarh.

Call for more info....
Shri lakhhshmi Realtech",1,north,0,0,0,1,1,1,1,1,1,0,0,1,,,,,,,,,1.0,,,,,,,,
Kharar Road,900.0,1550000.0,INR,1.0,1,1,"This plot is available for sale and is located in the heart of Kharar Road. It has an area of 900 sqft. The property is available at a price of Rs. 15.50 lac (negotiable). One of the major USPs of the property is that it is a corner property. The time you'll spend here will become the greatest moment of your life that will also help you to relieve, relax & evoke a great sense of happiness. If you are interested, please contact us for more details. ",1,northeast,0,0,0,1,1,1,1,1,1,1,1,1,,,,1.0,1.0,1.0,,1.0,1.0,1.0,1.0,1.0,1.0,1.0,1.0,1.0,1.0
Kurali Chandigarh Road,100.0,1500000.0,INR,,1,1,"This plot is situated in Kurali Chandigarh Road. It has a salable area of 100 sqft and is available at a price of Rs. 15,000 per sqft. The time you'll spend here will become the greatest moment of your life that will also help you to relieve, relax & evoke a great sense of happiness. The society is well connected by different modes of transportation. Contact us for more details. ",1,,0,0,0,1,1,1,0,0,1,0,0,1,,,,,,,,,1.0,,,,,,,,
PEER MUCHALLA ADJOING SEC 20 PANCHKULA,1800.0,6000000.0,INR,,0,1,"This plot is situated in PEER MUCHALLA ADJOING SEC 20 PANCHKULA, Chandigarh. It has an area of 1800 sqft. The property is available at a price of Rs. 60.00 lac (negotiable). It is facing east direction. The time you'll spend here will become the greatest moment of your life that will also help you to relieve, relax & evoke a great sense of happiness. The society is well connected by different modes of transportation. Contact us for more details. ",1,east,0,0,0,0,0,0,0,0,0,0,0,0,,,,,,,,,,,,,,,,,
Mullanpur New Chandigarh,3150.0,9500000.0,INR,,0,0,Available 350 sq.yds plot for sale dlf hyde park new chandigarh mullanpur.very nice location of this plot.near to medicity hospitals.upcoming soon education city.very close to chandigarh.call for more information.,1,northeast,0,0,0,1,1,1,1,1,1,1,1,0,,,,1.0,,1.0,,1.0,,,1.0,1.0,1.0,,,,
Mullanpur New Chandigarh,900.0,4590000.0,INR,,0,0,"Available 100 sq.yds plot for sale in eco city phase-1, new chandigarh mullanpur.near to medicity hospitals.up coming soon education city.best price for this plot.call for more information",1,south,0,0,0,0,0,0,0,0,0,0,0,0,,,,1.0,,1.0,,1.0,,,,1.0,1.0,,,,
Mullanpur New Chandigarh,900.0,4460000.0,INR,,0,0,"Available 100 sq.yds plot for sale in eco city phase-1, new chandigarh mullanpur.near to medicity hospitals.up coming soon education city.best price for this plot.call for more information",1,southeast,0,0,0,0,0,0,0,0,0,0,0,0,,,,1.0,,1.0,,1.0,,,,1.0,1.0,,,,
Mullanpur New Chandigarh,900.0,5300000.0,INR,,0,0,"Available 100 sq.yds plot for sale in eco city phase-1, new chandigarh mullanpur.that is a park facing & single line plot.near to medicity hospitals.up coming soon education city.best price for this plot.call for more information",1,northwest,0,0,0,0,0,0,0,0,0,0,0,0,,,,1.0,,1.0,,1.0,,,,1.0,1.0,,,,
Mullanpur New Chandigarh,900.0,4800000.0,INR,,0,0,"Available 100 sq.yds plot for sale in eco city phase-1, new chandigarh mullanpur.that is a park facing plot.near to medicity hospitals.up coming soon education city.best price for this plot.call for more information",1,northwest,0,0,0,0,0,0,0,0,0,0,0,0,,,,1.0,,1.0,,1.0,,,,1.0,1.0,,,,
Mullanpur New Chandigarh,900.0,4650000.0,INR,,0,0,"Available 100 sq.yds plot for sale in eco city phase-1, new chandigarh mullanpur.near to medicity hospitals.up coming soon education city.best price for this plot.call for more information",1,southeast,0,0,0,0,0,0,0,0,0,0,0,0,,,,1.0,,1.0,,1.0,,,,1.0,1.0,,,,
Mullanpur Garibdass,1800.0,6890000.0,INR,,0,0,"Available 200 sq.yds plot for sale in eco city phase-1, new chandigarh mullanpur.near to medicity hospitals.up coming soon education city.best price for this plot.call for more information",1,northwest,0,0,0,0,0,0,0,0,0,0,0,0,,,,1.0,,1.0,,1.0,,,,1.0,1.0,,,,
Mullanpur New Chandigarh,900.0,4500000.0,INR,,0,0,"available 100 sq.yds plot for sale in eco city phase-1, new chandigarh mullanpur.very nice location of this plot with very reasonable price.near to chandigarh. call for more information",1,north,0,0,0,0,0,0,0,0,0,0,0,0,,,,1.0,,1.0,,1.0,,,,1.0,,,,,
Mullanpur Garibdass,900.0,7500000.0,INR,,0,0,"It has a salable area of 900 sqft and is available at a price of Rs. 8,333 per sqft. It is north facing property. The time you'll spend here will become the greatest moment of your life that will also help you to relieve, relax & evoke a great sense of happiness. It is situated in the proximity of all the important facilities. Kindly call us for details. ",1,north,0,0,0,1,0,0,0,0,0,0,0,0,,,,,,,,,1.0,,,,,,,,
Kharar Road,900.0,1499000.0,INR,,1,1,"This plot is available for sale and is located in the heart of Kharar Road. It has a salable area of 900 sqft and is available at a price of Rs. 1,665 per sqft. It is east facing property. The time you'll spend here will become the greatest moment of your life that will also help you to relieve, relax & evoke a great sense of happiness. Kindly call us for details. ",1,east,0,0,0,1,1,0,0,0,1,0,0,0,,,,,,1.0,1.0,,1.0,,1.0,,,1.0,,,
Dera Bassi,720.0,1192000.0,INR,,1,1,"This plot is situated in Dera Bassi. It has an area of 720 sqft and is priced at Rs. 11.92 lac (negotiable). It is a road facing property. The property is available on freehold. The time you'll spend here will become the greatest moment of your life that will also help you to relieve, relax & evoke a great sense of happiness. The society is well connected by different modes of transportation. Contact us for more details. ",1,,0,0,0,0,1,1,0,1,0,0,0,1,7.1,,,,,,,,1.0,,,,,,,,
Dera Bassi,900.0,899000.0,INR,,1,1,"It has a salable area of 900 sqft and is available at a price of Rs. 998 per sqft. Its entry is east facing. The time you'll spend here will become the greatest moment of your life that will also help you to relieve, relax & evoke a great sense of happiness. The site is in close proximity to various civic utilities. Kindly call us for details. ",1,east,0,0,0,0,1,1,0,0,0,0,1,1,,,,,,,1.0,,1.0,,,,,,,,
Sector 120,558.0,13000000.0,INR,,0,1,"Availaible Commercial DSS Shops 14*40 in Jubilee Park Lane Sector 120 Mohali, exactly on NH 21 Highway. only 3 KM from Chandigarh. Book with 20 % + premium amaount. Call Rudra Properties Sector 70 Mohali for best and trasnparent deal. Best Place for Investment near to Chandigarh. Contact 88375 and 26329.",1,south,0,0,0,0,1,1,0,0,0,0,0,0,,,,,,,,,1.0,,,,,,,,
Sector 120,558.0,12000000.0,INR,,0,0,"Availaible Commercial DSS Shops 14*40 in Jubilee Park Lane Sector 120 Mohali, exactly on NH 21 Highway. only 3 KM from Chandigarh. Book with 20 % + premium amaount. Call Rudra Properties Sector 70 Mohali for best and trasnparent deal. Best Place for Investment near to Chandigarh. Contact 88375 and 26329.",1,east,0,0,0,0,1,1,0,0,0,0,0,0,,,,,,,,,1.0,,,,,,,,
Badal Colony,900.0,4100000.0,INR,1.0,1,0,,1,,0,122,0,0,0,0,0,0,0,0,0,0,,,,,,,,,,,,,,,,,
Sector 120,1170.0,5590000.0,INR,,0,1,Available 130 sqyds Plot Number 215 in Jubilee Park Lane Sector 120 Mohali. Only 3 KM from Chandigarh. Plots Exactly connected directly to NH 21 Highway. Prime location for investment near to Chandigarh.Call Rudra Properties Sector 70 Mohali for best and trustable deal. Contact 88375 and 26329.,1,west,0,0,0,0,1,1,0,0,0,0,0,0,,,,,,,,,1.0,,,,,,,,
kharar landran road,900.0,1990000.0,INR,,1,1,""" SMART CITY Mohali Extension"" is a dream project by company.
 Once in life time opportunity, By Land there are not making it anymore. An opulent Residential project, strategically planned and placed to give people an elevated lifestyle, in the heart of Mohali in extension way, on 100 ft and upcoming 200 ft wide Road.
Adjoining with Airport road. 

A true replica of people and also state-of-the-art facilities.

One of the most swiftly emerging projects of the city with a better connectivity to the significant areas like International Airport, Biggest Zoo- Tourist point, CGC Landran group of Colleges, SUS Tangori College, Chitkara University, Amity University, Plakhhsha University, Manav Rachna International School, Near Infosys Campus, Rishaan International School & many more.

Opposite of Upcoming Aetropolis GMADA 

The Contemporary Amenities

Epitomizing class, every corner at SMART CITY is created with excellence and innovation:
•	 Clubhouse
•	Restaurant
•	Leisure Pool
•	Lush Green Landscaped Parks
•	children's Play Spaces
•	Recreational Area
•	Meditation & Yoga Facility
•	Water Fountain & Park Parasol
•	Water & Electricity Supply
•	Gymnasium & Indoor Games
•	Dedicated Car Parking
•	24x7 Security Service
•	Under Ground Cables
•	Wide Roads
•	Modern Light System
•	 vaastu-Friendly
•	Firefighting System
•	Daily need shops

A life full of celebrations, get ready for a gala time with your loved ones!",1,northeast,0,0,0,1,1,1,1,1,0,0,1,0,,,,1.0,1.0,,1.0,1.0,1.0,1.0,1.0,1.0,1.0,,,1.0,1.0
kharar landran road,900.0,1990000.0,INR,,1,1,""" SMART CITY Mohali Extension"" is a dream project by company.
 Once in life time opportunity, By Land there are not making it anymore. An opulent Residential project, strategically planned and placed to give people an elevated lifestyle, in the heart of Mohali in extension way, on 100 ft and upcoming 200 ft wide Road.
Adjoining with Airport road. 

A true replica of people and also state-of-the-art facilities.

One of the most swiftly emerging projects of the city with a better connectivity to the significant areas like International Airport, Biggest Zoo- Tourist point, CGC Landran group of Colleges, SUS Tangori College, Chitkara University, Amity University, Plakhhsha University, Manav Rachna International School, Near Infosys Campus, Rishaan International School & many more.

Opposite of Upcoming Aetropolis GMADA 

The Contemporary Amenities

Epitomizing class, every corner at SMART CITY is created with excellence and innovation:
•	 Clubhouse
•	Restaurant
•	Leisure Pool
•	Lush Green Landscaped Parks
•	children's Play Spaces
•	Recreational Area
•	Meditation & Yoga Facility
•	Water Fountain & Park Parasol
•	Water & Electricity Supply
•	Gymnasium & Indoor Games
•	Dedicated Car Parking
•	24x7 Security Service
•	Under Ground Cables
•	Wide Roads
•	Modern Light System
•	 vaastu-Friendly
•	Firefighting System
•	Daily need shops

A life full of celebrations, get ready for a gala time with your loved ones!",1,northeast,0,0,0,1,1,1,1,1,0,1,1,0,,,,1.0,,,1.0,1.0,1.0,1.0,1.0,1.0,1.0,1.0,,,
Gazipur Road,1053.0,4700000.0,INR,,1,1,"A plot property is available for sale in Gazipur Road, Chandigarh. It has an area of 1053 sqft. The property is available at a price of Rs. 47.00 lac (negotiable). It is northeast facing property. The time you'll spend here will become the greatest moment of your life that will also help you to relieve, relax & evoke a great sense of happiness. It is well connected to the city areas. Contact us for more details. ",1,northeast,0,0,0,0,0,0,0,0,0,0,0,0,,,,,,,,,,,,,,,,,
New Chandigarh Mullanpur,1800.0,7000000.0,INR,,0,0,Available 200 sqyds Plot in Jubilee ParkField New Chandigarh near to Suntech. Prime location for investment near to Chandigarh. Book your plot with 20 % + premium only. Flexible Payment plan.Call Rudra Properties Sector 70 Mohali for best and trustable deal. Contact 88375 and 26329.,1,east,0,0,0,0,1,1,0,0,0,0,0,0,,,,,,,,,1.0,,,,,,,,
Sector 120,1350.0,7050000.0,INR,,0,1,Available 150 sqyds Corner & Park Facing Plot in Jubilee Park Lane Sector 120 Mohali. Only 3 KM from Chandigarh. Plots Exactly connected directly to NH 21 Highway. Prime location for investment near to Chandigarh. Book your plot with 30 % + premium only. Flexible Payment plan.Call Rudra Properties Sector 70 Mohali for best and trustable deal. Contact 88375 and 26329.,1,east,0,0,0,0,1,1,0,0,0,0,0,0,,,,,,,,,1.0,,,,,,,,
Sector 120,1350.0,6500000.0,INR,,0,1,Available 150 sqyds Single Line Plot in Jubilee Park Lane Sector 120 Mohali. Only 3 KM from Chandigarh. Plots Exactly connected directly to NH 21 Highway. Prime location for investment near to Chandigarh. Book your plot with 30 % + premium only. Flexible Payment plan.Call Rudra Properties Sector 70 Mohali for best and trustable deal. Contact 88375 and 26329.,1,southeast,0,0,0,0,1,1,0,0,0,0,0,0,,,,,,,,,1.0,,,,,,,,
Sector 120,1260.0,6160000.0,INR,,0,0,Available 140 sqyds Corner Plot in Jubilee Park Lane Sector 120 Mohali. Only 3 KM from Chandigarh. Plots Exactly connected directly to NH 21 Highway. Prime location for investment near to Chandigarh. Book your plot with 30 % + premium only. Flexible Payment plan.Call Rudra Properties Sector 70 Mohali for best and trustable deal. Contact 88375 and 26329.,1,east,0,0,0,0,1,1,0,0,0,0,0,0,,,,,,,,,1.0,,,,,,,,
Sector 120,1035.0,5060000.0,INR,,0,1,Available 115 sqyds sqyds Park Facing Plot in Jubilee Park Lane Sector 120 Mohali. Only 3 KM from Chandigarh. Plots Exactly connected directly to NH 21 Highway. Prime location for investment near to Chandigarh.Call Rudra Properties Sector 70 Mohali for best and trustable deal. Contact 88375 and 26329.,1,east,0,0,0,0,1,1,0,0,0,0,0,0,,,,,,,,,1.0,,,,,,,,
Sector 120,1260.0,6000000.0,INR,,0,1,Available 140 sqyds Plot in Jubilee Park Lane Sector 120 Mohali. Only 3 KM from Chandigarh. Plots Exactly connected directly to NH 21 Highway. Prime location for investment near to Chandigarh.Call Rudra Properties Sector 70 Mohali for best and trustable deal. Contact 88375 and 26329.,1,east,0,0,0,0,1,1,0,0,0,0,0,0,,,,,,,,,1.0,,,,,,,,
Mullanpur New Chandigarh,2142.0,5390000.0,INR,,0,0,"available 238 sq.yds plot for sale in altus muirwoods eco city , new chandigarh mullanpur.very nice location of this plot.very close to chandigarh. call for more information",1,southeast,0,0,0,1,1,1,0,1,1,0,0,0,,,,1.0,,1.0,,1.0,,,,1.0,1.0,,,,
Mullanpur New Chandigarh,2250.0,7500000.0,INR,,0,0,"available 250 sq.yds plot for sale in manohar singh palm residenchy , new chandigarh mullanpur.very nice location of this plot.very close to chandigarh from 200 mtr. call for more information",1,northeast,0,0,0,1,0,1,1,1,0,0,0,0,,,,1.0,,1.0,,,,,1.0,1.0,1.0,,,,
Mullanpur New Chandigarh,1800.0,6550000.0,INR,,0,0,"available 200 sq.yds plot for sale in manohar singh palm residenchy , new chandigarh mullanpur.very nice location of this plot.very close to chandigarh from 200 mtr. call for more information",1,southwest,0,0,0,0,0,0,0,0,0,0,0,0,,,,1.0,,1.0,,,,,,1.0,1.0,,,,
Mullanpur New Chandigarh,2700.0,8900000.0,INR,,0,0,"available 300 sq.yds plot for sale in eco city phase-1, new chandigarh mullanpur.very nice location of this plot.very close to chandigarh. call for more information",1,south,0,0,0,0,0,0,0,0,0,0,0,0,,,,1.0,,1.0,,,,,,1.0,1.0,,,,
Mullanpur New Chandigarh,2250.0,6875000.0,INR,,1,0,"A plot property is available for sale in Mullanpur New Chandigarh, Chandigarh. It is east facing property. The property is available on freehold. The time you'll spend here will become the greatest moment of your life that will also help you to relieve, relax & evoke a great sense of happiness. Please contact us for more details. ",1,east,0,0,0,0,0,0,0,0,0,0,0,0,,,,,,,,,,,,,,,,,
Dhakoli,900.0,2600000.0,INR,1.0,0,0,,1,,0,122,0,0,0,0,0,0,0,0,0,0,,,,,,,,,,,,,,,,,
Dhakoli,900.0,2600000.0,INR,1.0,0,0,,1,northeast,0,122,0,0,0,0,0,0,0,0,0,0,,,,,,,,,,,,,,,,,
Pinjore,1000.0,13500000.0,INR,1.0,0,0,,1,north,0,6,0,0,0,0,0,0,0,0,0,0,,,,,,,,,,,,,,,,,
Zirakpur Banur,900.0,2690000.0,INR,,1,1,"Chandigarh Royale City is a unique, exclusive and the first-of-its-kind township project in the Tri-City, under the State Government's special Township Policy. The township is a project to build a futuristic landmark with areas and concepts designed to cater to everyone's needs within a family.Chandigarh Royale City offers the best of all that makes life a pleasure to live. Spread over 200 acres with over 60% of it being open areas or with a green cover, Chandigarh Royale City following the footsteps of the legendary town planner & architect Le Corbusier to bring new Chandigarh on the edge of City Beautiful.",1,northeast,0,0,0,1,1,1,1,1,1,1,1,1,,,,1.0,,1.0,1.0,1.0,1.0,1.0,1.0,1.0,1.0,,,,1.0
New Chandigarh Mullanpur,5400.0,1890000.0,INR,,1,1,"This plot is situated in New Chandigarh Mullanpur. It has an area of 5400 sqft and is priced at Rs. 18.90 lac (negotiable). It is northeast facing property. The time you'll spend here will become the greatest moment of your life that will also help you to relieve, relax & evoke a great sense of happiness. It is situated in the proximity of all the important facilities. Kindly call us for details. ",1,northeast,0,0,0,0,0,0,0,0,0,0,0,0,,,,,,1.0,,,,,1.0,,,,,,
Mullanpur,3600.0,16000000.0,INR,,0,0,"This plot is situated in Mullanpur, Chandigarh. It has an area of 3600 sqft and is priced at Rs. 1.60 cr . Its entry is south facing. The time you'll spend here will become the greatest moment of your life that will also help you to relieve, relax & evoke a great sense of happiness. Contact us for more details. ",1,south,0,0,0,0,0,0,0,0,0,0,0,0,,,,,,,,,,,,,,,,,
Mohali Sec 66,1350.0,7700000.0,INR,,0,0,Available 150 sq.yds Loi sale in Aerotropolic mohali. its a gmada projects. near to airport road. best invest for this time. call for more information.,1,north,0,0,0,0,0,0,0,0,0,0,0,0,,,,1.0,,1.0,,1.0,,,,1.0,,,,,
Mohali Sec 66,1800.0,11500000.0,INR,,0,0,"A plot is available for sale in Mohali Sec 66, Chandigarh. It has an area of 1800 sqft. The property is available at a price of Rs. 1.15 cr . It is north facing property. The time you'll spend here will become the greatest moment of your life that will also help you to relieve, relax & evoke a great sense of happiness. The society is well connected by different modes of transportation. If you are interested, please contact us for more details. ",1,north,0,0,0,0,0,0,0,0,0,0,0,0,,,,1.0,,1.0,,1.0,,,,1.0,,,,,
Mullanpur New Chandigarh,2700.0,8700000.0,INR,,0,0,Available 2700 Sq.feet Plot for sale in eco city 2 new chandigarh mullanpur.very nice location of this plot.near to medicity.PCS stadium.best connected to chandigarh.call for more information,1,northwest,0,0,0,0,0,0,0,0,0,0,0,0,,,,1.0,,1.0,,,,,,1.0,,,,,
Zirakpur Banur,900.0,2690000.0,INR,,1,1,"Chandigarh Royale City is a unique, exclusive and the first-of-its-kind township project in the Tri-City, under the State Government's special Township Policy. The township is a project to build a futuristic landmark with areas and concepts designed to cater to everyone's needs within a family.Chandigarh Royale City offers the best of all that makes life a pleasure to live. Spread over 200 acres with over 60% of it being open areas or with a green cover, Chandigarh Royale City following the footsteps of the legendary town planner & architect Le Corbusier to bring new Chandigarh on the edge of City Beautiful.",1,northeast,0,0,0,1,1,1,1,1,1,0,1,1,,,,1.0,,,1.0,1.0,1.0,,1.0,1.0,1.0,,,,
Patiala Road Zirakpur,900.0,2600000.0,INR,,1,1,"This plot is situated in Patiala Road Zirakpur, Chandigarh. It has a salable area of 900 sqft and is available at a price of Rs. 2,888 per sqft. The time you'll spend here will become the greatest moment of your life that will also help you to relieve, relax & evoke a great sense of happiness. The site is in close proximity to various civic utilities. Contact us for more details. ",1,,0,0,0,0,0,0,0,0,0,0,0,0,,,,,,,,,,,,,,,,,
Patiala Road Zirakpur,900.0,2550000.0,INR,,1,1,"A plot property is available for sale in Patiala Road Zirakpur, Chandigarh. It has an area of 900 sqft and is priced at Rs. 25.50 lac (negotiable). The time you'll spend here will become the greatest moment of your life that will also help you to relieve, relax & evoke a great sense of happiness. It is well connected to the city areas. Kindly call us for details. ",1,,0,0,0,0,0,0,0,0,0,0,0,0,,,,,,,,,,,,,,,,,
Mullanpur New Chandigarh,2943.0,8000000.0,INR,,0,0,"Available 327 Sq, yds Plot for sale in Altus Muirwoods Phase-1. new Chandigarh mullanpur. its a corner plot with side park. ready to move in in Plots. registry done. call for more information.",1,north,0,0,0,1,1,0,0,1,1,0,0,0,,,,1.0,,1.0,,1.0,,,1.0,1.0,,,,,
Mullanpur New Chandigarh,2700.0,11500000.0,INR,,0,0,"Available 300 sq, yds Plot For Sale In Eco City-2, New Chandigahr Mullanpur. Very Nice Location Of This Plot. loan Facilities Available Call for More Information.",1,north,0,0,0,0,0,0,0,0,0,0,0,0,,,,1.0,,1.0,,,,,,1.0,,,,,
Mullanpur New Chandigarh,1350.0,7000000.0,INR,,0,0,"Available 150 sq, yds Plot For Sale In Eco City-2, New Chandigarh Mullanpur. Very Nice Location Of This Plot. loan Facilities Available Call for More Information.",1,north,0,0,0,0,0,0,1,0,0,0,0,0,,,,1.0,,1.0,,1.0,,,,1.0,,,,,
Mullanpur New Chandigarh,2142.0,6700000.0,INR,,0,0,"Available 238 sq, yds plot for sale in altus muirwoods phase-1, new chandigarh mullanpur. its a ready to move in in plots. loan facilities available. call for more information.",1,southeast,0,0,0,1,1,0,0,0,0,0,0,0,,,,1.0,,1.0,,,1.0,,,1.0,,,,,
Mullanpur New Chandigarh,2142.0,7000000.0,INR,,0,0,"Available 238 sq.yds plot for sale in Altus Muirwoods Phase-1, new chandigarh mullanpur. this is a ready to move in in plot . bank loan available call for more information",1,southeast,0,0,0,0,1,0,0,0,1,0,0,0,,,,1.0,,1.0,,1.0,,,,1.0,,,,,
Mullanpur New Chandigarh,900.0,4200000.0,INR,,0,0,"Available 100 sq.yds plot for sale in Altus Muirwoods Phase-1, new chandigarh mullanpur. this is a ready to move in in plot with registry case. bank loan available call for more information",1,northwest,0,0,0,1,1,0,0,0,1,0,0,0,,,,1.0,,1.0,,,,,,1.0,,,,,
Mullanpur New Chandigarh,4275.0,12000000.0,INR,,0,0,"Available 475 sq.yds plot for sale in Altus Muirwoods Phase-1, new chandigarh mullanpur. this is a ready to move in in plot with registry case. bank loan available call for more information",1,northwest,0,0,0,1,1,0,1,1,1,0,0,0,,,,1.0,,1.0,,,,,1.0,1.0,1.0,,,,
Mullanpur New Chandigarh,900.0,4000000.0,INR,,0,0,"Available 100 sq.yds plot for sale in Altus Muirwoods Phase-1, new chandigarh mullanpur. this is a ready to move in in plot with registry case. bank loan available call for more information",1,southeast,0,0,0,1,0,0,1,0,0,0,0,0,,,,1.0,,1.0,,1.0,,,,1.0,1.0,,,,
Mullanpur New Chandigarh,4500.0,22000000.0,INR,,0,0,"Available 500 sq.yds Plot for Sale in Eco City Phase-1, New Chandigahr Mullanpur. Good Location of This Plot with registry Case. it is a Gmada Projects. This projects In construction Already start. call with us.....",1,northwest,0,0,0,0,0,0,0,0,0,0,0,0,,,,1.0,,1.0,,1.0,,,,,,,,,
Mullanpur New Chandigarh,3600.0,18500000.0,INR,,0,0,"Available 400 sq.yds Plot for Sale in Eco City Phase-1, New Chandigarh Mullanpur. Good Location of This Plot with registry Case. it is a Gmada Projects. This projects In construction Already start. call with us.....",1,northwest,0,0,0,0,0,0,0,0,0,0,0,0,,,,1.0,,1.0,,1.0,,,,1.0,,,,,
Mullanpur New Chandigarh,2700.0,14500000.0,INR,,0,0,"Available 300 sq.yds Plot for Sale in Eco City Phase-1, New Chandigahr Mullanpur. Good Location of This Plot with registry Case. it is a Gmada Projects. This projects In construction Already start. call with us.....",1,northwest,0,0,0,0,0,0,0,0,0,0,0,0,,,,1.0,,1.0,,1.0,,,,1.0,,,,,
Mullanpur New Chandigarh,1800.0,10500000.0,INR,,0,0,"Available 200 sq.yds Plot for Sale in Eco City Phase-1, New Chandigarh Mullanpur. Good Location of This Plot with registry Case. it is a Gmada Projects. This projects In construction Already start. call with us.....",1,southeast,0,0,0,0,0,0,0,0,0,0,0,0,,,,1.0,,1.0,,1.0,,,,1.0,,,,,
Mullanpur New Chandigarh,900.0,6100000.0,INR,,0,0,"Available 100 sq.yds Plot for Sale in Eco City Phase-1, New Chandigarh Mullanpur. Good Location of This Plot with registry Case. it is a Gmada Projects. This projects In construction Already start. call with us.....",1,northwest,0,0,0,0,0,0,0,0,0,0,0,0,,,,1.0,,1.0,,1.0,,,,1.0,,,,,
Mullanpur Garibdass,1800.0,8500000.0,INR,,0,0,"Available 200 sq.yds Plot for Sale in Omaxe Phase-3, New Chandigarh Mullanpur. Good Location of This Plot . This projects In construction Already start. call with us.....",1,northwest,0,0,0,0,0,0,0,0,0,0,0,0,,,123.0,1.0,,1.0,,,,,,1.0,,,,,
Mullanpur New Chandigarh,1800.0,8500000.0,INR,,0,0,"Available 200 sq.yds Plot for Sale in Eco City Phase-2, New Chandigarh Mullanpur. Good Location of This Plot with registry Case. it is a Gmada Projects. This projects In construction Already start. call with us.....",1,northwest,0,0,0,0,0,0,0,0,0,0,0,0,,,,1.0,,1.0,,,,,,1.0,,,,,
Mullanpur New Chandigarh,900.0,5300000.0,INR,,0,0,"Available 100 sq.yds Plot for Sale in Eco City Phase-2, New Chandigarh Mullanpur. Good Location of This Plot with registry Case. it is a Gmada Projects. call with us.....",1,northwest,0,0,0,0,0,0,0,0,0,0,0,0,,,,1.0,,1.0,,,,,,1.0,,,,,
Mullanpur New Chandigarh,4500.0,17500000.0,INR,,0,0,"Available 500 sq.yds Plot for Sale in Eco City Phase-2, New Chandigarh Mullanpur. Good Location of This Plot with registry Case. it is a Gmada Projects. call with us.....",1,southeast,0,0,0,0,0,0,0,0,0,0,0,0,,,,1.0,,1.0,,,,,,1.0,,,,,
Mullanpur New Chandigarh,900.0,4800000.0,INR,,0,0,"A plot property is available for sale in Mullanpur New Chandigarh, Chandigarh. It has an area of 900 sqft and is priced at Rs. 48.00 lac . It is north facing property. The property is available on freehold. It is well connected to the city areas. Kindly call us for details. ",1,north,0,0,0,0,0,0,0,0,0,0,0,0,,,,1.0,,1.0,,,,,,1.0,,,,,
Mullanpur Garibdass,2700.0,11800000.0,INR,,0,0,"Available 300 sq.yds Plot for Sale in Omaxe Phase-3, New Chandigarh Mullanpur. Good Location of This Plot . This projects In construction Already start. call with us.....",1,northwest,0,0,0,0,0,0,0,0,0,0,0,0,,,123.0,1.0,,1.0,,,,,,1.0,,,,,
Mullanpur Garibdass,2700.0,12000000.0,INR,,0,0,"Available 300 sq.yds Plot for Sale in Omaxe Phase-3, New Chandigarh Mullanpur. Good Location of This Plot . This projects In construction Already start. call with us.....",1,northwest,0,0,0,0,0,0,0,0,0,0,0,0,,,123.0,1.0,,1.0,,,,,,1.0,,,,,
Mullanpur Garibdass,2700.0,11300000.0,INR,,0,0,"Available 300 sq.yds plot for sale in omaxe phase-3, new chandigarh. its a ready to move in in plot with very nice location of this plot . bank loan available call for more information.",1,northeast,0,0,0,1,0,0,0,1,0,0,0,0,,,123.0,1.0,,1.0,,,,,1.0,1.0,,,,,
Mullanpur New Chandigarh,2700.0,15000000.0,INR,,0,0,"Available 300 sq, yds plot for sale in eco city phase-1, new chandigarh mullanpur. best locatioin of this plot with very reasonable price call for more information.",1,north,0,0,0,0,0,0,0,0,0,0,0,0,,,,1.0,,1.0,,1.0,,,,1.0,,,,,
Mullanpur New Chandigarh,1800.0,9000000.0,INR,,0,0,"Available 200 Sq, yds Plot for Sale in Eco city Phase-2 New Chandigarh Mullanpur. its a very nice Location Plot, Road Completed, Plot leveled Near to Medicity, Stadium, education city. Best Invest For This time. call for More Information.",1,north,0,0,0,0,0,0,1,0,0,0,0,0,,,,1.0,,1.0,,1.0,,,,1.0,,,,,
Mullanpur New Chandigarh,2142.0,7500000.0,INR,,0,0,"Available 238 Sq, yds Plot for Sale in Altus Muirwoods Phase-1 New Chandigarh Mullanpur. its a very nice Location Plot, Road Completed, Plot leveled Near to PR-4 Road, Medicity, Stadium, education city.Best Invest For This time. call for More Information.",1,south,0,0,0,1,1,0,1,1,0,0,0,1,,,,1.0,,1.0,,,,,1.0,1.0,,,,,
Mullanpur New Chandigarh,2142.0,6800000.0,INR,,0,0,"Available 238 Sq, yds Plot for Sale in Altus Muirwoods Phase-1 New Chandigarh Mullanpur. its a very nice Location Plot, Road Completed, Plot leveled Near to PR-4 Road, Medicity, Stadium, education city.Best Invest For This time. call for More Information.",1,southeast,0,0,0,1,1,0,1,1,1,0,0,0,,,,,,1.0,,1.0,,,1.0,1.0,,,,,
Mullanpur New Chandigarh,2178.0,5700000.0,INR,,0,0,"Available 242 Sq, yds Plot for Sale in Altus Muirwoods Phase-2 New Chandigarh Mullanpur. its a very nice Location Plot, Road Completed, Plot leveled Near to PR-7 Road, Medicity, Stadium, education city.Best Invest For This time. call for More Information.",1,northeast,0,0,0,1,1,0,1,1,0,0,0,1,,,,,,1.0,,1.0,,,,1.0,1.0,,,,
Mullanpur New Chandigarh,2178.0,5600000.0,INR,,0,0,"Available 238 Sq, feet Plot for Sale in Altus Muirwoods Phase-2 New Chandigarh Mullanpur. its a very nice Location Plot, Road Completed, Plot leveled Near to PR-7 Road, Medicity, Stadium, education city.Best Invest For This time. call for More Information.",1,north,0,0,0,1,1,1,1,1,1,0,0,1,,,,,,1.0,,,,,,1.0,,,,,
Mullanpur New Chandigarh,900.0,4200000.0,INR,,0,0,"Available 900 Sq, feet Plot for Sale in Altus Muirwoods New Chandigarh Mullanpur. its a very nice Location Plot, Road Completed, Plot leveled Near to Medicity, Stadium, education city.Best Invest For This time. call for More Information.",1,northwest,0,0,0,0,0,0,1,1,1,0,0,1,,,,,,1.0,,,,,1.0,1.0,,,,,
Mullanpur New Chandigarh,2142.0,7000000.0,INR,,0,0,"Available 238 Sq, yds Plot for Sale in Altus Muirwoods New Chandigarh Mullanpur. its a very nice Location Plot, Road Completed, Plot leveled Near to Medicity, Stadium, education city.Best Invest For This time. call for More Information.",1,southwest,0,0,0,1,1,0,1,1,1,0,0,1,,,,,,1.0,,,,,1.0,,,,,,
Mullanpur New Chandigarh,2997.0,8400000.0,INR,,0,0,"Available 333 Sq, feet Plot for Sale in Altus Muirwoods New Chandigarh Mullanpur. its a very nice Location Plot, Road Completed, Plot leveled Near to Medicity, Stadium, education city. call for More Information.",1,northwest,0,0,0,1,1,0,1,1,1,0,0,1,,,,1.0,,1.0,,1.0,,,1.0,1.0,,,,,
Mullanpur New Chandigarh,2997.0,8500000.0,INR,,0,0,"Available 333 Sq, feet Plot for Sale in Altus Muirwoods New Chandigarh Mullanpur. its a very nice Location Plot, Road Completed, Plot leveled Near to Medicity, Stadium, education city. call for More Information.",1,southeast,0,0,0,1,1,1,1,1,1,0,0,1,,,,1.0,,1.0,,1.0,,,1.0,1.0,1.0,,,,
Mullanpur New Chandigarh,2700.0,11000000.0,INR,,0,0,"Available 300 Sq, yds Plot for Sale in Omaxe Ohase-2 New Chandigarh Mullanpur. its a very nice Location Plot, Road Completed, Plot leveled Loan Facilities Available Near to PR-4 Road, Medicity, Stadium, education city.Best Invest For This time. call for More Information.",1,southeast,0,0,0,0,1,0,1,1,1,0,1,0,,,,,,1.0,,1.0,,,1.0,1.0,,,,,
Mullanpur Garibdass,1800.0,9000000.0,INR,,0,0,"Available 200 Sq, yds Plot for Sale in Omaxe Ohase-3 New Chandigarh Mullanpur. its a very nice Location Plot, Road Completed, Plot leveled Loan Facilities Available Near to PR-4 Road, Medicity, Stadium, education city.Best Invest For This time. call for More Information.",1,southeast,0,0,0,1,1,0,1,1,0,0,0,0,,,123.0,,,1.0,,,,,1.0,1.0,1.0,,,,
Mullanpur Garibdass,2700.0,12500000.0,INR,,0,0,"Available 300 Sq, yds Plot for Sale in Omaxe Ohase-3 New Chandigarh Mullanpur. its a very nice Location Plot, Road Completed, Plot leveled Loan Facilities Available Near to PR-4 Road, Medicity, Stadium, education city.Best Invest For This time. call for More Information.",1,northwest,0,0,0,1,1,0,1,1,1,0,0,1,,,123.0,,,1.0,,,,,1.0,1.0,1.0,,,,
Mullanpur New Chandigarh,2700.0,12200000.0,INR,,0,0,"Available 300 Sq, yds Plot for Sale in Omaxe Phase-3 New Chandigarh Mullanpur. its a very nice Location Plot, Road Completed, Plot leveled Near to, Medicity, Stadium, education city.Best Invest For This time. call for More Information.",1,northeast,0,0,0,1,1,0,1,1,1,0,0,1,,,,,,1.0,,,,,1.0,1.0,,,,,
Mullanpur New Chandigarh,2700.0,12500000.0,INR,,0,0,"Available plot for sale in Omaxe Phase -1, new chandigarh mullanpur. Its saleable area 300 sq. yds. Very reasonable price of this plot. Very nice location. Close to Medicity hospitals Land. Close to PCA Cricket Stadium. 10 Min Drive To Sec-17, 10 min drive to PGI. Contact Now For Best deal....",1,southwest,0,0,0,1,1,0,1,1,0,0,0,0,,,,,,1.0,,,,,1.0,1.0,,,,,
Mullanpur New Chandigarh,2700.0,10800000.0,INR,,0,0,"Available Plot for sale in Omaxe Phase -2, new chandigarh mullanpur. Its saleable area 300 sq. yds. Very reasonable price of this plot. Very nice location. Close to Medicity hospitals Land. Close to PCA Cricket Stadium. 10 Min Drive To Sec-17, 10 min drive to PGI. Contact Now For Best deal....",1,southeast,0,0,0,1,1,0,1,1,1,0,0,1,,,,,,1.0,,,,,,1.0,1.0,,,,
Mohali Sec 117,450.0,6400000.0,INR,,1,1,"A plot is available for sale in Mohali Sec 117, Chandigarh. It has an area of 450 sqft. The property is available at a price of Rs. 64.00 lac (negotiable). Its entry is east facing. The property is available on freehold. The time you'll spend here will become the greatest moment of your life that will also help you to relieve, relax & evoke a great sense of happiness. The society is well connected by different modes of transportation. Contact us for more details. ",1,east,0,0,0,0,1,0,1,0,0,0,1,0,,,,1.0,,,1.0,1.0,1.0,1.0,,1.0,1.0,1.0,,1.0,1.0
Patiala Road Zirakpur,900.0,2550000.0,INR,,1,1,"This plot is available for sale and is located in the heart of Patiala Road Zirakpur. It has an area of 900 sqft and is priced at Rs. 25.50 lac (negotiable). The time you'll spend here will become the greatest moment of your life that will also help you to relieve, relax & evoke a great sense of happiness. The society is well connected by different modes of transportation. Contact us for more details.",1,,0,0,0,0,0,0,0,0,0,0,0,0,,,,,,,,,,,,,,,,,
Kurali Chandigarh Road,600.0,5990000.0,INR,,1,1,"This plot is situated in Kurali Chandigarh Road. It has an area of 600 sqft. The property is available at a price of Rs. 59.90 lac (negotiable). The time you'll spend here will become the greatest moment of your life that will also help you to relieve, relax & evoke a great sense of happiness. The society is well connected by different modes of transportation. Please contact us for more details. ",1,,0,0,0,0,0,0,0,0,0,0,0,0,,,,,,,,,,,,,,,,,
Patiala Road Zirakpur,900.0,2550000.0,INR,,1,1,"A plot is available at a prime location in Patiala Road Zirakpur. It has an area of 900 sqft. The property is available at a price of Rs. 25.50 lac (negotiable). The time you'll spend here will become the greatest moment of your life that will also help you to relieve, relax & evoke a great sense of happiness. The site is in close proximity to various civic utilities. If you are interested, please contact us for more details. ",1,,0,0,0,0,0,0,0,0,0,0,0,0,,,,,,,,,,,,,,,,,
Kurali Chandigarh Road,1125.0,1599000.0,INR,,1,1,"A plot property is available for sale in Kurali Chandigarh Road, Chandigarh. Its entry is northeast facing. The time you'll spend here will become the greatest moment of your life that will also help you to relieve, relax & evoke a great sense of happiness. It is well connected to the city areas. If you are interested, please contact us for more details. ",1,northeast,0,0,0,0,1,0,0,0,0,0,0,0,,,,,,,,,,,,,,,,,
New Chandigarh Mullanpur,3600.0,13000020.0,INR,,0,0,"A plot property is available for sale in New Chandigarh Mullanpur, Chandigarh. Its entry is northwest facing. The time you'll spend here will become the greatest moment of your life that will also help you to relieve, relax & evoke a great sense of happiness. The site is in close proximity to various civic utilities. Contact us for more details. ",1,northwest,0,0,0,1,1,1,1,1,0,1,1,0,,,,1.0,,,,1.0,1.0,1.0,1.0,,,,,,1.0
New Chandigarh Mullanpur,2700.0,10000061.0,INR,,1,0,"A plot is available for sale in New Chandigarh Mullanpur, Chandigarh. It has an area of 2700 sqft and is priced at Rs. 1.00 cr . The property is available on freehold. The time you'll spend here will become the greatest moment of your life that will also help you to relieve, relax & evoke a great sense of happiness. The site is in close proximity to various civic utilities. Please contact for more details. ",1,northeast,0,0,0,1,1,1,1,0,0,1,1,0,,,,1.0,,1.0,1.0,1.0,1.0,,1.0,1.0,1.0,,,,1.0
New Chandigarh Mullanpur,3150.0,9197473.0,INR,,1,0,"This plot is situated in New Chandigarh Mullanpur. The property is available on freehold. The time you'll spend here will become the greatest moment of your life that will also help you to relieve, relax & evoke a great sense of happiness. It is well connected to the city areas. Kindly call us for details. ",1,northwest,0,0,0,1,1,1,1,1,0,1,1,0,,,,1.0,,1.0,1.0,1.0,1.0,1.0,1.0,,,,,,1.0
Highland Marg,810.0,3240000.0,INR,,1,0,"A plot is available at a prime location in Highland Marg. It has a salable area of 810 sqft and is available at a price of Rs. 4,000 per sqft. The time you'll spend here will become the greatest moment of your life that will also help you to relieve, relax & evoke a great sense of happiness. It is well connected to the city areas. Please contact us for more details. ",1,,0,0,0,0,0,0,0,0,0,0,0,0,,,,,,,,,,,,,,,,,
Patiala Road,810.0,3240000.0,INR,,1,0,"A plot property is available for sale in Patiala Road, Chandigarh. It has an area of 810 sqft and is priced at Rs. 32.40 lac . The time you'll spend here will become the greatest moment of your life that will also help you to relieve, relax & evoke a great sense of happiness. The society is well connected by different modes of transportation. Please contact us for more details. ",1,,0,0,0,0,0,0,0,0,0,0,0,0,,,,,,,,,,,,,,,,,
Patiala Road Zirakpur,120.0,3072000.0,INR,,1,1,"This plot is situated in Patiala Road Zirakpur. It has an area of 120 sqft. The property is available at a price of Rs. 30.72 lac (negotiable). The time you'll spend here will become the greatest moment of your life that will also help you to relieve, relax & evoke a great sense of happiness. It is well connected to the city areas. Contact us for more details. ",1,northeast,0,0,0,1,1,0,1,1,1,0,0,0,,,,,,,,,1.0,,,,1.0,,,,
kharar landran road,1125.0,2375000.0,INR,,1,1,"A plot is available at a prime location in kharar landran road. It has an area of 1125 sqft. The property is available at a price of Rs. 23.75 lac (negotiable). It is facing northeast direction. The time you'll spend here will become the greatest moment of your life that will also help you to relieve, relax & evoke a great sense of happiness. The society is well connected by different modes of transportation. If you are interested, please contact us for more details. ",1,northeast,0,0,0,1,1,0,1,1,1,0,1,0,,,,,,,,,1.0,,,1.0,,,,,
Patiala Road Zirakpur,990.0,2596000.0,INR,,1,1,"A plot is available for sale in Patiala Road Zirakpur, Chandigarh. It has a salable area of 990 sqft and is available at a price of Rs. 2,622 per sqft. Its entry is northeast facing. The time you'll spend here will become the greatest moment of your life that will also help you to relieve, relax & evoke a great sense of happiness. It is well connected to the city areas. Kindly call us for details. ",1,northeast,0,0,0,1,1,0,1,0,1,0,1,0,,,,,,,,,1.0,,,,,,,,
Zirakpur Road,150.0,5550000.0,INR,,1,1,"Central Town in Zirakpur, Mohali by Sanat Realtors Pvt. Ltd is a residential project.

It also has amenities like Jogging track, Lawn tennis court and Swimming pool.
It also offers Car parking.

This is a RERA registered project with registration number PBRERASAS79PR0535.

The project is spread over a total area of 22.02 acres of land. 
Central Town brochure is also available for easy reference.

About City:

Mohali is witnessing growth in every aspect. Hence, the real estate market is also witnessing growth. The major drivers of the realty market of this city are booming industries that generate new jobs, infrastructural developments and presence of quality healthcare and educational institutes.
The stable demand is to supply ratio further creates an impact on the positivity of real estate markets. The city has a wide mix of residential units including luxury, affordable and midsegment.",1,northeast,0,0,0,1,1,0,1,0,1,0,1,0,,,,,,,,,1.0,,,,,,,,
Zirakpur punjab,900.0,4255000.0,INR,,1,1,"Central Town in Zirakpur, Mohali by Sanat Realtors Pvt. Ltd is a residential project.

It also has amenities like Jogging track, Lawn tennis court and Swimming pool.
It also offers Car parking.

This is a RERA registered project with registration number PBRERASAS79PR0535.

The project is spread over a total area of 22.02 acres of land. 
Central Town brochure is also available for e",1,northeast,0,0,0,1,1,0,1,1,1,0,0,0,,,,,,,,,1.0,,,,,,,,
Zirakpur punjab,990.0,4070000.0,INR,,1,1,"Central Town in Zirakpur, Mohali by Sanat Realtors Pvt. Ltd is a residential project.

It also has amenities like Jogging track, Lawn tennis court and Swimming pool.
It also offers Car parking.

This is a RERA registered project with registration number PBRERASAS79PR0535.

The project is spread over a total area of 22.02 acres of land. 
Central Town brochure is also available for easy reference.",1,northeast,0,0,0,1,1,0,1,1,1,0,1,0,,,,,,,,,1.0,,,,,,,,
Zirakpur punjab,1350.0,5550000.0,INR,,1,1,"Central Town in Zirakpur, Mohali by Sanat Realtors Pvt. Ltd is a residential project.

It also has amenities like Jogging track, Lawn tennis court and Swimming pool.
It also offers Car parking.

This is a RERA registered project with registration number PBRERASAS79PR0535.

The project is spread over a total area of 22.02 acres of land. 
Central Town brochure is also available for easy reference.",1,northeast,0,0,0,1,1,0,1,1,1,0,1,0,,,,,,,,,1.0,,,,,,,,
Patiala Road Zirakpur,1350.0,3030000.0,INR,,1,0,"This plot is available for sale and is located in the heart of Patiala Road Zirakpur. It has an area of 1350 sqft. The property is available at a price of Rs. 30.30 lac . It is facing northeast direction. The time you'll spend here will become the greatest moment of your life that will also help you to relieve, relax & evoke a great sense of happiness. If you are interested, please contact us for more details. ",1,northeast,0,0,0,1,1,1,1,1,1,1,1,0,,,,1.0,1.0,1.0,1.0,1.0,1.0,1.0,1.0,1.0,1.0,1.0,1.0,1.0,1.0
Eco City 1,4500.0,32500000.0,INR,,1,0,"It has an area of 4500 sqft and is priced at Rs. 3.25 cr . It is facing north direction. The property is available on freehold. The time you'll spend here will become the greatest moment of your life that will also help you to relieve, relax & evoke a great sense of happiness. Please contact for more details. ",1,north,0,0,0,0,0,0,0,0,0,0,0,0,,,,,,,,,1.0,,,,,,,,
Omaxe New Chandigarh,9000.0,55000000.0,INR,,0,0,"A plot property is available for sale in Omaxe New Chandigarh, Chandigarh. It has a salable area of 9000 sqft and is available at a price of Rs. 6,111 per sqft. It is a road facing property. The property is available on freehold. The time you'll spend here will become the greatest moment of your life that will also help you to relieve, relax & evoke a great sense of happiness. It is situated in the proximity of all the important facilities. Contact us for more details. ",1,north,0,0,0,0,0,0,0,0,0,0,0,0,,,,,,,1.0,,1.0,,,,,,,,
Eco City 1,4500.0,23000000.0,INR,1.0,1,0,"A plot property is available for sale in Eco City 1, Chandigarh. It has an area of 4500 sqft. The property is available at a price of Rs. 2.30 cr . It is north facing property. The time you'll spend here will become the greatest moment of your life that will also help you to relieve, relax & evoke a great sense of happiness. It is situated in the proximity of all the important facilities. ",1,north,0,0,0,0,0,0,0,0,0,0,0,0,,,,,,,1.0,,,,,,,,,,
kharar landran road,1125.0,2375000.0,INR,,1,1,"A plot property is available for sale in kharar landran road, Chandigarh. It has an area of 1125 sqft. The property is available at a price of Rs. 23.75 lac (negotiable). It is facing northeast direction. The time you'll spend here will become the greatest moment of your life that will also help you to relieve, relax & evoke a great sense of happiness. It is situated in the proximity of all the important facilities. If you are interested, please contact us for more details. ",1,northeast,0,0,0,1,1,0,1,1,1,0,0,0,,,,,,,,,1.0,,,,,,,,
Dera Bassi,900.0,1499000.0,INR,,1,1,"A plot property is available for sale in Buildcon Vasant Vihar, Dera Bassi, Chandigarh. It has an area of 900 sqft. The property is available at a price of Rs. 14.99 lac (negotiable). Its entry is northeast facing. The time you'll spend here will become the greatest moment of your life that will also help you to relieve, relax & evoke a great sense of happiness. The society is well connected by different modes of transportation. Kindly call us for details. ",1,northeast,0,0,0,1,1,0,0,0,1,0,0,0,7.1,,123.0,,,,,,1.0,,,,,,,,
Zirakpur punjab,900.0,3700000.0,INR,,1,1,"Central Town in Zirakpur, Mohali by Sanat Realtors Pvt. Ltd is a residential project.

It also has amenities like Jogging track, Lawn tennis court and Swimming pool.
It also offers Car parking.

This is a RERA registered project with registration number PBRERASAS79PR0535.

The project is spread over a total area of 22.02 acres of land. 
Central Town brochure is also available for easy reference.

About City:

Mohali is witnessing growth in every aspect. Hence, the real estate market is also witnessing growth. The major drivers of the realty market of this city are booming industries that generate new jobs, infrastructural developments and presence of quality healthcare and educational institutes.
The stable demand is to supply ratio further creates an impact on the positivity of real estate markets. The city has a wide mix of residential units including luxury, affordable and midsegment.",1,northeast,0,0,0,1,1,0,1,1,1,0,1,0,,,,,,,,,1.0,,,,,,,,
kharar landran road,900.0,1999000.0,INR,,1,1,"This plot is available for sale and is located in the heart of kharar landran road. It has an area of 900 sqft and is priced at Rs. 19.99 lac (negotiable). Its entry is northeast facing. The time you'll spend here will become the greatest moment of your life that will also help you to relieve, relax & evoke a great sense of happiness. It is situated in the proximity of all the important facilities. Please contact for more details. ",1,northeast,0,0,0,1,1,0,1,0,0,0,1,0,,,,,,,,,1.0,,,,,,,1.0,1.0
Dera Bassi,66.0,785400.0,INR,,1,1,"A plot is available at a prime location in Dera Bassi. It has an area of 66 sqft and is priced at Rs. 7.85 lac (negotiable). It is facing west direction. The time you'll spend here will become the greatest moment of your life that will also help you to relieve, relax & evoke a great sense of happiness. The society is well connected by different modes of transportation. Please contact us for more details. ",1,west,0,0,0,0,1,1,0,1,0,0,0,0,7.1,,,,,,,,,,,,,,,,
Patiala Road Zirakpur,900.0,2650000.0,INR,,1,1,"A plot is available at a prime location in Patiala Road Zirakpur. It has a salable area of 900 sqft and is available at a price of Rs. 2,944 per sqft. It is facing northeast direction. The time you'll spend here will become the greatest moment of your life that will also help you to relieve, relax & evoke a great sense of happiness. It is well connected to the city areas. Please contact for more details. ",1,northeast,0,0,0,1,1,0,1,1,1,0,1,0,,,,,,,,,1.0,,,,,,,1.0,1.0
Zirakpur punjab,1080.0,4440000.0,INR,,1,1,"Central Town in Zirakpur, Mohali by Sanat Realtors Pvt. Ltd is a residential project.

It also has amenities like Jogging track, Lawn tennis court and Swimming pool.
It also offers Car parking.

This is a RERA registered project with registration number PBRERASAS79PR0535.

The project is spread over a total area of 22.02 acres of land. 
Central Town brochure is also available for easy reference.",1,northeast,0,0,0,1,1,0,1,1,1,0,0,0,,,,,,,,,1.0,,,,,,,,
Zirakpur punjab,1350.0,5550000.0,INR,,1,1,"Central Town in Zirakpur, Mohali by Sanat Realtors Pvt. Ltd is a residential project.

It also has amenities like Jogging track, Lawn tennis court and Swimming pool.
It also offers Car parking.

This is a RERA registered project with registration number PBRERASAS79PR0535.

The project is spread over a total area of 22.02 acres of land. 
Central Town brochure is also available for easy reference.",1,northeast,0,0,0,1,1,0,1,1,1,0,0,0,,,,,,,,,1.0,,,,,,,,
Sector 120,1350.0,6300000.0,INR,,0,1,"This plot is situated in Sector 120, Chandigarh. It has an area of 1350 sqft. The property is available at a price of Rs. 63.00 lac (negotiable). The time you'll spend here will become the greatest moment of your life that will also help you to relieve, relax & evoke a great sense of happiness. It is well connected to the city areas. If you are interested, please contact us for more details. ",1,east,0,0,0,0,0,1,0,0,0,0,0,0,,,,,,,,,1.0,,,,,,,,
Patiala Road Zirakpur,150.0,3540000.0,INR,,1,1,"It has a salable area of 150 sqft and is available at a price of Rs. 23,600 per sqft. It is northeast facing property. The time you'll spend here will become the greatest moment of your life that will also help you to relieve, relax & evoke a great sense of happiness. It is situated in the proximity of all the important facilities. Please contact us for more details. ",1,northeast,0,0,0,1,1,0,1,1,1,0,0,0,,,,,,,,,1.0,,,,,,,,
Patiala Road Zirakpur,120.0,2832000.0,INR,,1,1,"This plot is available for sale and is located in the heart of Patiala Road Zirakpur. It has a salable area of 120 sqft and is available at a price of Rs. 23,600 per sqft. The time you'll spend here will become the greatest moment of your life that will also help you to relieve, relax & evoke a great sense of happiness. It is well connected to the city areas. If you are interested, please contact us for more details. ",1,northeast,0,0,0,1,1,0,1,1,1,0,1,0,,,,,,,,,1.0,,,,,,,,
Patiala Road Zirakpur,900.0,2550000.0,INR,,1,1,"A plot property is available for sale in Patiala Road Zirakpur, Chandigarh. It has an area of 900 sqft. The property is available at a price of Rs. 25.50 lac (negotiable). The time you'll spend here will become the greatest moment of your life that will also help you to relieve, relax & evoke a great sense of happiness. The society is well connected by different modes of transportation. If you are interested, please contact us for more details. ",1,,0,0,0,0,0,0,0,0,0,0,0,0,,,,,,,,,,,,,,,,,
Patiala Road Zirakpur,900.0,2550000.0,INR,,1,1,"A plot property is available for sale in Patiala Road Zirakpur, Chandigarh. It has a salable area of 900 sqft and is available at a price of Rs. 2,833 per sqft. The time you'll spend here will become the greatest moment of your life that will also help you to relieve, relax & evoke a great sense of happiness. The site is in close proximity to various civic utilities. Kindly call us for details. ",1,,0,0,0,0,0,0,0,0,0,0,0,0,,,,,,,,,,,,,,,,,
Patiala Road Zirakpur,900.0,2550000.0,INR,,1,1,"This plot is situated in Patiala Road Zirakpur, Chandigarh. It has an area of 900 sqft and is priced at Rs. 25.50 lac (negotiable). The time you'll spend here will become the greatest moment of your life that will also help you to relieve, relax & evoke a great sense of happiness. The society is well connected by different modes of transportation. If you are interested, please contact us for more details. ",1,,0,0,0,0,0,0,0,0,0,0,0,0,,,,,,,,,,,,,,,,,
Patiala Road Zirakpur,900.0,2550000.0,INR,,1,1,"This plot is situated in Patiala Road Zirakpur. It has a salable area of 900 sqft and is available at a price of Rs. 2,833 per sqft. The time you'll spend here will become the greatest moment of your life that will also help you to relieve, relax & evoke a great sense of happiness. The society is well connected by different modes of transportation. Please contact for more details. ",1,,0,0,0,0,0,0,0,0,0,0,0,0,,,,,,,,,,,,,,,,,
Patiala Road Zirakpur,900.0,2550000.0,INR,,1,1,"A plot is available for sale in Patiala Road Zirakpur, Chandigarh. It has a salable area of 900 sqft and is available at a price of Rs. 2,833 per sqft. The time you'll spend here will become the greatest moment of your life that will also help you to relieve, relax & evoke a great sense of happiness. The site is in close proximity to various civic utilities. If you are interested, please contact us for more details. ",1,,0,0,0,0,0,0,0,0,0,0,0,0,,,,,,,,,,,,,,,,,
Patiala Road Zirakpur,900.0,2550000.0,INR,,1,1,"A plot property is available for sale in Patiala Road Zirakpur, Chandigarh. It has an area of 900 sqft and is priced at Rs. 25.50 lac (negotiable). The time you'll spend here will become the greatest moment of your life that will also help you to relieve, relax & evoke a great sense of happiness. It is situated in the proximity of all the important facilities. Contact us for more details. ",1,,0,0,0,0,0,0,0,0,0,0,0,0,,,,,,,,,,,,,,,,,
Patiala Road Zirakpur,900.0,2550000.0,INR,,1,1,"This plot is situated in Patiala Road Zirakpur. It has a salable area of 900 sqft and is available at a price of Rs. 2,833 per sqft. The time you'll spend here will become the greatest moment of your life that will also help you to relieve, relax & evoke a great sense of happiness. The society is well connected by different modes of transportation. Please contact us for more details. ",1,,0,0,0,0,0,0,0,0,0,0,0,0,,,,,,,,,,,,,,,,,
Patiala Road Zirakpur,900.0,2550000.0,INR,,1,1,"A plot is available for sale in Patiala Road Zirakpur, Chandigarh. It has a salable area of 900 sqft and is available at a price of Rs. 2,833 per sqft. The time you'll spend here will become the greatest moment of your life that will also help you to relieve, relax & evoke a great sense of happiness. It is situated in the proximity of all the important facilities. Contact us for more details. ",1,,0,0,0,0,0,0,0,0,0,0,0,0,,,,,,,,,,,,,,,,,
Patiala Road Zirakpur,900.0,2550000.0,INR,,1,1,"A plot is available at a prime location in Patiala Road Zirakpur. It has a salable area of 900 sqft and is available at a price of Rs. 2,833 per sqft. The time you'll spend here will become the greatest moment of your life that will also help you to relieve, relax & evoke a great sense of happiness. It is situated in the proximity of all the important facilities. Contact us for more details. ",1,,0,0,0,0,0,0,0,0,0,0,0,0,,,,,,,,,,,,,,,,,
Patiala Road Zirakpur,900.0,2550000.0,INR,,1,1,"This plot is available for sale and is located in the heart of Patiala Road Zirakpur. It has a salable area of 900 sqft and is available at a price of Rs. 2,833 per sqft. The time you'll spend here will become the greatest moment of your life that will also help you to relieve, relax & evoke a great sense of happiness. It is well connected to the city areas. Please contact us for more details. ",1,,0,0,0,0,0,0,0,0,0,0,0,0,,,,,,,,,,,,,,,,,
Patiala Road Zirakpur,900.0,2550000.0,INR,,1,1,"A plot is available at a prime location in Patiala Road Zirakpur. It has an area of 900 sqft and is priced at Rs. 25.50 lac (negotiable). The time you'll spend here will become the greatest moment of your life that will also help you to relieve, relax & evoke a great sense of happiness. The site is in close proximity to various civic utilities. Please contact for more details. ",1,,0,0,0,0,0,0,0,0,0,0,0,0,,,,,,,,,,,,,,,,,
Patiala Road Zirakpur,900.0,2550000.0,INR,,1,1,"This plot is situated in Patiala Road Zirakpur. It has an area of 900 sqft. The property is available at a price of Rs. 25.50 lac (negotiable). The time you'll spend here will become the greatest moment of your life that will also help you to relieve, relax & evoke a great sense of happiness. It is situated in the proximity of all the important facilities. Please contact for more details. ",1,,0,0,0,0,0,0,0,0,0,0,0,0,,,,,,,,,,,,,,,,,
Patiala Road Zirakpur,900.0,2550000.0,INR,,1,1,"This plot is available for sale and is located in the heart of Patiala Road Zirakpur. It has an area of 900 sqft. The property is available at a price of Rs. 25.50 lac (negotiable). The time you'll spend here will become the greatest moment of your life that will also help you to relieve, relax & evoke a great sense of happiness. The site is in close proximity to various civic utilities. Please contact us for more details. ",1,,0,0,0,0,0,0,0,0,0,0,0,0,,,,,,,,,,,,,,,,,
Patiala Road Zirakpur,900.0,2550000.0,INR,,1,1,"A plot property is available for sale in Patiala Road Zirakpur, Chandigarh. It has an area of 900 sqft. The property is available at a price of Rs. 25.50 lac (negotiable). The time you'll spend here will become the greatest moment of your life that will also help you to relieve, relax & evoke a great sense of happiness. It is situated in the proximity of all the important facilities. Kindly call us for details. ",1,,0,0,0,0,0,0,0,0,0,0,0,0,,,,,,,,,,,,,,,,,
Patiala Road Zirakpur,900.0,2550000.0,INR,,1,1,"This plot is situated in Patiala Road Zirakpur. It has an area of 900 sqft. The property is available at a price of Rs. 25.50 lac (negotiable). The time you'll spend here will become the greatest moment of your life that will also help you to relieve, relax & evoke a great sense of happiness. The site is in close proximity to various civic utilities. Please contact for more details. ",1,,0,0,0,0,0,0,0,0,0,0,0,0,,,,,,,,,,,,,,,,,
Patiala Road Zirakpur,900.0,2550000.0,INR,,1,1,"A plot is available at a prime location in Patiala Road Zirakpur. It has an area of 900 sqft. The property is available at a price of Rs. 25.50 lac (negotiable). The time you'll spend here will become the greatest moment of your life that will also help you to relieve, relax & evoke a great sense of happiness. The society is well connected by different modes of transportation. Contact us for more details. ",1,,0,0,0,0,0,0,0,0,0,0,0,0,,,,,,,,,,,,,,,,,
Patiala Road Zirakpur,900.0,2550000.0,INR,,1,1,"This plot is situated in Patiala Road Zirakpur. It has an area of 900 sqft and is priced at Rs. 25.50 lac (negotiable). The time you'll spend here will become the greatest moment of your life that will also help you to relieve, relax & evoke a great sense of happiness. It is situated in the proximity of all the important facilities. Kindly call us for details. ",1,,0,0,0,0,0,0,0,0,0,0,0,0,,,,,,,,,,,,,,,,,
Patiala Road Zirakpur,900.0,2550000.0,INR,,1,1,"This plot is available for sale and is located in the heart of Patiala Road Zirakpur. It has an area of 900 sqft and is priced at Rs. 25.50 lac (negotiable). The time you'll spend here will become the greatest moment of your life that will also help you to relieve, relax & evoke a great sense of happiness. It is situated in the proximity of all the important facilities. If you are interested, please contact us for more details. ",1,,0,0,0,0,0,0,0,0,0,0,0,0,,,,,,,,,,,,,,,,,
Patiala Road Zirakpur,900.0,2550000.0,INR,,1,1,"A plot property is available for sale in Patiala Road Zirakpur, Chandigarh. It has an area of 900 sqft. The property is available at a price of Rs. 25.50 lac (negotiable). The time you'll spend here will become the greatest moment of your life that will also help you to relieve, relax & evoke a great sense of happiness. It is well connected to the city areas. Please contact for more details. ",1,,0,0,0,0,0,0,0,0,0,0,0,0,,,,,,,,,,,,,,,,,
Patiala Road Zirakpur,900.0,2550000.0,INR,,1,1,"A plot is available for sale in Patiala Road Zirakpur, Chandigarh. It has an area of 900 sqft. The property is available at a price of Rs. 25.50 lac (negotiable). The time you'll spend here will become the greatest moment of your life that will also help you to relieve, relax & evoke a great sense of happiness. The site is in close proximity to various civic utilities. Contact us for more details. ",1,,0,0,0,0,0,0,0,0,0,0,0,0,,,,,,,,,,,,,,,,,
Patiala Road Zirakpur,900.0,2550000.0,INR,,1,1,"This plot is situated in Patiala Road Zirakpur. It has a salable area of 900 sqft and is available at a price of Rs. 2,833 per sqft. The time you'll spend here will become the greatest moment of your life that will also help you to relieve, relax & evoke a great sense of happiness. It is well connected to the city areas. Contact us for more details. ",1,,0,0,0,0,0,0,0,0,0,0,0,0,,,,,,,,,,,,,,,,,
Patiala Road Zirakpur,900.0,2550000.0,INR,,1,1,"A plot is available for sale in Patiala Road Zirakpur, Chandigarh. It has an area of 900 sqft and is priced at Rs. 25.50 lac (negotiable). The time you'll spend here will become the greatest moment of your life that will also help you to relieve, relax & evoke a great sense of happiness. The site is in close proximity to various civic utilities. If you are interested, please contact us for more details. ",1,,0,0,0,0,0,0,0,0,0,0,0,0,,,,,,,,,,,,,,,,,
Patiala Road Zirakpur,900.0,2550000.0,INR,,1,1,"This plot is available for sale and is located in the heart of Patiala Road Zirakpur. It has an area of 900 sqft and is priced at Rs. 25.50 lac (negotiable). The time you'll spend here will become the greatest moment of your life that will also help you to relieve, relax & evoke a great sense of happiness. It is well connected to the city areas. If you are interested, please contact us for more details. ",1,,0,0,0,0,0,0,0,0,0,0,0,0,,,,,,,,,,,,,,,,,
Patiala Road Zirakpur,900.0,2550000.0,INR,,1,1,"A plot is available at a prime location in Patiala Road Zirakpur. It has a salable area of 900 sqft and is available at a price of Rs. 2,833 per sqft. The time you'll spend here will become the greatest moment of your life that will also help you to relieve, relax & evoke a great sense of happiness. The site is in close proximity to various civic utilities. Please contact us for more details. ",1,,0,0,0,0,0,0,0,0,0,0,0,0,,,,,,,,,,,,,,,,,
Patiala Road Zirakpur,900.0,2550000.0,INR,,1,1,"A plot property is available for sale in Patiala Road Zirakpur, Chandigarh. It has a salable area of 900 sqft and is available at a price of Rs. 2,833 per sqft. The time you'll spend here will become the greatest moment of your life that will also help you to relieve, relax & evoke a great sense of happiness. It is situated in the proximity of all the important facilities. If you are interested, please contact us for more details. ",1,,0,0,0,0,0,0,0,0,0,0,0,0,,,,,,,,,,,,,,,,,
Patiala Road Zirakpur,900.0,2550000.0,INR,,1,1,"This plot is situated in Patiala Road Zirakpur, Chandigarh. It has an area of 900 sqft. The property is available at a price of Rs. 25.50 lac (negotiable). The time you'll spend here will become the greatest moment of your life that will also help you to relieve, relax & evoke a great sense of happiness. The site is in close proximity to various civic utilities. Please contact for more details. ",1,,0,0,0,0,0,0,0,0,0,0,0,0,,,,,,,,,,,,,,,,,
Patiala Road Zirakpur,900.0,2550000.0,INR,,1,1,"This plot is situated in Patiala Road Zirakpur, Chandigarh. It has an area of 900 sqft and is priced at Rs. 25.50 lac (negotiable). The time you'll spend here will become the greatest moment of your life that will also help you to relieve, relax & evoke a great sense of happiness. It is well connected to the city areas. Please contact us for more details. ",1,,0,0,0,0,0,0,0,0,0,0,0,0,,,,,,,,,,,,,,,,,
Patiala Road Zirakpur,900.0,2550000.0,INR,,1,1,"This plot is situated in Patiala Road Zirakpur. It has a salable area of 900 sqft and is available at a price of Rs. 2,833 per sqft. The time you'll spend here will become the greatest moment of your life that will also help you to relieve, relax & evoke a great sense of happiness. It is situated in the proximity of all the important facilities. Please contact us for more details. ",1,,0,0,0,0,0,0,0,0,0,0,0,0,,,,,,,,,,,,,,,,,
Patiala Road Zirakpur,900.0,2550000.0,INR,,1,1,"A plot is available at a prime location in Patiala Road Zirakpur. It has an area of 900 sqft. The property is available at a price of Rs. 25.50 lac (negotiable). The time you'll spend here will become the greatest moment of your life that will also help you to relieve, relax & evoke a great sense of happiness. It is well connected to the city areas. If you are interested, please contact us for more details. ",1,,0,0,0,0,0,0,0,0,0,0,0,0,,,,,,,,,,,,,,,,,
Patiala Road Zirakpur,900.0,2550000.0,INR,,1,1,"This plot is available for sale and is located in the heart of Patiala Road Zirakpur. It has an area of 900 sqft. The property is available at a price of Rs. 25.50 lac (negotiable). The time you'll spend here will become the greatest moment of your life that will also help you to relieve, relax & evoke a great sense of happiness. The society is well connected by different modes of transportation. Kindly call us for details. ",1,,0,0,0,0,0,0,0,0,0,0,0,0,,,,,,,,,,,,,,,,,
Patiala Road Zirakpur,900.0,2550000.0,INR,,1,1,"This plot is available for sale and is located in the heart of Patiala Road Zirakpur. It has an area of 900 sqft and is priced at Rs. 25.50 lac (negotiable). The time you'll spend here will become the greatest moment of your life that will also help you to relieve, relax & evoke a great sense of happiness. It is well connected to the city areas. Please contact us for more details. ",1,,0,0,0,0,0,0,0,0,0,0,0,0,,,,,,,,,,,,,,,,,
Mohali Village,900.0,1890000.0,INR,,1,1,"A plot is available at a prime location in Mohali Village. It has a salable area of 900 sqft and is available at a price of Rs. 2,100 per sqft. The time you'll spend here will become the greatest moment of your life that will also help you to relieve, relax & evoke a great sense of happiness. It is situated in the proximity of all the important facilities. Please contact us for more details. ",1,northeast,0,0,0,0,0,0,0,0,0,0,0,0,,,,,,,,,,,,,,,,,
kharar landran road,900.0,1899000.0,INR,,1,1,"A value for money 100 sq yards plot in located in smart city , landra road. SMART CITY IS AN ARCHETYPE WITH STRATEGICALLY PLANNED RESIDENTIAL LANDSCAPE AT NH-205 A BANUR , VICINITY IS ARTICULATED WITH REPUTED SCHOOLS, PROFICIENT MEDICAL CARE , AMPLE SPACING & AREA REPLETE WITH WORLD CLASS AMENITIES LIKE UNDERGROUND WATER SUPPLY, UNDERGROUND ELECTRICITY WIRING & TRANSPORT SERVICES. PROVIDING MODEST RESIDENTIAL PLOTS WITH SMOOTH CONNECTIVITY TO AIRPORT , CHANDIGARH AJD KEY DISTANCE TO TRICITY . AN EXTRAORDINARY OPPORTUNITY TO INVEST INTO LIFETIME FINANCIAL RETURNS WITH RESIDENTIAL PLOTS.",1,north,0,0,0,0,0,0,0,0,0,0,0,0,,,,,,,,,,,,,,,,,
Patiala Road Zirakpur,900.0,2550000.0,INR,,1,1,"A plot property is available for sale in Patiala Road Zirakpur, Chandigarh. It has a salable area of 900 sqft and is available at a price of Rs. 2,833 per sqft. The time you'll spend here will become the greatest moment of your life that will also help you to relieve, relax & evoke a great sense of happiness. It is well connected to the city areas. Please contact for more details. ",1,,0,0,0,0,0,0,0,0,0,0,0,0,,,,,,,,,,,,,,,,,
Patiala Road Zirakpur,900.0,2550000.0,INR,,1,1,"A plot property is available for sale in Patiala Road Zirakpur, Chandigarh. It has an area of 900 sqft. The property is available at a price of Rs. 25.50 lac (negotiable). The time you'll spend here will become the greatest moment of your life that will also help you to relieve, relax & evoke a great sense of happiness. The society is well connected by different modes of transportation. Kindly call us for details. ",1,,0,0,0,0,0,0,0,0,0,0,0,0,,,,,,,,,,,,,,,,,
Patiala Road Zirakpur,900.0,2550000.0,INR,,1,1,"This plot is situated in Patiala Road Zirakpur, Chandigarh. It has an area of 900 sqft and is priced at Rs. 25.50 lac (negotiable). The time you'll spend here will become the greatest moment of your life that will also help you to relieve, relax & evoke a great sense of happiness. The site is in close proximity to various civic utilities. Please contact for more details. ",1,,0,0,0,0,0,0,0,0,0,0,0,0,,,,,,,,,,,,,,,,,
Patiala Road Zirakpur,900.0,2550000.0,INR,,1,1,"This plot is situated in Patiala Road Zirakpur. It has a salable area of 900 sqft and is available at a price of Rs. 2,833 per sqft. The time you'll spend here will become the greatest moment of your life that will also help you to relieve, relax & evoke a great sense of happiness. It is situated in the proximity of all the important facilities. If you are interested, please contact us for more details. ",1,,0,0,0,0,0,0,0,0,0,0,0,0,,,,,,,,,,,,,,,,,
Patiala Road Zirakpur,900.0,2550000.0,INR,,1,1,"A plot is available at a prime location in Patiala Road Zirakpur. It has a salable area of 900 sqft and is available at a price of Rs. 2,833 per sqft. The time you'll spend here will become the greatest moment of your life that will also help you to relieve, relax & evoke a great sense of happiness. It is situated in the proximity of all the important facilities. Please contact for more details. ",1,,0,0,0,0,0,0,0,0,0,0,0,0,,,,,,,,,,,,,,,,,
Patiala Road Zirakpur,900.0,2550000.0,INR,,1,1,"This plot is available for sale and is located in the heart of Patiala Road Zirakpur. It has an area of 900 sqft and is priced at Rs. 25.50 lac (negotiable). The time you'll spend here will become the greatest moment of your life that will also help you to relieve, relax & evoke a great sense of happiness. The site is in close proximity to various civic utilities. Contact us for more details. ",1,,0,0,0,0,0,0,0,0,0,0,0,0,,,,,,,,,,,,,,,,,
Patiala Road Zirakpur,900.0,2550000.0,INR,,1,1,"This plot is situated in Patiala Road Zirakpur. It has an area of 900 sqft. The property is available at a price of Rs. 25.50 lac (negotiable). The time you'll spend here will become the greatest moment of your life that will also help you to relieve, relax & evoke a great sense of happiness. It is situated in the proximity of all the important facilities. Kindly call us for details. ",1,,0,0,0,0,0,0,0,0,0,0,0,0,,,,,,,,,,,,,,,,,
Patiala Road Zirakpur,900.0,2550000.0,INR,,1,1,"This plot is situated in Patiala Road Zirakpur, Chandigarh. It has an area of 900 sqft. The property is available at a price of Rs. 25.50 lac (negotiable). The time you'll spend here will become the greatest moment of your life that will also help you to relieve, relax & evoke a great sense of happiness. It is well connected to the city areas. Contact us for more details. ",1,,0,0,0,0,0,0,0,0,0,0,0,0,,,,,,,,,,,,,,,,,
Patiala Road Zirakpur,900.0,2550000.0,INR,,1,1,"A plot is available at a prime location in Patiala Road Zirakpur. It has a salable area of 900 sqft and is available at a price of Rs. 2,833 per sqft. The time you'll spend here will become the greatest moment of your life that will also help you to relieve, relax & evoke a great sense of happiness. It is well connected to the city areas. Contact us for more details. ",1,,0,0,0,0,0,0,0,0,0,0,0,0,,,,,,,,,,,,,,,,,
Patiala Road Zirakpur,900.0,2550000.0,INR,,1,1,"This plot is available for sale and is located in the heart of Patiala Road Zirakpur. It has a salable area of 900 sqft and is available at a price of Rs. 2,833 per sqft. The time you'll spend here will become the greatest moment of your life that will also help you to relieve, relax & evoke a great sense of happiness. The society is well connected by different modes of transportation. Please contact for more details. ",1,,0,0,0,0,0,0,0,0,0,0,0,0,,,,,,,,,,,,,,,,,
Patiala Road Zirakpur,900.0,2550000.0,INR,,1,1,"A plot is available for sale in Patiala Road Zirakpur, Chandigarh. It has an area of 900 sqft and is priced at Rs. 25.50 lac (negotiable). The time you'll spend here will become the greatest moment of your life that will also help you to relieve, relax & evoke a great sense of happiness. It is well connected to the city areas. Kindly call us for details. ",1,,0,0,0,0,0,0,0,0,0,0,0,0,,,,,,,,,,,,,,,,,
Patiala Road Zirakpur,900.0,2550000.0,INR,,1,1,"A plot is available for sale in Patiala Road Zirakpur, Chandigarh. It has an area of 900 sqft. The property is available at a price of Rs. 25.50 lac (negotiable). The time you'll spend here will become the greatest moment of your life that will also help you to relieve, relax & evoke a great sense of happiness. It is situated in the proximity of all the important facilities. Contact us for more details. ",1,,0,0,0,0,0,0,0,0,0,0,0,0,,,,,,,,,,,,,,,,,
Patiala Road Zirakpur,900.0,2550000.0,INR,,1,1,"This plot is available for sale and is located in the heart of Patiala Road Zirakpur. It has an area of 900 sqft. The property is available at a price of Rs. 25.50 lac (negotiable). The time you'll spend here will become the greatest moment of your life that will also help you to relieve, relax & evoke a great sense of happiness. The society is well connected by different modes of transportation. If you are interested, please contact us for more details. ",1,,0,0,0,0,0,0,0,0,0,0,0,0,,,,,,,,,,,,,,,,,
Patiala Road Zirakpur,900.0,2550000.0,INR,,1,1,"This plot is situated in Patiala Road Zirakpur, Chandigarh. It has a salable area of 900 sqft and is available at a price of Rs. 2,833 per sqft. The time you'll spend here will become the greatest moment of your life that will also help you to relieve, relax & evoke a great sense of happiness. The society is well connected by different modes of transportation. Please contact for more details. ",1,,0,0,0,0,0,0,0,0,0,0,0,0,,,,,,,,,,,,,,,,,
Patiala Road Zirakpur,900.0,2550000.0,INR,,1,1,"This plot is situated in Patiala Road Zirakpur. It has an area of 900 sqft. The property is available at a price of Rs. 25.50 lac (negotiable). The time you'll spend here will become the greatest moment of your life that will also help you to relieve, relax & evoke a great sense of happiness. The society is well connected by different modes of transportation. Please contact for more details. ",1,,0,0,0,0,0,0,0,0,0,0,0,0,,,,,,,,,,,,,,,,,
Mohali Village,4500.0,22130000.0,INR,,1,1,"A plot is available for sale in Mohali Village, Chandigarh. It has an area of 4500 sqft and is priced at Rs. 2.21 cr (negotiable). Its entry is east facing. The property is available on freehold. The time you'll spend here will become the greatest moment of your life that will also help you to relieve, relax & evoke a great sense of happiness. The site is in close proximity to various civic utilities. Contact us for more details. ",1,east,0,0,0,1,1,1,1,1,1,1,1,1,,,,1.0,1.0,1.0,1.0,1.0,1.0,1.0,1.0,1.0,1.0,1.0,1.0,1.0,1.0
Chandigarh,4500.0,22300000.0,INR,,1,1,"This plot is available for sale and is located in the heart of Chandigarh. It has an area of 4500 sqft. The property is available at a price of Rs. 2.23 cr (negotiable). Its entry is east facing. The property is available on freehold. The time you'll spend here will become the greatest moment of your life that will also help you to relieve, relax & evoke a great sense of happiness. The site is in close proximity to various civic utilities. Please contact for more details. ",1,east,0,0,0,1,1,1,1,1,1,1,1,1,,,,1.0,1.0,1.0,1.0,1.0,1.0,1.0,1.0,1.0,1.0,1.0,1.0,1.0,1.0
Mohali Sec 118,4500.0,22100000.0,INR,,1,1,"This plot is situated in Mohali Sec 118, Chandigarh. It has a salable area of 4500 sqft and is available at a price of Rs. 4,911 per sqft. The plot provides an excellent view as it is a corner property. The property is available on freehold. The time you'll spend here will become the greatest moment of your life that will also help you to relieve, relax & evoke a great sense of happiness. The site is in close proximity to various civic utilities. Kindly call us for details. ",1,east,0,0,0,1,1,1,1,1,1,1,1,1,,,,1.0,1.0,1.0,1.0,1.0,1.0,1.0,1.0,1.0,1.0,1.0,1.0,1.0,1.0
Mohali Sec 118,4500.0,22200000.0,INR,,1,1,"This plot is situated in Mohali Sec 118. One of the major USPs of the property is that it is a road facing property. The property is available on freehold. The time you'll spend here will become the greatest moment of your life that will also help you to relieve, relax & evoke a great sense of happiness. The society is well connected by different modes of transportation. ",1,east,0,0,0,1,1,1,1,1,1,1,1,1,,,,1.0,1.0,1.0,,1.0,1.0,1.0,1.0,1.0,1.0,,1.0,1.0,1.0
kharar landran road,900.0,1990000.0,INR,,1,1,"plot in near aerocity 
gated community 
prime location 
rera approved project 
smart features township 
senser with car for entry /exit 
fingerprint entry for walking 
daily need shop 
club house 
school
shopping complex 

bank loan also available 75%",1,northeast,0,0,0,1,1,1,1,1,0,0,1,1,,,,1.0,,,1.0,1.0,1.0,1.0,1.0,1.0,1.0,1.0,,,
kharar landran road,900.0,1990000.0,INR,,1,1,"plot for sale 
gated community 
RERA approved project 
prime loctaion 
near it city / airport 

daily need shop 
club house 
lush green park 
gym 
shopping complex 
near school 

bank loan available 75%",1,northeast,0,0,0,1,1,1,1,1,0,0,1,0,,,,1.0,,,1.0,1.0,1.0,,1.0,1.0,1.0,,,,
kharar landran road,900.0,1990000.0,INR,,1,1,"plot for sale 
gated community 
RERA approved project 
prime loctaion 
near it city / airport 

daily need shop 
club house 
lush green park 
gym 
shopping complex 
near school 

bank loan available 75%",1,east,0,0,0,1,1,1,0,1,0,0,1,0,,,,1.0,,,,1.0,1.0,,1.0,1.0,1.0,1.0,,,
kharar landran road,900.0,1990000.0,INR,,1,1,"It has an area of 900 sqft. The property is available at a price of Rs. 19.90 lac (negotiable). Its entry is northeast facing. The time you'll spend here will become the greatest moment of your life that will also help you to relieve, relax & evoke a great sense of happiness. It is situated in the proximity of all the important facilities. If you are interested, please contact us for more details. ",1,northeast,0,0,0,1,1,1,0,1,0,0,1,0,,,,1.0,,,,1.0,1.0,,1.0,1.0,,,,,
Patiala Road Zirakpur,1125.0,2950000.0,INR,,1,1,"This plot is situated in Patiala Road Zirakpur. It has an area of 1125 sqft and is priced at Rs. 29.50 lac (negotiable). The time you'll spend here will become the greatest moment of your life that will also help you to relieve, relax & evoke a great sense of happiness. It is well connected to the city areas. If you are interested, please contact us for more details. ",1,,0,0,0,1,1,1,1,1,0,0,1,1,,,,1.0,,,1.0,1.0,1.0,,1.0,1.0,1.0,,,,1.0
Sector 120,1035.0,4312500.0,INR,,0,0,"Plots in Sector 120 Mohali on NH 21 Chandigarh Kharar Highjway. Very prime location , only 2 KM from Chandigarh. Booking amount only 20 %. Call Rudra Properties SCO-512, FF, Sector 70 for best and fair Deal",1,east,0,0,0,0,1,1,0,0,0,0,0,1,,,,,,,,,1.0,,,,,,,,
Sector 120,900.0,3750000.0,INR,,0,0,"Plots in Sector 120 Mohali on NH 21 Chandigarh Kharar Highjway. Very prime location , only 2 KM from Chandigarh. Booking amount only 20 %. Call Rudra Properties SCO-512, FF, Sector 70 for best and fair Deal",1,east,0,0,0,0,1,1,0,0,0,0,0,1,,,,,,,,,1.0,,,,,,,,
Sector 120,1116.0,28000000.0,INR,,0,0,"This plot is situated in Sector 120, Chandigarh. It has an area of 1116 sqft and is priced at Rs. 2.80 cr . It is east facing property. The time you'll spend here will become the greatest moment of your life that will also help you to relieve, relax & evoke a great sense of happiness. The site is in close proximity to various civic utilities.",1,east,0,0,0,1,1,1,0,1,0,0,0,0,,,,,,,,,1.0,,,,,,,,
Sector 120,558.0,13000000.0,INR,,0,0,"This plot is situated in Sector 120. It has a salable area of 558 sqft and is available at a price of Rs. 23,297 per sqft. Its entry is east facing. The time you'll spend here will become the greatest moment of your life that will also help you to relieve, relax & evoke a great sense of happiness. The site is in close proximity to various civic utilities. If you are interested, please contact us for more details. ",1,east,0,0,0,1,1,1,0,1,0,0,0,0,,,,,,,,,1.0,,,,,,,,
Patiala Road,1125.0,2800000.0,INR,,1,0,"Chandigarh Royale City is strategically located in Aerocity and is a well-planned project. It is spread over a sprawling area of 78 Acre. There are in total 1200 units in this project. The units are all ready to move in in.

This well-designed site has 1 towers, each with its own advantage.

The commencement certificate of Chandigarh Royale City has been granted. And the occupancy certificate is not granted. This project has been developed by the well-known builder Royale Estate Group.

At Chandigarh Royale City you get to enjoy the best of facilities and amenities, such as Power Back Up, Rain Water Harvesting, Swimming Pool, Park, Security, Vaastu Compliant, Visitor Parking, Intercom Facility. The complete address of the site is Near Aerocity, Mohali. Its pincode is 140501. Enjoy the comforts of living in Chandigarh Royale City with all modern conveniences at your disposal.

Chandigarh Royale City Brochure

To get detailed and comprehensive information about Chandigarh Royale City",1,northeast,0,0,0,0,1,0,0,1,1,0,0,0,,,,,,,1.0,1.0,1.0,,,,1.0,,,,
Sector 120,1350.0,5625000.0,INR,,0,1,"Plots in Jubilee Sector 120 Mohali on NH 21 Chandigarh Kharar Highjway. Very prime location , only 2 KM from Chandigarh. Booking amount only 20 %. Call Rudra Properties SCO-512, FF, Sector 70 for best and fair Deal",1,east,0,0,0,0,1,1,0,1,0,0,0,0,,,,,,,,,1.0,,,,,,,,
Sector 120,1242.0,5175000.0,INR,,0,0,"Plots in Sector 120 Mohali on NH 21 Chandigarh Kharar Highjway. Very prime location , only 2 KM from Chandigarh. Booking amount only 20 %. Call Rudra Properties SCO-512, FF, Sector 70 for best and fair Deal",1,east,0,0,0,0,1,1,0,0,0,0,0,1,,,,,,,,,1.0,,,,,,,,
Mullanpur Garibdass,2700.0,9270000.0,INR,,1,1,"This plot is situated in Mullanpur Garibdass, Chandigarh. It has an area of 2700 sqft. The property is available at a price of Rs. 92.70 lac (negotiable). The time you'll spend here will become the greatest moment of your life that will also help you to relieve, relax & evoke a great sense of happiness. It is well connected to the city areas. Please contact us for more details. ",1,northeast,0,0,0,1,1,1,0,1,1,0,0,0,,,,,,,,,1.0,,,,,,,,
Mullanpur Garibdass,2700.0,9265000.0,INR,,1,1,"This plot is situated in Mullanpur Garibdass, Chandigarh. It has an area of 2700 sqft. The property is available at a price of Rs. 92.65 lac (negotiable). Its entry is northeast facing. The time you'll spend here will become the greatest moment of your life that will also help you to relieve, relax & evoke a great sense of happiness. The site is in close proximity to various civic utilities. Please contact for more details. ",1,northeast,0,0,0,1,1,1,0,1,1,0,0,0,,,,,,,,,1.0,,,,,,,,
Mullanpur Garibdass,2700.0,9260000.0,INR,,1,1,"A plot is available at a prime location in Mullanpur Garibdass. It has an area of 2700 sqft and is priced at Rs. 92.60 lac (negotiable). The time you'll spend here will become the greatest moment of your life that will also help you to relieve, relax & evoke a great sense of happiness. It is situated in the proximity of all the important facilities. If you are interested, please contact us for more details. ",1,northeast,0,0,0,1,1,1,0,1,1,0,0,0,,,,,,,,,1.0,,,,,,,,
Mullanpur New Chandigarh,2250.0,7700000.0,INR,,1,1,"A plot is available for sale in Mullanpur New Chandigarh, Chandigarh. It has an area of 2250 sqft and is priced at Rs. 77.00 lac (negotiable). The time you'll spend here will become the greatest moment of your life that will also help you to relieve, relax & evoke a great sense of happiness. It is situated in the proximity of all the important facilities. Please contact us for more details. ",1,northeast,0,0,0,1,1,1,0,1,1,0,0,0,,,,,,,,,1.0,,,,,,,,
Mullanpur Garibdass,2250.0,7725000.0,INR,,1,1,"A plot is available at a prime location in Mullanpur Garibdass. It has a salable area of 2250 sqft and is available at a price of Rs. 3,433 per sqft. It is northeast facing property. The time you'll spend here will become the greatest moment of your life that will also help you to relieve, relax & evoke a great sense of happiness. The site is in close proximity to various civic utilities. Please contact for more details. ",1,northeast,0,0,0,1,1,1,0,1,1,0,0,0,,,,,,,,,1.0,,,,,,,,
Mullanpur Garibdass,2250.0,7725000.0,INR,,1,1,"A plot is available at a prime location in Mullanpur Garibdass. It has a salable area of 2250 sqft and is available at a price of Rs. 3,433 per sqft. The time you'll spend here will become the greatest moment of your life that will also help you to relieve, relax & evoke a great sense of happiness. The site is in close proximity to various civic utilities. Please contact us for more details. ",1,northeast,0,0,0,1,1,1,0,1,1,0,0,0,,,,,,,,,1.0,,,,,,,,
Mullanpur Garibdass,1800.0,6770000.0,INR,,1,1,"This plot is available for sale and is located in the heart of Mullanpur Garibdass. It has an area of 1800 sqft and is priced at Rs. 67.70 lac (negotiable). Its entry is northeast facing. The time you'll spend here will become the greatest moment of your life that will also help you to relieve, relax & evoke a great sense of happiness. Please contact us for more details. ",1,northeast,0,0,0,1,1,1,0,0,1,0,0,0,,,,,,,,,,,,,,,,,
Mohali Sec 120,900.0,3800000.0,INR,,0,0,"This plot is situated in Mohali Sec 120, Chandigarh. It has an area of 900 sqft and is priced at Rs. 38.00 lac . The property is available on leasehold. The site is in close proximity to various civic utilities. Contact us for more details. ",1,east,0,0,0,0,0,0,0,0,0,0,1,0,,,,,,,,,1.0,,,,,,,,
Dera Bassi,1602.0,3390000.0,INR,,1,1,"This plot is situated in Dera Bassi. It has an area of 1602 sqft and is priced at Rs. 33.90 lac (negotiable). It is facing east direction. The time you'll spend here will become the greatest moment of your life that will also help you to relieve, relax & evoke a great sense of happiness. Please contact us for more details. ",1,east,0,0,1,1,1,1,1,1,1,0,1,1,7.1,,,,,1.0,1.0,,1.0,,,,,1.0,,,
Mullanpur,2250.0,7860000.0,INR,,1,1,"A plot is available at a prime location in Mullanpur. It has an area of 2250 sqft and is priced at Rs. 78.60 lac (negotiable). It is facing east direction. The time you'll spend here will become the greatest moment of your life that will also help you to relieve, relax & evoke a great sense of happiness. The site is in close proximity to various civic utilities. Please contact for more details. ",1,east,0,0,0,0,1,1,0,1,1,0,0,1,,,,,,,,,1.0,,,,,,,,
kharar landran road,900.0,1990000.0,INR,,1,1,"A plot is available at a prime location in kharar landran road. It has a salable area of 900 sqft and is available at a price of Rs. 2,211 per sqft. It is facing northeast direction. The time you'll spend here will become the greatest moment of your life that will also help you to relieve, relax & evoke a great sense of happiness. It is well connected to the city areas. Contact us for more details. ",1,northeast,0,0,0,1,1,1,0,1,0,0,0,0,,,,1.0,,,,1.0,1.0,,,1.0,1.0,,,,
Mullanpur Garibdass,4500.0,27500000.0,INR,,1,1,"It has a salable area of 4500 sqft and is available at a price of Rs. 6,111 per sqft. It is northeast facing property. The time you'll spend here will become the greatest moment of your life that will also help you to relieve, relax & evoke a great sense of happiness. It is situated in the proximity of all the important facilities. Please contact for more details. ",1,northeast,0,0,0,1,1,1,0,1,1,0,0,1,,,,,,,,,1.0,,,,,,,,
sector 123,1800.0,4300000.0,INR,,1,1,"A plot is available at a prime location in sector 123. It has a salable area of 1800 sqft and is available at a price of Rs. 2,388 per sqft. It is facing northeast direction. The time you'll spend here will become the greatest moment of your life that will also help you to relieve, relax & evoke a great sense of happiness. Kindly call us for details. ",1,northeast,0,0,0,0,0,1,0,0,0,0,0,0,,,,,,,,,1.0,,,,,,,,
Ludhiana Chandigarh State Highway,1300.0,1300000.0,INR,,1,0,"Plot for sale Ludhiana chandigarh high way.... 
Gated society.... 
All facility avaible... 
On road project... 
Well developed... 
Good location.... 
Near to chandigarh university....",1,,0,0,0,0,0,0,0,0,0,0,0,0,,,,,,,,,,,,,,,,,
SEC 115 MOHALI KHARAR LANDRAN ROAD,900.0,1300000.0,INR,,1,1,"A plot is available at a prime location in SEC 115 MOHALI KHARAR LANDRAN ROAD. It has an area of 900 sqft and is priced at Rs. 13.00 lac (negotiable). It is facing northeast direction. The time you'll spend here will become the greatest moment of your life that will also help you to relieve, relax & evoke a great sense of happiness. The site is in close proximity to various civic utilities. ",1,northeast,0,0,0,0,0,1,0,0,0,0,0,0,,,,,,,1.0,,1.0,,1.0,,,1.0,,,
Kharar Mohali,1350.0,2550000.0,INR,,1,1,"A plot is available at a prime location in Kharar Mohali. It has a salable area of 1350 sqft and is available at a price of Rs. 1,888 per sqft. Its entry is west facing. The time you'll spend here will become the greatest moment of your life that will also help you to relieve, relax & evoke a great sense of happiness. The site is in close proximity to various civic utilities. Please contact for more details. ",1,west,0,0,0,0,1,0,0,0,0,0,0,0,,,,1.0,,,1.0,1.0,1.0,,1.0,1.0,1.0,,,,
Kharar Mohali,900.0,1700000.0,INR,,1,1,"A plot is available for sale in Kharar Mohali, Chandigarh. It has an area of 900 sqft. The property is available at a price of Rs. 17.00 lac (negotiable). It is facing west direction. The time you'll spend here will become the greatest moment of your life that will also help you to relieve, relax & evoke a great sense of happiness. It is well connected to the city areas. ",1,west,0,0,0,0,1,0,0,0,0,0,0,0,,,,1.0,,,,1.0,1.0,,1.0,1.0,1.0,,,,
Dera Bassi,143.0,2715000.0,INR,,0,1,"This plot is situated in Dera Bassi, Chandigarh. It has a salable area of 143 sqft and is available at a price of Rs. 18,986 per sqft. Its entry is east facing. The time you'll spend here will become the greatest moment of your life that will also help you to relieve, relax & evoke a great sense of happiness. The society is well connected by different modes of transportation. Kindly call us for details. ",1,east,0,0,1,1,1,1,1,1,1,0,1,0,7.1,,,,,1.0,1.0,,1.0,,,,,1.0,,,
New Chandigarh Mullanpur,2700.0,8215000.0,INR,,0,1,"It has a salable area of 2700 sqft and is available at a price of Rs. 3,042 per sqft. It is east facing property. The time you'll spend here will become the greatest moment of your life that will also help you to relieve, relax & evoke a great sense of happiness. It is situated in the proximity of all the important facilities. Please contact us for more details. ",1,east,0,0,0,0,1,1,0,0,0,0,0,0,,,,,,,,,,,,,,,,,
Dera Bassi,1125.0,2410000.0,INR,,0,1,"This plot is situated in Dera Bassi. The amenities include power backup, swimming pool, gymnasium, 24 x 7 security and car parking. The time you'll spend here will become the greatest moment of your life that will also help you to relieve, relax & evoke a great sense of happiness. It is situated in the proximity of all the important facilities. Please contact us for more details. ",1,east,0,0,1,1,1,1,1,1,1,0,1,0,7.1,,,,,1.0,1.0,,1.0,,,,,1.0,,,
Sunny Enclave,1350.0,2000000.0,INR,,1,0,"Plot for sale sector 125 sunny enclave mohali chandigarh... 
Gated society's... 
ready to move in in... 
On road project.... 
All Facilities available... 
Developed area....",1,,0,0,0,0,0,0,0,0,0,0,0,0,,,,,,,,,,,,,,,,,
Ludhiana Chandigarh State Highway,1100.0,1500000.0,INR,,1,0,"Plot for sale ludaina Chandigarh road... 
Gated society's... 
On road project... 
All facility available... 
Ludaina highway..... Road
Development area good...",1,,0,0,0,0,0,0,0,0,0,0,0,0,,,,,,,,,,,,,,,,,
Dera Bassi,1200.0,1800000.0,INR,,1,0,"Plot for sale derabasi chandigarh... 
Ats company.... 
School.
Club
Gym
Tens court... 
Available in this society... 
Gated society... 
Ploting available wth all emnities....",1,,0,0,0,0,0,0,0,0,0,0,0,0,7.1,,,,,,,,,,,,,,,,
Sunny Enclave,1200.0,2200000.0,INR,,1,0,"Plot available sunny enclave sector 124 charan homes.... 
Hated society... 
Good location... 
Development is good.... 
Market... 
Roads 
Water... 
Electricity",1,,0,0,0,0,0,0,0,0,0,0,0,0,,,,,,,,,,,,,,,,,
Sec 124 Sunny Enclave,10000.0,2000000.0,INR,,1,0,"Chirag homes sector 124 mohali sunny enclave mohali.. Near to airport... 
It is gated society... 
All facility avaible... 
Water and electricity also available... 
Good location...",1,,0,0,0,0,0,0,0,0,0,0,0,0,,,,,,,,,,,,,,,,,
Dera Bassi,1287.0,2740000.0,INR,,0,1,"A plot is available at a prime location in Dera Bassi. It has an area of 1287 sqft. The property is available at a price of Rs. 27.40 lac (negotiable). The amenities include car parking, power backup, swimming pool, gymnasium and 24 x 7 security. Its entry is east facing. The time you'll spend here will become the greatest moment of your life that will also help you to relieve, relax & evoke a great sense of happiness. The site is in close proximity to various civic utilities. If you are interested, please contact us for more details. ",1,east,0,0,1,1,1,1,1,1,1,0,1,0,7.1,,,,,1.0,1.0,,1.0,,,,,1.0,,,
Mullanpur New Chandigarh,9000.0,27980000.0,INR,,0,1,"A plot property is available for sale in Mullanpur New Chandigarh, Chandigarh. It has an area of 9000 sqft. The property is available at a price of Rs. 2.80 cr (negotiable). Its entry is east facing. It is well connected to the city areas. If you are interested, please contact us for more details. ",1,east,0,0,0,1,1,1,0,1,1,0,0,0,,,,,,,,,1.0,,,,,,,,
Dera Bassi,1125.0,2390000.0,INR,,0,1,"It has a salable area of 1125 sqft and is available at a price of Rs. 2,124 per sqft. The amenities include swimming pool, power backup, car parking and 24 x 7 security. The time you'll spend here will become the greatest moment of your life that will also help you to relieve, relax & evoke a great sense of happiness. It is situated in the proximity of all the important facilities. Kindly call us for details. ",1,east,0,0,1,1,1,1,1,1,1,0,1,0,7.1,,,,,1.0,1.0,,1.0,,,,,1.0,,,
Yadagirigutta,1350.0,1050000.0,INR,1.0,0,0,"A plot property is available for sale in Yadagirigutta, Chandigarh. It has an area of 1350 sqft and is priced at Rs. 10.50 lac . The time you'll spend here will become the greatest moment of your life that will also help you to relieve, relax & evoke a great sense of happiness. The site is in close proximity to various civic utilities. If you are interested, please contact us for more details. ",1,,0,0,0,0,0,0,0,0,0,0,0,0,,,,,,,,,,,,,,,,,
Yadagirigutta,1485.0,1154835.0,INR,1.0,0,0,"This plot is situated in Yadagirigutta. It has a salable area of 1485 sqft and is available at a price of Rs. 777 per sqft. The time you'll spend here will become the greatest moment of your life that will also help you to relieve, relax & evoke a great sense of happiness. It is well connected to the city areas. Please contact us for more details. ",1,,0,0,0,0,0,0,0,0,0,0,0,0,,,,,,,,,,,,,,,,,
Yadagirigutta,1091.0,338000.0,INR,1.0,0,0,"This plot is situated in Yadagirigutta, Chandigarh. It has an area of 1091 sqft and is priced at Rs. 3.38 lac . The time you'll spend here will become the greatest moment of your life that will also help you to relieve, relax & evoke a great sense of happiness. It is situated in the proximity of all the important facilities. Contact us for more details. ",1,,0,0,0,0,0,0,0,0,0,0,0,0,,,,,,,,,,,,,,,,,
Dera Bassi,900.0,700000.0,INR,,1,1,"This plot is situated in Dera Bassi, Chandigarh. It has an area of 900 sqft. The property is available at a price of Rs. 7.00 lac (negotiable). Its entry is east facing. The time you'll spend here will become the greatest moment of your life that will also help you to relieve, relax & evoke a great sense of happiness. It is well connected to the city areas. Please contact us for more details. ",1,east,0,0,0,0,1,1,0,0,0,0,0,0,,,,,,,,,1.0,,,,,,,,
Yadagirigutta,1800.0,1800000.0,INR,0.0,0,0,"1800 Square feet Plot for sale in DUMMY_LOCALITY, Hyderabad. This land has a dimension of 60.0 mt length 30.0 mt width. Price. The width of the facing road is 40.0 mt. The most popular landmarks near this plot are Durga Tempul, ZPHS Peddakandukur, and Millc Kendram",1,,0,0,0,0,0,0,0,0,0,0,0,0,,,,,,,,,,,,,,,,,
Yadagirigutta,165.0,649935.0,INR,0.0,0,0,"Residential Plot available for sale in Velpully Village, Thurkally Mandal, Yadadri Bhongiri Dist, Yadagirigutta, Hyderabad. Available amenities are: Garden. Plot has 165 square_feet area Property is inside a gated community.",1,east,0,0,0,0,0,0,0,0,0,0,0,0,,,,,,,,,,,,,,,,,
Yadagirigutta,1350.0,1500000.0,INR,1.0,0,0,"A plot is available at a prime location in Yadagirigutta. It has a salable area of 1350 sqft and is available at a price of Rs. 1,111 per sqft. The time you'll spend here will become the greatest moment of your life that will also help you to relieve, relax & evoke a great sense of happiness. It is well connected to the city areas. Contact us for more details. ",1,,0,0,0,0,0,0,0,0,0,0,0,0,,,,,,,,,,,,,,,,,
Yadagirigutta,1090.0,545000.0,INR,1.0,0,0,"1090 Square feet Plot for sale in Yadagirigutta, Hyderabad. This land has a dimension of 26.0 mt length 32.0 mt width. Price. The width of the facing road is 30.0 mt. The most popular landmarks near this plot are Durga Tempul, ZPHS Peddakandukur, and Millc Kendram",1,,0,0,0,0,0,0,0,0,0,0,0,0,,,,,,,,,,,,,,,,,
Yadagirigutta,900.0,820000.0,INR,1.0,0,0,"This plot is available for sale and is located in the heart of Yadagirigutta. It has an area of 900 sqft and is priced at Rs. 8.20 lac . The time you'll spend here will become the greatest moment of your life that will also help you to relieve, relax & evoke a great sense of happiness. The society is well connected by different modes of transportation. Please contact us for more details. ",1,,0,0,0,0,0,0,0,0,0,0,0,0,,,,,,,,,,,,,,,,,
Mohali Village,1674.0,4000000.0,INR,1.0,0,0,"This plot is situated in Mohali Village. It has a salable area of 1674 sqft and is available at a price of Rs. 2,389 per sqft. The time you'll spend here will become the greatest moment of your life that will also help you to relieve, relax & evoke a great sense of happiness. It is well connected to the city areas. Kindly call us for details. ",1,,0,5,0,0,0,0,0,0,0,0,0,0,,,,,,,,,,,,,,,,,
Yadagirigutta,1485.0,1649835.0,INR,1.0,0,0,"This plot is available for sale and is located in the heart of Yadagirigutta. It has a salable area of 1485 sqft and is available at a price of Rs. 1,111 per sqft. The time you'll spend here will become the greatest moment of your life that will also help you to relieve, relax & evoke a great sense of happiness. It is situated in the proximity of all the important facilities. Please contact for more details. ",1,,0,0,0,0,0,0,0,0,0,0,0,0,,,,,,,,,,,,,,,,,
Yadagirigutta,1485.0,1649835.0,INR,1.0,0,0,"A plot is available for sale in Yadagirigutta, Chandigarh. It has a salable area of 1485 sqft and is available at a price of Rs. 1,111 per sqft. The time you'll spend here will become the greatest moment of your life that will also help you to relieve, relax & evoke a great sense of happiness. It is well connected to the city areas. Contact us for more details. ",1,,0,0,0,0,0,0,0,0,0,0,0,0,,,,,,,,,,,,,,,,,
Yadagirigutta,1315.0,1300000.0,INR,1.0,0,0,"This plot is available for sale and is located in the heart of Yadagirigutta. It has a salable area of 1315 sqft and is available at a price of Rs. 988 per sqft. The time you'll spend here will become the greatest moment of your life that will also help you to relieve, relax & evoke a great sense of happiness. It is well connected to the city areas. If you are interested, please contact us for more details. ",1,,0,0,0,0,0,0,0,0,0,0,0,0,,,,,,,,,,,,,,,,,
New Chandigarh Mullanpur,4500.0,13945000.0,INR,,0,1,"This plot is situated in New Chandigarh Mullanpur. It has an area of 4500 sqft and is priced at Rs. 1.39 cr (negotiable). Its entry is east facing. The time you'll spend here will become the greatest moment of your life that will also help you to relieve, relax & evoke a great sense of happiness. It is well connected to the city areas. Kindly call us for details. ",1,east,0,0,0,1,1,1,0,1,1,0,0,0,,,,,,,,,1.0,,,,,,,,
Mullanpur,1800.0,6300000.0,INR,,1,1,"This plot is situated in Mullanpur. It has an area of 1800 sqft and is priced at Rs. 63.00 lac (negotiable). The time you'll spend here will become the greatest moment of your life that will also help you to relieve, relax & evoke a great sense of happiness. It is situated in the proximity of all the important facilities. If you are interested, please contact us for more details. ",1,east,0,0,0,0,1,1,0,1,1,0,0,1,,,,,,,,,1.0,,,,,,,,
Mullanpur New Chandigarh,2250.0,6955000.0,INR,,0,1,"A plot is available for sale in Mullanpur New Chandigarh, Chandigarh. It has an area of 2250 sqft and is priced at Rs. 69.55 lac (negotiable). Its entry is east facing. The time you'll spend here will become the greatest moment of your life that will also help you to relieve, relax & evoke a great sense of happiness. It is well connected to the city areas. Please contact for more details. ",1,east,0,0,0,1,1,1,0,1,1,0,0,0,,,,,,,,,1.0,,,,,,,,
Dera Bassi,1422.0,3000000.0,INR,,1,1,"A plot is available for sale in Dera Bassi, Chandigarh. It has an area of 1422 sqft. The property is available at a price of Rs. 30.00 lac (negotiable). The amenities include swimming pool, 24 x 7 security, gymnasium and car parking. Its entry is east facing. It is well connected to the city areas. Please contact for more details. ",1,east,0,0,1,1,1,1,1,1,1,0,1,1,7.1,,,,,1.0,1.0,,1.0,,,,,1.0,,,
Mullanpur,2250.0,7800000.0,INR,,1,1,"A plot is available for sale in Mullanpur, Chandigarh. It has an area of 2250 sqft. The property is available at a price of Rs. 78.00 lac (negotiable). It is east facing property. The time you'll spend here will become the greatest moment of your life that will also help you to relieve, relax & evoke a great sense of happiness. The site is in close proximity to various civic utilities. If you are interested, please contact us for more details. ",1,east,0,0,0,0,1,1,0,1,1,0,0,1,,,,,,,,,1.0,,,,,,,,
Dera Bassi,1602.0,3390000.0,INR,,1,1,"This plot is situated in Dera Bassi, Chandigarh. The amenities include 24 x 7 security, car parking, swimming pool and gymnasium. It is east facing property. The time you'll spend here will become the greatest moment of your life that will also help you to relieve, relax & evoke a great sense of happiness. It is well connected to the city areas. Contact us for more details. ",1,east,0,0,1,1,1,1,1,1,1,0,1,1,7.1,,,,,1.0,1.0,,1.0,,,,,1.0,,,
Mullanpur,1800.0,6400000.0,INR,,1,1,"A plot is available at a prime location in Mullanpur. Its entry is east facing. The time you'll spend here will become the greatest moment of your life that will also help you to relieve, relax & evoke a great sense of happiness. The society is well connected by different modes of transportation. Kindly call us for details. ",1,east,0,0,0,0,1,1,0,1,1,0,0,1,,,,,,,,,1.0,,,,,,,,
Dera Bassi,1125.0,2390000.0,INR,,1,1,"A plot is available for sale in Dera Bassi, Chandigarh. It has an area of 1125 sqft and is priced at Rs. 23.90 lac (negotiable). The amenities include 24 x 7 security, swimming pool, gymnasium and car parking. It is east facing property. The time you'll spend here will become the greatest moment of your life that will also help you to relieve, relax & evoke a great sense of happiness. The site is in close proximity to various civic utilities. If you are interested, please contact us for more details. ",1,east,0,0,1,1,1,1,1,1,1,0,1,1,7.1,,,,,1.0,1.0,,1.0,,,,,1.0,,,
Dera Bassi,1602.0,3417000.0,INR,,0,1,"This plot is situated in Dera Bassi. It has an area of 1602 sqft. The property is available at a price of Rs. 34.17 lac (negotiable). The amenities include swimming pool, gymnasium, power backup, 24 x 7 security and car parking. The time you'll spend here will become the greatest moment of your life that will also help you to relieve, relax & evoke a great sense of happiness. Please contact us for more details. ",1,east,0,0,1,1,1,1,1,1,1,0,1,0,7.1,,,,,1.0,1.0,,1.0,,,,,1.0,,,
Dera Bassi,1440.0,3030000.0,INR,,1,1,"The amenities include swimming pool, gymnasium, 24 x 7 security and car parking. Its entry is east facing. The time you'll spend here will become the greatest moment of your life that will also help you to relieve, relax & evoke a great sense of happiness. It is well connected to the city areas. If you are interested, please contact us for more details. ",1,east,0,0,1,1,1,1,1,1,1,0,1,1,7.1,,,,,1.0,1.0,,1.0,,,,,1.0,,,
Mullanpur,2700.0,8875000.0,INR,,1,1,"This plot is available for sale and is located in the heart of Mullanpur. It has a salable area of 2700 sqft and is available at a price of Rs. 3,287 per sqft. It is facing east direction. The time you'll spend here will become the greatest moment of your life that will also help you to relieve, relax & evoke a great sense of happiness. Please contact for more details. ",1,east,0,0,0,0,1,1,0,1,1,0,0,1,,,,,,,,,1.0,,,,,,,,
Mullanpur New Chandigarh,1800.0,5565000.0,INR,,0,1,"A plot property is available for sale in Mullanpur New Chandigarh, Chandigarh. It has an area of 1800 sqft and is priced at Rs. 55.65 lac (negotiable). It is facing east direction. The time you'll spend here will become the greatest moment of your life that will also help you to relieve, relax & evoke a great sense of happiness. The society is well connected by different modes of transportation. Please contact us for more details. ",1,east,0,0,0,1,1,1,0,1,1,0,0,0,,,,,,,,,1.0,,,,,,,,
Zirakpur Banur,900.0,1990000.0,INR,,1,1,"Rady to move plots in smart city in mohali extansion near by air port 10 min draving distance , ralway station 10 min draving distance , metro mall 10 min draving distance , bolly wood gali , sub way 5 min draving distance",1,east,0,0,0,0,1,0,0,0,0,0,1,1,,,,1.0,,,1.0,,,,,1.0,,,,,
Zirakpur Banur,900.0,1900000.0,INR,,1,1,"smart city prime lookeshan propty in Mohali Extation sec 102 , on highway location propty , near by it city , atero polic , Internatinal airpot 10 mint draving distance , all aminets avelabal school , collig hospital , univesty near by",1,,0,0,0,0,1,1,1,1,1,0,1,1,,,,1.0,,,,1.0,,,,1.0,1.0,,,,
Kharar Mohali,900.0,1900000.0,INR,,1,1,"gated socity in on highway location , park club house , swiming pool all aminets are avelabal , school , hospital , universty , with in 5 mint draving distance",1,east,0,0,0,0,1,1,1,1,1,0,1,1,,,,1.0,,,,1.0,1.0,,,1.0,1.0,,,,
Mullanpur New Chandigarh,2250.0,6875000.0,INR,,1,1,"This plot is situated in Mullanpur New Chandigarh, Chandigarh. It has an area of 2250 sqft and is priced at Rs. 68.75 lac (negotiable). It is facing northeast direction. The time you'll spend here will become the greatest moment of your life that will also help you to relieve, relax & evoke a great sense of happiness. The society is well connected by different modes of transportation. Contact us for more details. ",1,northeast,0,0,0,1,1,1,0,1,1,0,0,0,,,,,,,,,1.0,,,,,,,,
Zirakpur punjab,900.0,2390000.0,INR,,1,1,"A plot is available at a prime location in Zirakpur punjab. It has an area of 900 sqft. The property is available at a price of Rs. 23.90 lac (negotiable). It is facing northeast direction. The time you'll spend here will become the greatest moment of your life that will also help you to relieve, relax & evoke a great sense of happiness. Contact us for more details. ",1,northeast,0,0,0,1,1,1,1,1,1,1,1,0,,,,1.0,1.0,1.0,1.0,1.0,1.0,,1.0,1.0,1.0,1.0,,1.0,1.0
