locality,builtup_area_sqft,total_price,price_currency,property_status,new/resale,price_negotiable,description,security_deposit,facing,furnished,property_age,lift(s),24_x_7_security,children's_play_area,club_house,full_power_backup,swimming_pool,sports_facility,jogging_track,landscaped_gardens,gymnasium,school,locality_score,project_score,builder_experience,intercom,rain_water_harvesting,car_parking,vaastu_compliant,indoor_games,multipurpose_room,staff_quarter,golf_course,cafeteria,maintenance_staff,atm,pincode,hospital
Chhapraula,720.0,2599920.0,INR,1.0,1,0,"Well designed 3 bhk villa is available at a prime location in Prithvi Associates Noida Greens. It has a built-up area of 720 sqft and is priced at Rs. 26.00 lac . It is an unfurnished property. It has temple. Other amenities include internal roads, school, gated community, storm water drains and electrification(transformer, solar energy etc). This residential property is ready-to-move-in. It is made in way to provide a comfortable living for the residents. The society is well connected by different modes of transportation. Kindly call us for details. ",1,,0,0,0,0,0,0,0,0,0,0,0,0,1.0,,,,,,,,,,,,,,,,
Raj Nagar Extension,2500.0,15000000.0,INR,,1,0,"It’s a 4 bhk villa situated in Raj Nagar Extension, Ghaziabad. It has a built-up area of 2500 sqft and is priced at Rs. 1.50 cr . The house is semi-furnished. This residential property is ready-to-move-in. It is made in way to provide a comfortable living for the residents. It is situated in the proximity of all the important facilities. Kindly call us for details. ",1,,0,0,0,0,0,0,0,0,0,0,0,0,,,,,,,,,,,,,,,,,
Chipiyana Buzurg,850.0,4000000.0,INR,1.0,1,0,"It’s a 2 bhk villa situated in Chipiyana Buzurg. It has a salable area of 850 sqft and is available at a price of Rs. 4,705 per sqft. It is a semi-furnished property. Its main door is facing east direction. It is a 6 year old ready-to-move-in property. It is made in way to provide a comfortable living. It is situated in the proximity of all the important facilities. Please contact us for more details. ",1,east,0,5,0,0,0,0,0,0,0,0,0,0,,,,,,,,,,,,,,,,,
Lal Kuan,936.0,3329000.0,INR,,1,0,"A 2 bhk property is available for sale in Property Vision Promotors And Developers Mansarovar Park Lalkua, Lal Kuan, Ghaziabad. It has an area of 936 sqft with a carpet area of 860 sqft . The property is available at a price of Rs. 33.29 lac . The house is semi-furnished. It is facing east direction. It is a 4 year old ready-to-move-in property. The time you'll spend here will become the greatest moment of your life that will also help you to relieve, relax & evoke a great sense of happiness. It is situated in the proximity of all the important facilities. If you are interested, please contact us for more details. ",1,east,0,4,0,0,0,0,0,0,0,0,0,0,,7.4,,123.0,,,,,,,,,,,,,
Govindpuram,1000.0,3000011.0,INR,,1,0,"Well designed 2 bhk villa is available at a prime location in Govindpuram. It has an area of 1000 sqft with a carpet area of 450 sqft . The property is available at a price of Rs. 30.00 lac . The house is semi-furnished. It is east facing property. The time you'll spend here will become the greatest moment of your life that will also help you to relieve, relax & evoke a great sense of happiness. The site is in close proximity to various civic utilities. ",1,east,0,0,0,0,0,0,0,0,0,0,0,0,,,,,,,,,,,,,,,,,
Govindpuram,3100.0,10400000.0,INR,,0,0,"This spacious 7 bhk villa is available for sale and is located in the heart of Govindpuram. It has an area of 3100 sqft with a carpet area of 3000 sqft . The property is available at a price of Rs. 1.04 cr . It is northeast facing property. The time you'll spend here will become the greatest moment of your life that will also help you to relieve, relax & evoke a great sense of happiness. The site is in close proximity to various civic utilities. Please contact for more details. ",1,northeast,0,0,0,0,0,0,0,0,0,0,0,0,,,,,,,,,,,,,,,,,
Vasundhara,2500.0,21500000.0,INR,,0,0,"It’s a 6 bhk villa situated in Vasundhara. It has a built-up area of 2500 sqft and is priced at Rs. 2.15 cr . It is facing northeast direction. This residential property is ready-to-move-in. The time you'll spend here will become the greatest moment of your life that will also help you to relieve, relax & evoke a great sense of happiness. It is well connected to the city areas. Contact us for more details. ",1,northeast,0,0,0,0,0,0,1,0,0,0,0,0,,,,,1.0,,,,,,,,,,,,
Raj Nagar Extension,1570.0,13188000.0,INR,,1,0,"A spacious 4 bhk villa is available for sale in Raj Nagar Extension, Ghaziabad. It has a built-up area of 1570 sqft and is priced at Rs. 1.32 cr . The house is semi-furnished. It is northeast facing property. This residential complex is under-construction as of now. . It is made in way to provide a comfortable living for the residents. The society is well connected by different modes of transportation. If you are interested, please contact us for more details. ",1,northeast,0,0,0,0,1,1,1,0,1,0,0,1,,,,,1.0,,,,,,,,,,,,
Lal Kuan,720.0,2100000.0,INR,1.0,0,0,"This spacious 2 bhk villa is available for sale and is located in Aarvanss Infrastructure Mansarovar Park, one of the most prestigious projects of Lal Kuan. It has a salable area of 720 sqft and is available at a price of Rs. 2,916 per sqft. It is a semi-furnished property. It has gymnasium. Other amenities include children's play area and power backup. Its main door is facing east direction. This residential property is ready-to-move-in. It is made in way to provide a comfortable living for the residents. The society is well connected by different modes of transportation. Please contact for more details. ",1,east,0,4,0,1,1,1,1,0,1,0,0,1,,7.4,7.8,123.0,1.0,,,,,,,,,,,,
Lal Kuan,850.0,3949000.0,INR,,1,0,"This spacious 2 bhk villa is available for sale and is located in Vridhi Homes Homes, one of the most prestigious projects of Lal Kuan. It has 1 tv, 1 refrigerator, 1 sofa and 1 sofa. It also has 1 washing machine, 1 microwave, 1 dining table, 1 gas connection, 1 ac and 1 bed. It is northeast facing property. It is an under-construction property . The society is well connected by different modes of transportation. Contact us for more details. ",1,northeast,0,0,1,1,1,1,1,1,1,0,0,1,,7.4,,,1.0,1.0,1.0,1.0,,,,,,,,,
Chhapraula,891.0,4950000.0,INR,,1,0,"Well designed 3 bhk villa is available at a prime location in Prithvi Associates Noida Greens. It has a built-up area of 891 sqft and is priced at Rs. 49.50 lac . It is a semi-furnished property. It is east facing property. This residential property is ready-to-move-in. The time you'll spend here will become the greatest moment of your life that will also help you to relieve, relax & evoke a great sense of happiness. The site is in close proximity to various civic utilities. If you are interested, please contact us for more details. ",1,east,0,0,0,0,0,0,1,0,0,0,0,0,1.0,,,,,,,,,,,,,,,,
Raj Nagar Extension,4900.0,30000000.0,INR,,0,0,"It has 1 tv, 1 refrigerator, 1 sofa and 1 washing machine. It also has 1 microwave, 1 dining table, 1 gas connection, 1 ac and 1 bed. It has community hall. Other amenities include gated community, full power backup, intercom, swimming pool, children's play area, club house, gymnasium, lift(s) and cctv. Its main door is facing northeast direction. This residential property is ready-to-move-in. It is made in way to provide a comfortable living for the residents. ",1,northeast,1,3,1,1,1,1,1,1,1,1,0,1,,,8.4,123.0,1.0,1.0,1.0,1.0,1.0,1.0,1.0,,,,,,
Lal Kuan,2650.0,10003750.0,INR,0.0,1,0,"It’s a 3 bhk villa situated in Shivansh Homes Smart Villa, Lal Kuan. It has an area of 2650 sqft . The property is available at a price of Rs. 1.00 cr . The house is unfurnished. It has landscape garden and tree planting. Other amenities include full power backup, car parking, 24x7 water supply and fire sprinklers. It is an under-construction property and is expected to get completed by 31/12/2021. The time you'll spend here will become the greatest moment of your life that will also help you to relieve, relax & evoke a great sense of happiness. It is situated in the proximity of all the important facilities. Contact us for more details. ",1,,0,0,0,0,0,0,1,0,0,0,0,0,,7.4,,,,,1.0,,,,,,,,,,
Raj Nagar Extension,2979.0,18700000.0,INR,0.0,1,0,"A 4 bhk property is available for sale in Sangwan Group Heights, Raj Nagar Extension, Ghaziabad. It has a built-up area of 2979 sqft and is priced at Rs. 1.87 cr . It has power backup. Other amenities include children's play area, gated community, gymnasium, intercom, club house, community hall and swimming pool. Its main door is facing northeast direction. It is an under-construction property . It is made in way to provide a comfortable living for the residents. ",1,northeast,0,0,1,1,1,1,1,1,1,1,1,1,,,7.7,2022.0,1.0,1.0,1.0,1.0,1.0,,1.0,,,,,,
Lal Kuan,2210.0,14000000.0,INR,,0,0,"This spacious 3 bhk villa is available for sale and is located in Land Craft Developers Golf Link Villas, one of the most prestigious projects of Lal Kuan. It has a salable area of 2210 sqft and is available at a price of Rs. 6,334 per sqft. The house is unfurnished. It is made in way to provide a comfortable living for the residents. It is situated in the proximity of all the important facilities. Please contact us for more details. ",1,,0,7,0,1,1,1,1,1,0,1,0,1,,7.4,8.3,16.0,,1.0,1.0,,1.0,,,1.0,,,,,
duhai,610.0,2795250.0,INR,1.0,1,0,It has a built-up area of 610 sqft and is priced at Rs. 27.95 lac . The house is semi-furnished. It is northeast facing property. It is a ready-to-move-in property. The society is well connected by different modes of transportation. Kindly call us for details. ,1,northeast,0,0,0,0,0,0,0,0,0,0,0,0,,,,,,,,,,,,,,,,,
Lal Kuan,612.0,4500000.0,INR,1.0,1,0,It has a built-up area of 612 sqft and is priced at Rs. 45.00 lac . It has fire sprinklers as well as earthquake resistant structure. The project also has 24 hours water supply and power backup. This residential property is ready-to-move-in. It is made in way to provide a comfortable living. The site is in close proximity to various civic utilities. Contact us for more details. ,1,,0,2,0,0,0,0,1,0,0,0,0,0,,7.4,,,,,,,,,,,,,,,
Niti Khand,1205.0,18500000.0,INR,1.0,1,0,"A 3 bhk property is available for sale in Niti Khand, Ghaziabad. It is a semi-furnished property. It is facing east direction. This residential property is ready-to-move-in. The society is well connected by different modes of transportation. If you are interested, please contact us for more details. ",1,east,0,0,0,0,0,0,1,0,0,0,0,0,,9.3,,,1.0,,,,,,,,,,,,
Raj Nagar Extension,2875.0,18000106.0,INR,0.0,1,0,"4 BHK Villa for sale in Ghukna, Ghaziabad - contact now, for details about the most coveted property. This 4 BHK unit is available in Ghukna and offers a premium lifestyle at the best price. It is a desired purchase for any homebuyer in Ghukna. The built-up area is 2875 Square feet. There are 4 bedrooms and 4 bathroom. This property is at a walking distance from Vardan Netra Chikitsalaya, Lifecell Multi Speciality Centre, and Geetanjali Dental Clinic. The city's best schools such as The American School, Ghaziabad, Makoons Pre-School, and Nav Gyan Jyoti Public School are near your residential property",1,,0,0,0,0,0,0,0,0,0,0,0,0,,,,,,,,,,,,,,,,,
Chipiyana Buzurg,2100.0,6400000.0,INR,1.0,1,0,Well designed 3 bhk villa is available at a prime location in Trust Bricks Reality Green Villa 2. It has a built-up area of 2100 sqft and is priced at Rs. 64.00 lac . The house is semi-furnished. Its main door is facing east direction. It is a ready-to-move-in property. It is made in way to provide a comfortable living for the residents. Kindly call us for details. ,1,east,0,0,0,1,1,1,1,1,1,0,0,1,,,,,1.0,,,,,,,,,,,,
Dasna,1693.0,14200000.0,INR,1.0,1,0,"5 BHK Villa for sale in Wave City, Ghaziabad with modern-day amenities. The Villa is in Wave City which is a promising investment destination in Ghaziabad. This might be your chance to grab the best 5 BHK property for sale in Wave City. This 5 BHK Villa is available at a reasonable price of Rs 1.42 Cr. The built-up area is 1693 Square feet. This property has provision for 4 bathroom. It enjoys a strategic location with many reputed and multispeciality hospitals nearby like Columbia Asia Hospital - Ghaziabad, Ayurvedic treatment for Piles, Fissure, Fistula in Ghaziabad, India, and Komal Sharma Hospital. The city's best schools like ST XAVIERS HIGH SCHOOL, Primary School, Mehrauli Village, Ghaziabad, and Prathmik IVidhyalaya are also near this housing project",1,,0,2,0,0,0,0,0,0,0,0,0,0,,7.2,,2022.0,,,,,,,,,,,,,
Chhapraula,650.0,2851000.0,INR,,1,0,"Well designed 3 bhk villa is available at a prime location in Chhapraula. It has a built-up area of 650 sqft and is priced at Rs. 28.51 lac . The house is semi-furnished. It is east facing property. The time you'll spend here will become the greatest moment of your life that will also help you to relieve, relax & evoke a great sense of happiness. Contact us for more details. ",1,east,0,0,0,0,1,1,1,0,1,0,0,1,,,,,,,,,,,,,,,,,
Raj Nagar,3078.0,12580000.0,INR,,1,0,This spacious 4 bhk villa is available for sale and is located in the heart of Raj Nagar. It has an area of 3078 sqft with a carpet area of 2800 sqft . The property is available at a price of Rs. 1.26 cr . The house is semi-furnished. Its main door is facing east direction. It is an under-construction property . It is made in way to provide a comfortable living. It is well connected to the city areas. ,1,east,0,0,1,0,1,1,1,1,1,0,0,1,,,,,1.0,,,,,,,,,,,,
Lal Kuan,1467.0,4600000.0,INR,1.0,1,0,"Well designed 3 bhk villa is available at a prime location in Lal Kuan. It has a built-up area of 1467 sqft and is priced at Rs. 46.00 lac . The house is semi-furnished. It is facing east direction. It is a ready-to-move-in property. The time you'll spend here will become the greatest moment of your life that will also help you to relieve, relax & evoke a great sense of happiness. The society is well connected by different modes of transportation. Contact us for more details. ",1,east,0,0,0,0,1,1,0,0,0,0,0,0,,7.4,,,,,,,,,,,,,,,
Govindpuram,1260.0,3800000.0,INR,,1,0,"It’s a 2 bhk villa situated in Govindpuram, Ghaziabad. It has an area of 1260 sqft with a carpet area of 1160 sqft . The property is available at a price of Rs. 38.00 lac . It is a furnished property. Its main door is facing south direction. This residential property is ready-to-move-in. The society is well connected by different modes of transportation. ",1,south,1,0,0,0,0,0,0,0,0,0,0,0,,,,,,,,,,,,,,,,,
Ahinsa Khand 2,2170.0,10000000.0,INR,,0,0,"This spacious 4 bhk villa is available for sale and is located in Niho Hi Bird Scottish Garden, one of the most prestigious projects of Ahinsa Khand 2. It has a built-up area of 2170 sqft and is priced at Rs. 1.00 cr . The house is semi-furnished. It is facing east direction. It is a 11 year old ready-to-move-in property. It is made in way to provide a comfortable living for the residents. The site is in close proximity to various civic utilities. Contact us for more details. ",1,east,0,12,1,1,1,1,1,1,1,0,0,1,,9.1,7.8,21.0,1.0,,,,1.0,1.0,,,1.0,1.0,,,
Sector 15 Vasundhara,6000.0,40000000.0,INR,,1,0,"It’s a 8 bhk villa situated in Swaraj Homes Vasundhara Colony Welfare, Sector 15 Vasundhara. It has an area of 6000 sqft with a carpet area of 5500 sqft . The property is available at a price of Rs. 4.00 cr . The house is furnished. It is east facing property. The time you'll spend here will become the greatest moment of your life that will also help you to relieve, relax & evoke a great sense of happiness. Please contact for more details. ",1,east,1,0,0,0,1,0,1,0,0,0,0,0,,,,2022.0,,,,,,,,,,,,,
Raj Nagar Extension,2250.0,13500000.0,INR,1.0,1,0,"A spacious 5 bhk villa is available for sale in Raj Nagar Extension, Ghaziabad. It has a salable area of 2250 sqft and is available at a price of Rs. 6,000 per sqft. The house is semi-furnished. Its main door is facing southeast direction. The time you'll spend here will become the greatest moment of your life that will also help you to relieve, relax & evoke a great sense of happiness. ",1,southeast,0,0,0,0,1,1,1,0,0,0,0,1,,,,,1.0,,,,,,,,,,,,
Vaishali,1582.0,12000000.0,INR,,0,0,"A 3 bhk property is available for sale in Vaishali, Ghaziabad. It has a built-up area of 1582 sqft and is priced at Rs. 1.20 cr . It is east facing property. It is made in way to provide a comfortable living for the residents. The site is in close proximity to various civic utilities. Contact us for more details. ",1,east,0,0,0,0,0,0,0,0,0,0,0,0,,,,,,,,,,,,,,,,,
Govindpuram,1200.0,3400000.0,INR,,1,0,"It’s a 3 bhk villa situated in SLV Infrabuild SLV Balaji Encalve, Govindpuram, Ghaziabad. It has an area of 1200 sqft with a carpet area of 720 sqft . The property is available at a price of Rs. 34.00 lac . It is a 4 year old ready-to-move-in property. The time you'll spend here will become the greatest moment of your life that will also help you to relieve, relax & evoke a great sense of happiness. Please contact for more details. ",1,,0,5,0,0,0,0,0,0,0,0,0,0,,,,123.0,,,,,,,,,,,,,
Raj Nagar,1800.0,21500000.0,INR,,0,0,It’s a 3 bhk villa situated in Raj Nagar. It has an area of 1800 sqft with a carpet area of 1800 sqft . The property is available at a price of Rs. 2.15 cr . It is a semi-furnished property. It is a ready-to-move-in property. It is made in way to provide a comfortable living for the residents. It is well connected to the city areas. Please contact for more details. ,1,north,0,0,0,0,1,0,0,0,1,0,0,0,,,,,,,,,,,,,,,,,
Chipiyana Buzurg,800.0,4300000.0,INR,1.0,1,0,"The house is semi-furnished. This residential property is ready-to-move-in. It is made in way to provide a comfortable living for the residents. It is well connected to the city areas. If you are interested, please contact us for more details. ",1,northeast,0,5,0,0,0,0,0,0,0,0,0,0,,,,,,,,,,,,,,,,,
Govindpuram,1450.0,4700000.0,INR,,1,0,"A 3 bhk property is available for sale in Govindpuram, Ghaziabad. It has an area of 1450 sqft with a carpet area of 1350 sqft . The property is available at a price of Rs. 47.00 lac . It is a semi-furnished property. It is facing northeast direction. It is a ready-to-move-in property. Contact us for more details. ",1,northeast,0,0,0,0,0,0,0,0,0,0,0,0,,,,,,,,,,,,,,,,,
Chhapraula,540.0,1949940.0,INR,1.0,1,0,It has an area of 540 sqft . The property is available at a price of Rs. 19.50 lac . It is an unfurnished property. This residential property is ready-to-move-in. It is made in way to provide a comfortable living for the residents. Contact us for more details. ,1,,0,0,0,0,0,0,0,0,0,0,0,0,1.0,,,,,,,,,,,,,,,,
Raj Nagar Extension,2800.0,9000000.0,INR,,1,0,"It has a salable area of 2800 sqft and is available at a price of Rs. 3,214 per sqft. The house is unfurnished. It is facing east direction. The time you'll spend here will become the greatest moment of your life that will also help you to relieve, relax & evoke a great sense of happiness. It is well connected to the city areas. ",1,east,0,0,1,0,1,1,1,1,1,0,0,1,,,,14.0,1.0,,,,,,,,,,,,
Govindpuram,900.0,2950000.0,INR,,1,0,"It’s a 2 bhk villa situated in Govindpuram. It is facing east direction. This residential property is ready-to-move-in. It is made in way to provide a comfortable living. It is well connected to the city areas. If you are interested, please contact us for more details. ",1,east,1,0,0,0,0,0,0,0,0,0,0,0,,,,,,,,,,,,,,,,,
Chipiyana Buzurg,915.0,3294000.0,INR,,1,0,"Well designed 2 bhk villa is available at a prime location in Chipiyana Buzurg. It has a salable area of 915 sqft and is available at a price of Rs. 3,600 per sqft. It is east facing property. This residential property is ready-to-move-in. The time you'll spend here will become the greatest moment of your life that will also help you to relieve, relax & evoke a great sense of happiness. It is situated in the proximity of all the important facilities. ",1,east,0,5,0,0,0,0,0,0,0,0,0,0,,,,,,,,,,,,,,,,,
Raj Nagar,2500.0,22000000.0,INR,,0,0,"It has a salable area of 2500 sqft and is available at a price of Rs. 8,800 per sqft. The house is semi-furnished. It is made in way to provide a comfortable living. It is well connected to the city areas. If you are interested, please contact us for more details. ",1,,0,0,0,0,0,0,0,0,0,0,0,0,,,,,,,,,,,,,,,,,
Raj Nagar Extension,2875.0,18600009.0,INR,0.0,1,0,"It has an area of 2875 sqft . The property is available at a price of Rs. 1.86 cr . The house is unfurnished. Its main door is facing northeast direction. This residential complex is under-construction as of now. . It is made in way to provide a comfortable living. The site is in close proximity to various civic utilities. If you are interested, please contact us for more details. ",1,northeast,0,0,0,0,0,0,0,0,0,0,0,0,,,,,,,,,,,,,,,,,
Chhapraula,695.0,3250000.0,INR,,1,0,"It’s a 3 bhk villa situated in Prithvi Associates Noida Greens, Chhapraula. It has a built-up area of 695 sqft and is priced at Rs. 32.50 lac . It is a semi-furnished property. It is northwest facing property. This residential property is ready-to-move-in. The time you'll spend here will become the greatest moment of your life that will also help you to relieve, relax & evoke a great sense of happiness. It is situated in the proximity of all the important facilities. Contact us for more details. ",1,northwest,0,0,0,0,0,1,1,0,0,0,0,0,1.0,,,,,,,,,,,,,,,,
Raj Nagar Extension,3600.0,14400000.0,INR,0.0,1,0,"This spacious 4 bhk villa is available for sale and is located in Vaikuntam Buildcon Vilasaa, one of the most prestigious projects of Raj Nagar Extension. It has a salable area of 3600 sqft and is available at a price of Rs. 4,000 per sqft. The house is unfurnished. It is northeast facing property. It is an under-construction property and is expected to get completed by 03/02/2027. The time you'll spend here will become the greatest moment of your life that will also help you to relieve, relax & evoke a great sense of happiness. It is well connected to the city areas. Please contact for more details. ",1,northeast,0,0,0,0,1,1,1,1,1,0,0,1,,,,,1.0,,,,,,,,,,,,
Dasna,1693.0,14500000.0,INR,1.0,1,0,"5 BHK Villa for sale in Ghaziabad. This property is in Wave City, which is a coveted investment location. This tastefully designed 5 BHK unit is among Ghaziabad's best properties. Contact now for more details. The price of the Villa is Rs 1.45 Cr. It is best suited for all kinds of families. Because this property is spacious, with a built-up area of 1693 Square feet. It has 5 bathroom and 5 bedrooms. Some of the very well-known and reputed speciality hospitals like Columbia Asia Hospital - Ghaziabad, Ayurvedic treatment for Piles, Fissure, Fistula in Ghaziabad, India, and Komal Sharma Hospital are just a walk away from this location",1,,0,2,0,0,0,0,0,0,0,0,0,0,,7.2,,2022.0,,,,,,,,,,,,,
Lal Kuan,1480.0,4600000.0,INR,1.0,1,0,It has a built-up area of 1480 sqft and is priced at Rs. 46.00 lac . It is a semi-furnished property. This residential property is ready-to-move-in. It is made in way to provide a comfortable living. It is situated in the proximity of all the important facilities. ,1,east,0,0,0,0,1,1,0,0,0,0,0,0,,7.4,,,,,,,,,,,,,,,
Vasundhara,1900.0,36000000.0,INR,,0,0,"A 5 bhk property is available for sale in Vasundhara, Ghaziabad. It is a semi-furnished property. It is a ready-to-move-in property. The time you'll spend here will become the greatest moment of your life that will also help you to relieve, relax & evoke a great sense of happiness. Please contact us for more details. ",1,,0,0,0,0,0,0,0,0,0,0,0,0,,,,,,,,,,,,,,,,,
Ansals Chiranjiv Vihar,1800.0,19000000.0,INR,,0,0,"It’s a 5 bhk villa situated in Ansals Chiranjiv Vihar. The house is semi-furnished. This residential property is ready-to-move-in. The time you'll spend here will become the greatest moment of your life that will also help you to relieve, relax & evoke a great sense of happiness. Kindly call us for details. ",1,,0,4,0,0,0,0,0,0,0,0,0,0,,,,,,,,,,,,,,,,,
Raj Nagar,900.0,4500000.0,INR,,1,0,Well designed 3 bhk villa is available at a prime location in Raj Nagar. It has an area of 900 sqft with a carpet area of 850 sqft . The property is available at a price of Rs. 45.00 lac . It is a semi-furnished property. It is east facing property. It is a ready-to-move-in property. It is made in way to provide a comfortable living. The site is in close proximity to various civic utilities. Kindly call us for details. ,1,east,0,0,0,0,0,0,0,0,0,0,0,0,,,,,,,,,,,,,,,,,
Ghukna,1570.0,13500000.0,INR,,1,0,It has a built-up area of 1570 sqft and is priced at Rs. 1.35 cr . The house is furnished. It is northeast facing property. It is an under-construction property and is expected to get completed by 31/12/2023. The society is well connected by different modes of transportation. Contact us for more details. ,1,northeast,1,0,1,0,1,1,1,1,1,0,0,1,,,,,1.0,,,,,,,,,,,,
Vasundhara,600.0,1750000.0,INR,,1,0,This spacious 2 bhk villa is available for sale and is located in the heart of Vasundhara. It has a built-up area of 600 sqft and is priced at Rs. 17.50 lac . It is a semi-furnished property. It is facing northeast direction. It is a ready-to-move-in property. The society is well connected by different modes of transportation. Kindly call us for details. ,1,northeast,0,0,1,0,0,0,0,0,0,0,0,0,,,,,1.0,,,,,,,,,,,,
Govindpuram,1500.0,4600000.0,INR,,1,0,"It’s a 3 bhk villa situated in Govindpuram, Ghaziabad. It has a salable area of 1500 sqft and is available at a price of Rs. 3,066 per sqft. The house is semi-furnished. Its main door is facing north direction. This residential property is ready-to-move-in. It is made in way to provide a comfortable living for the residents. The society is well connected by different modes of transportation. Contact us for more details. ",1,north,0,0,0,0,1,1,0,0,1,0,0,1,,,,,1.0,,,,,,,,,,,,
Vaishali,1500.0,23000000.0,INR,,0,0,This spacious 2 bhk villa is available for sale and is located in the heart of Vaishali. The house is semi-furnished. It is facing northwest direction. It is made in way to provide a comfortable living for the residents. The society is well connected by different modes of transportation. Please contact for more details. ,1,northwest,0,0,0,0,1,0,1,0,0,0,0,0,,,,,,,,,,,,,,,,,
Vasundhara,1250.0,13000000.0,INR,,0,0,"It’s a 2 bhk villa situated in Vasundhara, Ghaziabad. It has a built-up area of 1250 sqft and is priced at Rs. 1.30 cr . It is a semi-furnished property. This residential property is ready-to-move-in. It is made in way to provide a comfortable living. It is situated in the proximity of all the important facilities. Please contact for more details. ",1,,0,0,0,0,0,0,0,0,0,0,0,0,,,,,,,,,,,,,,,,,
Lal Kuan,645.0,2250000.0,INR,1.0,1,0,Well designed 3 bhk villa is available at a prime location in Lal Kuan. The house is semi-furnished. It is a ready-to-move-in property. It is situated in the proximity of all the important facilities. Please contact us for more details. ,1,east,0,0,0,0,0,0,1,0,0,0,0,1,,7.4,,,,,,,,,,,,,,,
Dasna,1370.0,11500000.0,INR,,0,0,"It’s a 2 bhk villa situated in Agarwal Associates Aditya World City, Dasna, Ghaziabad. It has an area of 1370 sqft with a carpet area of 1300 sqft . The property is available at a price of Rs. 1.15 cr . The house is furnished. Furnishings include 1 tv, 1 refrigerator, 1 sofa, 1 washing machine, 1 microwave, 1 dining table, 1 gas connection, 1 ac and 1 bed. It has club_house. Other amenities include swimming_pool, gymnasium and children's_play_area. It is a 7 year old ready-to-move-in property. It is made in way to provide a comfortable living. Kindly call us for details. ",1,northeast,1,7,1,1,1,1,0,1,1,1,0,1,1.0,7.2,4.0,43.0,,,1.0,,,1.0,,,,,1.0,1.0,
Lal Kuan,720.0,2800000.0,INR,1.0,1,0,"This spacious 2 bhk villa is available for sale and is located in Property Vision Promotors And Developers Mansarovar Park Lalkua, one of the most prestigious projects of Lal Kuan. It has a salable area of 720 sqft and is available at a price of Rs. 3,888 per sqft. The house is unfurnished. It is a 4 year old ready-to-move-in property. It is made in way to provide a comfortable living for the residents. It is situated in the proximity of all the important facilities. Contact us for more details. ",1,,0,4,0,0,0,0,0,0,0,0,0,0,,7.4,,123.0,,,,,,,,,,,,,
Shakti Khand,1000.0,14000000.0,INR,1.0,0,0,"A 2 bhk property is available for sale in Shakti Khand, Ghaziabad. It has a salable area of 1000 sqft and is available at a price of Rs. 14,000 per sqft. It is made in way to provide a comfortable living. It is well connected to the city areas. Kindly call us for details. ",1,east,0,0,1,0,1,0,1,1,1,0,0,0,,9.3,,,1.0,,,,,,,,,,,,
Ghukna,3200.0,16000000.0,INR,,1,0,"This spacious 4 bhk villa is available for sale and is located in ASM Management Consultants Palm Drive, one of the most prestigious projects of Ghukna. It has a built-up area of 3200 sqft and is priced at Rs. 1.60 cr . The house is furnished. Its main door is facing east direction. It is made in way to provide a comfortable living. ",1,east,1,0,0,0,1,1,1,1,1,0,0,1,,,,,1.0,,,,,,,,,,,,
Lal Kuan,3150.0,11891250.0,INR,0.0,1,0,"It has an area of 3150 sqft . The property is available at a price of Rs. 1.19 cr . The house is unfurnished. It has car parking. Other amenities include 24x7 water supply, landscape garden and tree planting, fire sprinklers and full power backup. It is an under-construction property and is expected to get completed by 31/12/2021. It is made in way to provide a comfortable living for the residents. Please contact for more details. ",1,,0,0,0,0,0,0,1,0,0,0,0,0,,7.4,,,,,1.0,,,,,,,,,,
Lal Kuan,1620.0,19000000.0,INR,,0,0,"A 3 bhk property is available for sale in Land Craft Developers Golf Link Villas, Lal Kuan, Ghaziabad. It has a built-up area of 1620 sqft and is priced at Rs. 1.90 cr . The house is semi-furnished. It is a 6 year old ready-to-move-in property. It is made in way to provide a comfortable living for the residents. It is well connected to the city areas. If you are interested, please contact us for more details. ",1,,0,7,1,1,1,1,1,1,1,1,0,1,,7.4,8.3,16.0,1.0,1.0,1.0,,1.0,,,1.0,,,,,
duhai,620.0,2650000.0,INR,0.0,1,0,It is a semi-furnished property. It is facing east direction. It is an under-construction property . It is made in way to provide a comfortable living. The site is in close proximity to various civic utilities. Please contact us for more details. ,1,east,0,0,0,0,1,0,0,0,0,0,0,0,,,,,,,,,,,,,,,,,
Lal Kuan,1050.0,4233333.0,INR,,1,0,It’s a 2 bhk villa situated in Lal Kuan. Its main door is facing east direction. This residential property is ready-to-move-in. The society is well connected by different modes of transportation. Please contact for more details. ,1,east,0,0,0,0,1,0,0,0,0,0,0,1,,7.4,,,,,,,,,,,,,,,
Govindpuram,800.0,2425000.0,INR,,1,0,The house is semi-furnished. It is a 7 year old ready-to-move-in property. It is made in way to provide a comfortable living for the residents. The site is in close proximity to various civic utilities. Please contact for more details. ,1,northwest,0,6,0,0,0,0,0,0,0,0,0,0,,,,,,,,,,,,,,,,,
Raj Nagar Extension,3500.0,15000000.0,INR,,1,0,"Well designed 4 bhk villa is available at a prime location in Raj Nagar Extension. It has a salable area of 3500 sqft and is available at a price of Rs. 4,285 per sqft. It is a semi-furnished property. It is facing northeast direction. It is an under-construction property . It is made in way to provide a comfortable living for the residents. It is well connected to the city areas. ",1,northeast,0,0,1,0,1,1,1,1,1,0,0,1,,,,,1.0,,,,,,,,,,,,
Lal Kuan,900.0,3318000.0,INR,,1,0,"It’s a 2 bhk villa situated in Property Vision Promotors And Developers Mansarovar Park Lalkua, Lal Kuan. It has a salable area of 900 sqft and is available at a price of Rs. 3,686 per sqft. The house is semi-furnished. It is facing east direction. This residential property is ready-to-move-in. The time you'll spend here will become the greatest moment of your life that will also help you to relieve, relax & evoke a great sense of happiness. The society is well connected by different modes of transportation. If you are interested, please contact us for more details. ",1,east,0,4,0,0,1,0,0,0,0,0,0,0,,7.4,,123.0,,,,,,,,,,,,,
Raj Nagar Extension,2700.0,15000000.0,INR,0.0,1,0,"Looking for a good 4 BHK Villa in Raj Nagar Extension, Ghaziabad? This property is in one of Ghaziabad's most popular locations. This Villa is available for Rs 1.5 Cr. This modern unit has a built-up area of 2700 Square feet. This property has a good view and is North-East-facing. There are 4 bedrooms and 4 bathroom. It is very close to some of city's best hospitals, such as, Vardan Netra Chikitsalaya, Apex Healthcare And Research Centre, and Metropolis Path Lab. Established schools, such as Little Steps Play School, SILVER PEARL PLAY SCHOOL - RAJ NAGAR, and Paramount Kidzone are also close-by",1,northeast,0,0,0,0,0,0,0,0,0,0,0,1,,,,,,,,,,,,,,,,,
Raj Nagar Extension,3232.0,21500000.0,INR,0.0,1,0,"The house is unfurnished. It has swimming pool as well as community hall. The project also has gymnasium, power backup, children's play area, club house, intercom and gated community. It is an under-construction property . It is made in way to provide a comfortable living. Please contact us for more details. ",1,northeast,0,0,1,1,1,1,1,1,1,1,1,1,,,7.7,2022.0,1.0,1.0,1.0,1.0,1.0,,1.0,,,,,,
Dasna,1693.0,14800000.0,INR,1.0,1,0,"5 BHK Villa for sale in Wave City, Ghaziabad with modern-day amenities. The Villa is in Wave City which is a promising investment destination in Ghaziabad. This might be your chance to grab the best 5 BHK property for sale in Wave City. The built-up area is 1693 Square feet. This property has provision for 4 bathroom. It enjoys a strategic location with many reputed and multispeciality hospitals nearby like Government Hospital, Government Ayurvedic Hospital, and Bad Ram Charan Hospital Bambawar. The city's best schools like Vidya Jyoti Public School, Junior High School, govt., and Modern Height Modern Railway City are also near this housing project",1,,0,8,0,0,0,0,0,1,0,0,0,1,,7.2,,59.0,,,,,1.0,,,,,,,,
Govindpuram,1000.0,4800000.0,INR,,1,0,Well designed 3 bhk villa is available at a prime location in Govindpuram. It is a semi-furnished property. Its main door is facing northwest direction. It is an under-construction property . It is made in way to provide a comfortable living for the residents. The site is in close proximity to various civic utilities. Please contact for more details. ,1,northwest,0,0,0,0,1,0,1,0,1,0,0,0,,,,,,,,,,,,,,,,,
Raj Nagar Extension,900.0,12200000.0,INR,0.0,1,0,"2 BHK Villa for sale in Ghaziabad. This property is in Ghukna, which is a coveted investment location. This tastefully designed 2 BHK unit is among Ghaziabad's best properties. Contact now for more details. The price of the Villa is Rs 1.22 Cr. It is best suited for all kinds of families. Because this property is spacious, with a built-up area of 900 Square feet. It has 2 bathroom and 2 bedrooms. Some of the very well-known and reputed speciality hospitals like Vardan Netra Chikitsalaya, Lifecell Multi Speciality Centre, and Geetanjali Dental Clinic are just a walk away from this location",1,,0,0,0,0,0,0,0,0,0,0,0,0,,,,,,,,,,,,,,,,,
Raj Nagar Extension,1570.0,13200000.0,INR,,1,0,It is a semi-furnished property. It is an under-construction property . It is made in way to provide a comfortable living for the residents. The society is well connected by different modes of transportation. Contact us for more details. ,1,,0,0,0,0,0,0,0,0,0,0,0,0,,,,,,,,,,,,,,,,,
Vijay Nagar,1490.0,4600000.0,INR,1.0,1,0,"It’s a 3 bhk villa situated in Vijay Nagar, Ghaziabad. It has a salable area of 1490 sqft and is available at a price of Rs. 3,087 per sqft. The house is semi-furnished. Its main door is facing east direction. The society is well connected by different modes of transportation. ",1,east,0,0,0,0,1,1,0,0,0,0,0,0,,,,,,,,,,,,,,,,,
Govindpuram,1200.0,3250000.0,INR,,1,0,"A 3 bhk property is available for sale in Govindpuram, Ghaziabad. It has a built-up area of 1200 sqft and is priced at Rs. 32.50 lac . The house is semi-furnished. It is northwest facing property. It is a ready-to-move-in property. ",1,northwest,0,0,0,0,0,0,0,0,0,0,0,0,,,,,,,,,,,,,,,,,
Raj Nagar,1925.0,21000000.0,INR,,0,0,"Well designed 3 bhk villa is available at a prime location in Raj Nagar. It has an area of 1925 sqft with a carpet area of 1800 sqft . The property is available at a price of Rs. 2.10 cr . The house is semi-furnished. It is facing northwest direction. This residential property is ready-to-move-in. The time you'll spend here will become the greatest moment of your life that will also help you to relieve, relax & evoke a great sense of happiness. The site is in close proximity to various civic utilities. Kindly call us for details. ",1,northwest,0,0,1,0,0,0,0,0,1,0,0,0,,,,,,,,,,,,,,,,,
Chipiyana Buzurg,900.0,5400000.0,INR,1.0,1,0,It’s a 2 bhk villa situated in Chipiyana Buzurg. It has an area of 900 sqft . The property is available at a price of Rs. 54.00 lac . It is a semi-furnished property. It is a 6 year old ready-to-move-in property. The site is in close proximity to various civic utilities. ,1,northeast,0,5,0,0,0,0,0,0,0,0,0,0,,,,,,,,,,,,,,,,,
Chhapraula,810.0,2950020.0,INR,1.0,1,0,"A spacious 4 bhk villa is available for sale in Prithvi Associates Noida Greens, Chhapraula, Ghaziabad. It has a salable area of 810 sqft and is available at a price of Rs. 3,642 per sqft. The house is unfurnished. It has school. Other amenities include storm water drains, electrification(transformer, solar energy etc), internal roads, temple and gated community. This residential property is ready-to-move-in. The time you'll spend here will become the greatest moment of your life that will also help you to relieve, relax & evoke a great sense of happiness. It is well connected to the city areas. If you are interested, please contact us for more details. ",1,,0,0,0,0,0,0,0,0,0,0,0,0,1.0,,,,,,,,,,,,,,,,
Govindpuram,1200.0,4100000.0,INR,,1,0,This spacious 3 bhk villa is available for sale and is located in the heart of Govindpuram. It has an area of 1200 sqft with a carpet area of 760 sqft . The property is available at a price of Rs. 41.00 lac . It is a semi-furnished property. It is northwest facing property. This residential property is ready-to-move-in. It is made in way to provide a comfortable living. It is situated in the proximity of all the important facilities. Please contact for more details. ,1,northwest,0,0,0,0,0,0,0,0,0,0,0,0,,,,,,,,,,,,,,,,,
Chhapraula,1069.0,4560000.0,INR,,1,0,"It has a salable area of 1069 sqft and is available at a price of Rs. 4,265 per sqft. It is a semi-furnished property. It is facing northwest direction. It is a ready-to-move-in property. It is made in way to provide a comfortable living for the residents. The society is well connected by different modes of transportation. Please contact for more details. ",1,northwest,0,0,0,0,0,0,1,0,0,0,0,0,1.0,,,,,,,,,,,,,,,,
Vaishali,3200.0,22500000.0,INR,,0,0,This spacious 5 bhk villa is available for sale and is located in the heart of Vaishali. It has a built-up area of 3200 sqft and is priced at Rs. 2.25 cr . The house is semi-furnished. It is made in way to provide a comfortable living for the residents. It is situated in the proximity of all the important facilities. Please contact us for more details. ,1,,0,0,0,0,0,0,0,0,0,0,0,0,,,,,,,,,,,,,,,,,
Niti Khand,1300.0,25000000.0,INR,1.0,0,0,"Well designed 3 bhk villa is available at a prime location in Niti Khand. It is a semi-furnished property. The time you'll spend here will become the greatest moment of your life that will also help you to relieve, relax & evoke a great sense of happiness. It is situated in the proximity of all the important facilities. Please contact for more details. ",1,,0,0,0,0,0,0,0,0,0,0,0,0,,9.3,,,,,,,,,,,,,,,
Raj Nagar Extension,5560.0,25000000.0,INR,,1,0,"A 4 bhk property is available for sale in VVIP Assets, Raj Nagar Extension, Ghaziabad. It has 1 tv, 1 refrigerator, 1 sofa and 1 sofa. It also has 1 washing machine, 1 microwave, 1 dining table, 1 gas connection, 1 ac and 1 bed. It is facing northeast direction. It is a 4 year old ready-to-move-in property. The time you'll spend here will become the greatest moment of your life that will also help you to relieve, relax & evoke a great sense of happiness. ",1,northeast,0,3,1,0,1,1,1,1,1,1,1,1,,,,123.0,1.0,1.0,,,,,,,,,,,
Chipiyana Buzurg,600.0,2409000.0,INR,,1,0,"It’s a 1 bhk villa situated in Chipiyana Buzurg. It has an area of 600 sqft with a carpet area of 540 sqft . The property is available at a price of Rs. 24.09 lac . The house is semi-furnished. It is facing east direction. It is a 5 year old ready-to-move-in property. The time you'll spend here will become the greatest moment of your life that will also help you to relieve, relax & evoke a great sense of happiness. It is well connected to the city areas. Please contact for more details. ",1,east,0,5,0,0,1,0,0,0,0,0,0,1,,,,,,,,,,,,,,,,,
Govindpuram,1250.0,2800000.0,INR,,1,0,"A 3 bhk property is available for sale in Jain Builders Ghaziabad Akshay Enclave, Govindpuram, Ghaziabad. It is a semi-furnished property. Its main door is facing northeast direction. It is a ready-to-move-in property. It is situated in the proximity of all the important facilities. Kindly call us for details. ",1,northeast,0,2,0,1,0,0,0,0,0,0,0,0,,,,2022.0,,,,1.0,,,,,,,,,
Lal Kuan,450.0,1800000.0,INR,,1,0,"This spacious 1 bhk villa is available for sale and is located in Property Vision Promotors And Developers Mansarovar Park Lalkua, one of the most prestigious projects of Lal Kuan. It has an area of 450 sqft with a carpet area of 400 sqft . The property is available at a price of Rs. 18.00 lac . It is an unfurnished property. This residential property is ready-to-move-in. It is made in way to provide a comfortable living. It is situated in the proximity of all the important facilities. If you are interested, please contact us for more details. ",1,,0,4,0,0,0,0,0,0,0,0,0,0,,7.4,,123.0,,,,,,,,,,,,,
Dasna,690.0,2599000.0,INR,,1,0,"It’s a 2 bhk villa situated in Dasna, Ghaziabad. It has an area of 690 sqft with a carpet area of 590 sqft . The property is available at a price of Rs. 25.99 lac . It is a semi-furnished property. Its main door is facing northeast direction. It is a ready-to-move-in property. The time you'll spend here will become the greatest moment of your life that will also help you to relieve, relax & evoke a great sense of happiness. Please contact us for more details. ",1,northeast,0,0,0,0,0,0,0,0,0,0,0,0,,7.2,,,,,,,,,,,,,,,
Raj Nagar Extension,3500.0,15000000.0,INR,,1,0,"This spacious 5 bhk villa is available for sale and is located in LR Infrahomes Blue Moon Homes, one of the most prestigious projects of Raj Nagar Extension. It has a salable area of 3500 sqft and is available at a price of Rs. 4,285 per sqft. The house is semi-furnished. It is an under-construction property and is expected to get completed by 01/12/2022. It is made in way to provide a comfortable living for the residents. Contact us for more details. ",1,southwest,0,0,1,1,1,1,1,1,1,1,0,1,1.0,,8.1,123.0,1.0,1.0,1.0,1.0,,,1.0,,,,1.0,1.0,1.0
Lal Kuan,728.0,3649000.0,INR,,1,0,Well designed 2 bhk villa is available at a prime location in Lal Kuan. It has a built-up area of 728 sqft and is priced at Rs. 36.49 lac . It is east facing property. This residential property is ready-to-move-in. It is made in way to provide a comfortable living. It is situated in the proximity of all the important facilities. Kindly call us for details. ,1,east,0,0,0,0,0,0,0,0,0,0,0,0,,7.4,,,,,,,,,,,,,,,
Kavi Nagar,4500.0,35000000.0,INR,1.0,0,0,It has an area of 4500 sqft . The property is available at a price of Rs. 3.50 cr . It is facing northwest direction. It is a ready-to-move-in property. It is made in way to provide a comfortable living for the residents. It is situated in the proximity of all the important facilities. Kindly call us for details. ,1,northwest,0,0,0,0,1,1,0,1,1,0,0,1,,,,,,,,,,,,,,,,,
Raj Nagar Extension,2311.0,13200000.0,INR,,1,0,"A 2 BHK Villa for sale in Raj Nagar Extension, Ghaziabad. This beautifully designed 2 BHK unit with all the modern-day comforts is one of Raj Nagar Extension's most desired properties. Contact now for more information. The price of this Villa is Rs 1.32 Cr. Each unit has a built-up area of 2311 Square feet. The carpet area is 2311 Square feet. There are 2 bedrooms. There is provision for 2 bathroom. This residential property is near Little Steps Play School, SILVER PEARL PLAY SCHOOL - RAJ NAGAR, and Paramount Kidzone. It is also close to Vardan Netra Chikitsalaya, Apex Healthcare And Research Centre, and Metropolis Path Lab",1,,0,0,0,0,0,0,0,0,0,0,0,1,,,,,,,,,,,,,,,,,
Ansals Chiranjiv Vihar,2120.0,7585000.0,INR,,0,0,"This spacious 3 bhk villa is available for sale and is located in the heart of Ansals Chiranjiv Vihar. It has a salable area of 2120 sqft and is available at a price of Rs. 3,577 per sqft. The house is semi-furnished. This residential property is ready-to-move-in. It is made in way to provide a comfortable living. It is situated in the proximity of all the important facilities. If you are interested, please contact us for more details. ",1,northwest,0,4,0,0,1,0,0,0,1,0,0,0,,,,,,,,,,,,,,,,,
Raj Nagar Extension,3450.0,18750050.0,INR,0.0,1,0,"Looking for a 4 BHK Villa for sale in Ghaziabad? Your search ends here. Buy this 4 BHK property in Ghaziabad's finest location, Raj Nagar Extension. The built up area of this property is 3450 Square feet. This property is North-East facing. There are 4 bedrooms and 3 bathroom. There are a number of reputed schools in the vicinity such as Amity International School Vasundhara Sector 1, SILVER PEARL PLAY SCHOOL - RAJ NAGAR, and S D Public School. Medical facility is also close at hand with names like Vardan Netra Chikitsalaya, Roots & Ridges Dental Clinic, and Metropolis Path Lab",1,northeast,0,0,1,1,1,1,1,1,1,1,1,1,,,7.7,2022.0,1.0,1.0,1.0,1.0,1.0,,1.0,,,,,,
duhai,620.0,2650500.0,INR,0.0,1,0,"It’s a 2 bhk villa situated in duhai, Ghaziabad. It has a built-up area of 620 sqft and is priced at Rs. 26.50 lac . The house is semi-furnished. It is made in way to provide a comfortable living for the residents. The site is in close proximity to various civic utilities. ",1,,0,0,0,0,0,0,0,0,0,0,0,0,,,,,,,,,,,,,,,,,
Lal Kuan,1575.0,2350000.0,INR,,1,0,"It’s a 3 bhk villa situated in Golden Wave Infratech Royal City, Lal Kuan, Ghaziabad. The house is furnished. Its main door is facing northeast direction. This residential property is ready-to-move-in. It is made in way to provide a comfortable living for the residents. It is situated in the proximity of all the important facilities. ",1,northeast,1,0,1,0,1,1,1,1,1,0,0,1,,7.4,,2022.0,1.0,,,,,,,,,,,,
SWAROOP PARK,1620.0,5800000.0,INR,,0,1,,1,northeast,0,5,0,0,0,0,0,0,0,0,0,0,,,,,,,,,,,,,,,,,
Dasna,1693.0,15000000.0,INR,1.0,0,0,"5 BHK Villa for sale in Wave City, Ghaziabad - contact now, for details about the most coveted property. This 5 BHK unit is available in Wave City and offers a premium lifestyle at the best price. It is a desired purchase for any homebuyer in Wave City. The price of this Villa is Rs 1.5 Cr. The built-up area is 1693 Square feet. There are 5 bedrooms and 4 bathroom. This property is at a walking distance from Columbia Asia Hospital - Ghaziabad, Ayurvedic treatment for Piles, Fissure, Fistula in Ghaziabad, India, and Komal Sharma Hospital. The city's best schools such as ST XAVIERS HIGH SCHOOL, Primary School, Mehrauli Village, Ghaziabad, and Prathmik IVidhyalaya are near your residential property",1,,0,2,0,0,0,0,0,0,0,0,0,0,,7.2,,2022.0,,,,,,,,,,,,,
Vaishali,1800.0,16300000.0,INR,1.0,0,0,"A 3 bhk property is available for sale in Vaishali, Ghaziabad. It has a built-up area of 1800 sqft and is priced at Rs. 1.63 cr . It is a ready-to-move-in property. The time you'll spend here will become the greatest moment of your life that will also help you to relieve, relax & evoke a great sense of happiness. It is well connected to the city areas. ",1,east,0,0,1,0,1,0,1,0,1,0,0,0,,,,,,,,,,,,,,,,,
Crossing Republik,600.0,3310000.0,INR,,1,0,Well designed 2 bhk villa is available at a prime location in Raj Homez Independent 4. It is a semi-furnished property. It is made in way to provide a comfortable living. The site is in close proximity to various civic utilities. Please contact us for more details. ,1,,0,7,0,0,0,0,0,0,0,0,0,0,,,,2022.0,,,,,,,,,,,,,
Chipiyana Buzurg,800.0,3800000.0,INR,1.0,1,0,"It’s a 2 bhk villa situated in Chipiyana Buzurg. It has an area of 800 sqft . The property is available at a price of Rs. 38.00 lac . It is a semi-furnished property. It is facing east direction. This residential property is ready-to-move-in. The time you'll spend here will become the greatest moment of your life that will also help you to relieve, relax & evoke a great sense of happiness. The society is well connected by different modes of transportation. Kindly call us for details. ",1,east,0,5,0,0,0,0,0,0,0,0,0,0,,,,,,,,,,,,,,,,,
Chhapraula,630.0,2274930.0,INR,1.0,1,0,"Well designed 3 bhk villa is available at a prime location in Prithvi Associates Noida Greens. It has a salable area of 630 sqft and is available at a price of Rs. 3,611 per sqft. It is an unfurnished property. It has storm water drains as well as internal roads. The project also has electrification(transformer, solar energy etc), temple, gated community and school. This residential property is ready-to-move-in. The time you'll spend here will become the greatest moment of your life that will also help you to relieve, relax & evoke a great sense of happiness. It is situated in the proximity of all the important facilities. Kindly call us for details. ",1,,0,0,0,0,0,0,0,0,0,0,0,0,1.0,,,,,,,,,,,,,,,,
Govindpuram,1200.0,4250000.0,INR,,1,0,"This spacious 3 bhk villa is available for sale and is located in the heart of Govindpuram. It has a salable area of 1200 sqft and is available at a price of Rs. 3,541 per sqft. It is a semi-furnished property. It is facing west direction. It is a ready-to-move-in property. The time you'll spend here will become the greatest moment of your life that will also help you to relieve, relax & evoke a great sense of happiness. The site is in close proximity to various civic utilities. Contact us for more details. ",1,west,0,0,0,0,0,0,0,0,0,0,0,0,,,,,,,,,,,,,,,,,
Chhapraula,802.0,3185000.0,INR,,1,0,"This spacious 3 bhk villa is available for sale and is located in Prithvi Associates Noida Greens, one of the most prestigious projects of Chhapraula. Its main door is facing northeast direction. This residential property is ready-to-move-in. It is made in way to provide a comfortable living. It is well connected to the city areas. If you are interested, please contact us for more details. ",1,northeast,0,0,0,0,0,0,1,0,0,0,0,0,1.0,,,,,,,,,,,,,,,,
Sector 10 Vasundhara,807.0,12000000.0,INR,,0,1,The house is semi-furnished. The property is available on freehold. The property has 1 bathroom and 2 balconies. It is a 15 year old ready-to-move-in property. It is made in way to provide a comfortable living. The site is in close proximity to various civic utilities. ,1,west,0,15,0,1,1,0,0,0,0,0,0,0,1.0,,,,,,1.0,1.0,,,,,,1.0,1.0,1.0,1.0
Chhapraula,900.0,3249900.0,INR,1.0,1,0,"This spacious 4 bhk villa is available for sale and is located in Prithvi Associates Noida Greens, one of the most prestigious projects of Chhapraula. This residential property is ready-to-move-in. The time you'll spend here will become the greatest moment of your life that will also help you to relieve, relax & evoke a great sense of happiness. The society is well connected by different modes of transportation. Please contact for more details. ",1,,0,0,0,0,0,0,0,0,0,0,0,0,1.0,,,,,,,,,,,,,,,,
Govindpuram,615.0,2475000.0,INR,,1,0,It has an area of 615 sqft with a carpet area of 550 sqft . The property is available at a price of Rs. 24.75 lac . It is a semi-furnished property. It is northeast facing property. This residential property is ready-to-move-in. It is situated in the proximity of all the important facilities. Please contact for more details. ,1,northeast,0,0,0,0,0,0,0,0,0,0,0,0,,,,,,,,,,,,,,,,,
Govindpuram,950.0,2975000.0,INR,,1,0,It’s a 3 bhk villa situated in Govindpuram. It is a semi-furnished property. Its main door is facing northeast direction. It is made in way to provide a comfortable living. Please contact us for more details. ,1,northeast,0,0,0,0,0,0,0,0,0,0,0,0,,,,,,,,,,,,,,,,,
Chipiyana Buzurg,850.0,3800000.0,INR,1.0,1,0,"It’s a 2 bhk villa situated in Chipiyana Buzurg, Ghaziabad. The house is semi-furnished. Its main door is facing east direction. It is made in way to provide a comfortable living for the residents. It is situated in the proximity of all the important facilities. Contact us for more details. ",1,east,0,5,0,0,0,0,0,0,0,0,0,0,,,,,,,,,,,,,,,,,
Raj Nagar Extension,5000.0,10000000.0,INR,,1,0,"It’s a 4 bhk villa situated in Ascent Laxmi Villas, Raj Nagar Extension. It has an area of 5000 sqft with a carpet area of 2500 sqft . The property is available at a price of Rs. 1.00 cr . It is northeast facing property. This residential complex is under-construction as of now. The expected completion date is 31/03/2027. The time you'll spend here will become the greatest moment of your life that will also help you to relieve, relax & evoke a great sense of happiness. It is situated in the proximity of all the important facilities. Kindly call us for details. ",1,northeast,0,0,1,0,1,1,1,1,1,0,0,1,,,,14.0,1.0,,,,,,,,,,,,
Raj Nagar Extension,3500.0,9900000.0,INR,,1,0,"A 4 bhk property is available for sale in Ascent Laxmi Villas, Raj Nagar Extension, Ghaziabad. It has an area of 3500 sqft with a carpet area of 3000 sqft . The property is available at a price of Rs. 99.00 lac . The house is semi-furnished. It is made in way to provide a comfortable living. If you are interested, please contact us for more details. ",1,,0,0,0,0,0,0,0,0,0,0,0,0,,,,14.0,,,,,,,,,,,,,
Raj Nagar Extension,2500.0,9900000.0,INR,,1,0,"A 4 bhk property is available for sale in Ascent Laxmi Villas, Raj Nagar Extension, Ghaziabad. It has an area of 2500 sqft with a carpet area of 2200 sqft . The property is available at a price of Rs. 99.00 lac . The house is unfurnished. It is an under-construction property and is expected to get completed by 31/03/2027. The time you'll spend here will become the greatest moment of your life that will also help you to relieve, relax & evoke a great sense of happiness. It is well connected to the city areas. Please contact for more details. ",1,,0,0,0,0,0,0,0,0,0,0,0,0,,,,14.0,,,,,,,,,,,,,
Govindpuram,1200.0,4111111.0,INR,,1,0,"A spacious 3 bhk villa is available for sale in Govindpuram, Ghaziabad. It has a built-up area of 1200 sqft and is priced at Rs. 41.11 lac . It is east facing property. This residential property is ready-to-move-in. The time you'll spend here will become the greatest moment of your life that will also help you to relieve, relax & evoke a great sense of happiness. It is situated in the proximity of all the important facilities. If you are interested, please contact us for more details. ",1,east,1,0,0,0,0,0,0,0,0,0,0,0,,,,,,,,,,,,,,,,,
Govindpuram,1200.0,4111000.0,INR,,1,0,"The house is semi-furnished. Its main door is facing northwest direction. It is a ready-to-move-in property. The time you'll spend here will become the greatest moment of your life that will also help you to relieve, relax & evoke a great sense of happiness. It is well connected to the city areas. ",1,northwest,0,0,0,0,0,0,0,0,0,0,0,0,,,,,,,,,,,,,,,,,
Govindpuram,1250.0,4100000.0,INR,,1,0,It’s a 3 bhk villa situated in Govindpuram. It has an area of 1250 sqft with a carpet area of 800 sqft . The property is available at a price of Rs. 41.00 lac . The house is semi-furnished. It is a ready-to-move-in property. It is made in way to provide a comfortable living. The site is in close proximity to various civic utilities. ,1,northwest,0,0,0,0,0,0,0,0,0,0,0,0,,,,,,,,,,,,,,,,,
Govindpuram,1200.0,4211000.0,INR,,1,0,"This spacious 3 bhk villa is available for sale and is located in the heart of Govindpuram. It has an area of 1200 sqft with a carpet area of 760 sqft . The property is available at a price of Rs. 42.11 lac . The house is furnished. Its main door is facing northeast direction. It is a ready-to-move-in property. The time you'll spend here will become the greatest moment of your life that will also help you to relieve, relax & evoke a great sense of happiness. It is well connected to the city areas. Please contact for more details. ",1,northeast,1,0,0,0,0,0,0,0,0,0,0,0,,,,,,,,,,,,,,,,,
Govindpuram,1250.0,4242000.0,INR,,1,0,"It’s a 3 bhk villa situated in Govindpuram, Ghaziabad. It has a salable area of 1250 sqft and is available at a price of Rs. 3,393 per sqft. The house is semi-furnished. It is northeast facing property. It is a ready-to-move-in property. It is made in way to provide a comfortable living. It is situated in the proximity of all the important facilities. Contact us for more details. ",1,northeast,0,0,0,0,0,0,0,0,0,0,0,0,,,,,,,,,,,,,,,,,
Govindpuram,1250.0,4210000.0,INR,,1,0,It’s a 3 bhk villa situated in Govindpuram. It has a built-up area of 1250 sqft and is priced at Rs. 42.10 lac . The house is semi-furnished. Its main door is facing northeast direction. It is a ready-to-move-in property. It is situated in the proximity of all the important facilities. Contact us for more details. ,1,northeast,0,0,0,0,0,0,0,0,0,0,0,0,,,,,,,,,,,,,,,,,
Govindpuram,1400.0,4600000.0,INR,,1,0,"This spacious 4 bhk villa is available for sale and is located in the heart of Govindpuram. It has an area of 1400 sqft with a carpet area of 1350 sqft . The property is available at a price of Rs. 46.00 lac . The house is semi-furnished. Its main door is facing northeast direction. This residential property is ready-to-move-in. The time you'll spend here will become the greatest moment of your life that will also help you to relieve, relax & evoke a great sense of happiness. The society is well connected by different modes of transportation. If you are interested, please contact us for more details. ",1,northeast,0,0,0,0,0,0,0,0,0,0,0,0,,,,,,,,,,,,,,,,,
Govindpuram,1500.0,4800000.0,INR,,1,0,This spacious 3 bhk villa is available for sale and is located in the heart of Govindpuram. It has an area of 1500 sqft with a carpet area of 1400 sqft . The property is available at a price of Rs. 48.00 lac . The house is semi-furnished. It is facing northwest direction. This residential property is ready-to-move-in. It is made in way to provide a comfortable living. Please contact for more details. ,1,northwest,0,0,0,0,0,0,0,0,0,0,0,0,,,,,,,,,,,,,,,,,
Govindpuram,675.0,2150000.0,INR,,1,0,"It’s a 2 bhk villa situated in Govindpuram, Ghaziabad. It is a semi-furnished property. It is northwest facing property. It is made in way to provide a comfortable living for the residents. It is situated in the proximity of all the important facilities. Please contact us for more details. ",1,northwest,0,0,0,0,0,0,0,0,0,0,0,0,,,,,,,,,,,,,,,,,
Govindpuram,1450.0,4400000.0,INR,,1,0,"It’s a 3 bhk villa situated in Govindpuram, Ghaziabad. Its main door is facing east direction. It is a ready-to-move-in property. The time you'll spend here will become the greatest moment of your life that will also help you to relieve, relax & evoke a great sense of happiness. The site is in close proximity to various civic utilities. ",1,east,0,0,0,0,0,0,0,0,0,0,0,0,,,,,,,,,,,,,,,,,
Govindpuram,1250.0,4390000.0,INR,,1,0,"It’s a 3 bhk villa situated in Govindpuram. It has a salable area of 1250 sqft and is available at a price of Rs. 3,512 per sqft. The house is semi-furnished. It is facing northeast direction. It is a ready-to-move-in property. It is made in way to provide a comfortable living for the residents. It is well connected to the city areas. If you are interested, please contact us for more details. ",1,northeast,0,0,0,0,0,0,0,0,0,0,0,0,,,,,,,,,,,,,,,,,
Govindpuram,855.0,2751000.0,INR,,1,0,"A 2 bhk property is available for sale in Govindpuram, Ghaziabad. It has a salable area of 855 sqft and is available at a price of Rs. 3,217 per sqft. The house is semi-furnished. It is southeast facing property. This residential property is ready-to-move-in. The time you'll spend here will become the greatest moment of your life that will also help you to relieve, relax & evoke a great sense of happiness. It is well connected to the city areas. If you are interested, please contact us for more details. ",1,southeast,0,0,0,0,0,0,0,0,0,0,0,0,,,,,,,,,,,,,,,,,
Govindpuram,670.0,2155000.0,INR,,1,0,"A spacious 2 bhk villa is available for sale in Govindpuram, Ghaziabad. The house is semi-furnished. It is facing northeast direction. It is a ready-to-move-in property. The time you'll spend here will become the greatest moment of your life that will also help you to relieve, relax & evoke a great sense of happiness. ",1,northeast,0,0,0,0,0,0,0,0,0,0,0,0,,,,,,,,,,,,,,,,,
sanjay nagar,776.0,2346000.0,INR,,1,0,"It’s a 2 bhk villa situated in sanjay nagar. It has an area of 776 sqft with a carpet area of 675 sqft . The property is available at a price of Rs. 23.46 lac . The house is semi-furnished. It is northeast facing property. The site is in close proximity to various civic utilities. If you are interested, please contact us for more details. ",1,northeast,0,0,0,0,0,0,0,0,0,0,0,0,,,,,,,,,,,,,,,,,
Govindpuram,665.0,2560000.0,INR,,1,0,It has a built-up area of 665 sqft and is priced at Rs. 25.60 lac . It is a semi-furnished property. It is northeast facing property. This residential property is ready-to-move-in. The society is well connected by different modes of transportation. ,1,northeast,0,0,0,0,0,0,0,0,0,0,0,0,,,,,,,,,,,,,,,,,
Govindpuram,1350.0,2720000.0,INR,,1,0,"It has a salable area of 1350 sqft and is available at a price of Rs. 2,014 per sqft. Its main door is facing northeast direction. This residential property is ready-to-move-in. It is made in way to provide a comfortable living. It is well connected to the city areas. Please contact for more details. ",1,northeast,0,0,0,0,0,0,0,0,0,0,0,0,,,,,,,,,,,,,,,,,
Govindpuram,685.0,2352000.0,INR,,1,0,Well designed 2 bhk villa is available at a prime location in Govindpuram. It has a built-up area of 685 sqft and is priced at Rs. 23.52 lac . The house is semi-furnished. Its main door is facing northeast direction. It is a ready-to-move-in property. The society is well connected by different modes of transportation. ,1,northeast,0,0,0,0,0,0,0,0,0,0,0,0,,,,,,,,,,,,,,,,,
Govindpuram,1000.0,3299000.0,INR,,1,0,"It is a semi-furnished property. It is facing northeast direction. The time you'll spend here will become the greatest moment of your life that will also help you to relieve, relax & evoke a great sense of happiness. The society is well connected by different modes of transportation. Please contact for more details. ",1,northeast,0,0,0,0,0,0,0,0,0,0,0,0,,,,,,,,,,,,,,,,,
Govindpuram,1600.0,4851000.0,INR,,1,0,"It’s a 4 bhk villa situated in Govindpuram, Ghaziabad. It has a built-up area of 1600 sqft and is priced at Rs. 48.51 lac . It is a semi-furnished property. Its main door is facing northeast direction. It is a ready-to-move-in property. It is made in way to provide a comfortable living. The site is in close proximity to various civic utilities. Contact us for more details. ",1,northeast,0,0,0,0,0,0,0,0,0,0,0,0,,,,,,,,,,,,,,,,,
Govindpuram,1600.0,4800000.0,INR,,1,0,"It has a salable area of 1600 sqft and is available at a price of Rs. 3,000 per sqft. The house is semi-furnished. It is facing west direction. It is a ready-to-move-in property. The time you'll spend here will become the greatest moment of your life that will also help you to relieve, relax & evoke a great sense of happiness. Please contact us for more details. ",1,west,0,0,0,0,0,0,0,0,0,0,0,0,,,,,,,,,,,,,,,,,
Govindpuram,1280.0,4231000.0,INR,,1,0,"It has a salable area of 1280 sqft and is available at a price of Rs. 3,305 per sqft. It is facing northeast direction. This residential property is ready-to-move-in. The time you'll spend here will become the greatest moment of your life that will also help you to relieve, relax & evoke a great sense of happiness. It is well connected to the city areas. Please contact for more details. ",1,northeast,0,0,0,0,0,0,0,0,0,0,0,0,,,,,,,,,,,,,,,,,
Govindpuram,1280.0,4175000.0,INR,,1,0,"A spacious 3 bhk villa is available for sale in Govindpuram, Ghaziabad. It has a built-up area of 1280 sqft and is priced at Rs. 41.75 lac . It is a semi-furnished property. It is west facing property. This residential property is ready-to-move-in. It is made in way to provide a comfortable living for the residents. The site is in close proximity to various civic utilities. Kindly call us for details. ",1,west,0,0,0,0,0,0,0,0,0,0,0,0,,,,,,,,,,,,,,,,,
Govindpuram,1600.0,4850000.0,INR,,1,0,"A 3 bhk property is available for sale in Govindpuram, Ghaziabad. It has a salable area of 1600 sqft and is available at a price of Rs. 3,031 per sqft. It is a semi-furnished property. This residential property is ready-to-move-in. It is made in way to provide a comfortable living for the residents. The society is well connected by different modes of transportation. If you are interested, please contact us for more details. ",1,,0,0,0,0,0,0,0,0,0,0,0,0,,,,,,,,,,,,,,,,,
Chhapraula,1120.0,6510000.0,INR,,1,0,"It’s a 3 bhk villa situated in Prithvi Associates Noida Greens, Chhapraula. It has a built-up area of 1120 sqft and is priced at Rs. 65.10 lac . The house is semi-furnished. It is made in way to provide a comfortable living. It is well connected to the city areas. Contact us for more details. ",1,,0,0,0,0,0,0,0,0,0,0,0,0,1.0,,,,,,,,,,,,,,,,
Raj Nagar Extension,2875.0,18000016.0,INR,0.0,1,0,"It’s a 4 bhk villa situated in Raj Nagar Extension, Ghaziabad. It has a built-up area of 2875 sqft and is priced at Rs. 1.80 cr . It is an unfurnished property. This residential complex is under-construction as of now. . It is made in way to provide a comfortable living for the residents. It is well connected to the city areas. Kindly call us for details. ",1,,0,0,1,0,0,0,0,0,0,0,0,0,,,,,,,,,,,,,,,,,
Chhapraula,891.0,3500000.0,INR,,1,0,"A 3 bhk property is available for sale in Prithvi Associates Noida Greens, Chhapraula, Ghaziabad. It has a salable area of 891 sqft and is available at a price of Rs. 3,928 per sqft. It is a semi-furnished property. It is northwest facing property. It is made in way to provide a comfortable living. Please contact for more details. ",1,northwest,0,0,0,0,0,0,1,0,0,0,0,0,1.0,,,,,,,,,,,,,,,,
Chhapraula,1230.0,7026000.0,INR,,1,0,"A 3 bhk property is available for sale in Prithvi Associates Noida Greens, Chhapraula, Ghaziabad. It has a salable area of 1230 sqft and is available at a price of Rs. 5,712 per sqft. It is a semi-furnished property. It is northeast facing property. It is a ready-to-move-in property. The time you'll spend here will become the greatest moment of your life that will also help you to relieve, relax & evoke a great sense of happiness. The society is well connected by different modes of transportation. Kindly call us for details. ",1,northeast,0,0,0,0,0,0,0,0,0,0,0,0,1.0,,,,1.0,,,,,,,,,,,,
Raj Nagar Extension,2875.0,18600001.0,INR,0.0,1,0,"A 4 bhk property is available for sale in Raj Nagar Extension, Ghaziabad. It has a built-up area of 2875 sqft and is priced at Rs. 1.86 cr . The house is unfurnished. Its main door is facing northeast direction. This residential complex is under-construction as of now. . It is situated in the proximity of all the important facilities. Contact us for more details. ",1,northeast,0,0,0,0,0,0,0,0,0,0,0,0,,,,,,,,,,,,,,,,,
Raj Nagar Extension,2875.0,18500000.0,INR,0.0,1,0,"It’s a 4 bhk villa situated in Raj Nagar Extension. It has a salable area of 2875 sqft and is available at a price of Rs. 6,434 per sqft. It is an under-construction property . The time you'll spend here will become the greatest moment of your life that will also help you to relieve, relax & evoke a great sense of happiness. It is situated in the proximity of all the important facilities. Please contact for more details. ",1,,0,0,0,0,0,0,0,0,0,0,0,0,,,,,,,,,,,,,,,,,
Chhapraula,534.0,1990000.0,INR,,1,0,"Well designed 2 bhk villa is available at a prime location in Prithvi Associates Noida Greens. It has a salable area of 534 sqft and is available at a price of Rs. 3,726 per sqft. The house is semi-furnished. It is a ready-to-move-in property. The time you'll spend here will become the greatest moment of your life that will also help you to relieve, relax & evoke a great sense of happiness. The society is well connected by different modes of transportation. Contact us for more details. ",1,,0,0,0,0,0,0,0,0,0,0,0,0,1.0,,,,,,,,,,,,,,,,
Chhapraula,520.0,2560000.0,INR,,1,0,"It’s a 2 bhk villa situated in Prithvi Associates Noida Greens, Chhapraula, Ghaziabad. It has a built-up area of 520 sqft and is priced at Rs. 25.60 lac . The house is semi-furnished. It has 1 refrigerator, 1 sofa, 1 washing machine and 1 dining table. It also has 1 gas connection and 1 ac. Its main door is facing south direction. This residential property is ready-to-move-in. The time you'll spend here will become the greatest moment of your life that will also help you to relieve, relax & evoke a great sense of happiness. It is situated in the proximity of all the important facilities. Please contact us for more details. ",1,south,0,0,0,0,1,0,0,0,0,0,0,1,1.0,,,,,,,,,,,,,,,,
Chhapraula,450.0,2020000.0,INR,,1,0,"It has a salable area of 450 sqft and is available at a price of Rs. 4,488 per sqft. It is a semi-furnished property. It has 1 refrigerator, 1 sofa, 1 washing machine and 1 microwave. It also has 1 dining table and 1 gas connection. Its main door is facing west direction. It is a ready-to-move-in property. It is made in way to provide a comfortable living for the residents. It is situated in the proximity of all the important facilities. If you are interested, please contact us for more details. ",1,west,0,0,0,0,1,0,0,0,0,0,0,1,1.0,,,,,,,,,,,,,,,,
Chhapraula,440.0,2000000.0,INR,,1,0,"A spacious 2 bhk villa is available for sale in Prithvi Associates Noida Greens, Chhapraula, Ghaziabad. It has a salable area of 440 sqft and is available at a price of Rs. 4,545 per sqft. The house is semi-furnished. Furnishings include 1 refrigerator, 1 sofa, 1 washing machine, 1 microwave, 1 dining table, 1 gas connection and 1 ac. Its main door is facing south direction. This residential property is ready-to-move-in. The society is well connected by different modes of transportation. Please contact for more details. ",1,south,0,0,0,0,1,0,0,0,0,0,0,1,1.0,,,,,,,,,,,,,,,,
Chhapraula,445.0,1950000.0,INR,,1,0,"It’s a 2 bhk villa situated in Prithvi Associates Noida Greens, Chhapraula, Ghaziabad. It is a semi-furnished property. It has 1 tv, 1 sofa, 1 washing machine and 1 gas connection. It also has 1 ac. This residential property is ready-to-move-in. The time you'll spend here will become the greatest moment of your life that will also help you to relieve, relax & evoke a great sense of happiness. ",1,south,0,0,0,0,1,0,0,0,0,0,0,1,1.0,,,,,,,,,,,,,,,,
Chhapraula,446.0,1970000.0,INR,,1,0,"A 2 bhk property is available for sale in Prithvi Associates Noida Greens, Chhapraula, Ghaziabad. It has an area of 446 sqft with a carpet area of 400 sqft . The property is available at a price of Rs. 19.70 lac . It has 1 refrigerator, 1 sofa, 1 microwave and 1 dining table. It also has 1 gas connection and 1 ac. It is a ready-to-move-in property. It is made in way to provide a comfortable living. It is well connected to the city areas. Please contact us for more details. ",1,northeast,0,0,0,0,1,0,0,0,0,0,0,1,1.0,,,,1.0,,,,,,,,,,,,
Chhapraula,436.0,1820000.0,INR,,1,0,"It is a semi-furnished property. Furnishings include 1 tv, 1 sofa, 1 microwave, 1 dining table and 1 bed. Its main door is facing northeast direction. It is a ready-to-move-in property. The time you'll spend here will become the greatest moment of your life that will also help you to relieve, relax & evoke a great sense of happiness. The society is well connected by different modes of transportation. Kindly call us for details. ",1,northeast,0,0,1,0,1,0,0,0,0,0,0,1,1.0,,,,,,,,,,,,,,,,
Ghukna,2200.0,20000000.0,INR,,1,0,"It is a semi-furnished property. It is northeast facing property. It is an under-construction property and is expected to get completed by 31/12/2023. The time you'll spend here will become the greatest moment of your life that will also help you to relieve, relax & evoke a great sense of happiness. Kindly call us for details. ",1,northeast,0,0,1,0,1,1,1,1,1,0,0,1,,,,,1.0,,,,,,,,,,,,
Ghukna,2000.0,19000000.0,INR,,1,0,"A 4 bhk property is available for sale in ASM Management Consultants Palm Drive, Ghukna, Ghaziabad. It has an area of 2000 sqft with a carpet area of 1900 sqft . The property is available at a price of Rs. 1.90 cr . The house is furnished. It is northeast facing property. It is a ready-to-move-in property. It is made in way to provide a comfortable living for the residents. It is situated in the proximity of all the important facilities. Please contact us for more details. ",1,northeast,1,0,1,0,1,1,1,1,1,0,0,1,,,,,1.0,,,,,,,,,,,,
Lal Kuan,1100.0,3500000.0,INR,1.0,1,0,"A spacious 3 bhk villa is available for sale in Property Vision Promotors And Developers Mansarovar Park Lalkua, Lal Kuan, Ghaziabad. It has a salable area of 1100 sqft and is available at a price of Rs. 3,181 per sqft. It is an unfurnished property. This residential property is ready-to-move-in. It is made in way to provide a comfortable living. It is well connected to the city areas. Please contact us for more details. ",1,,0,4,0,0,0,0,0,0,0,0,0,0,,7.4,,123.0,,,,,,,,,,,,,
Chhapraula,1025.0,5890000.0,INR,,1,0,It has a built-up area of 1025 sqft and is priced at Rs. 58.90 lac . The house is semi-furnished. It is facing northeast direction. This residential property is ready-to-move-in. It is made in way to provide a comfortable living. It is well connected to the city areas. Please contact us for more details. ,1,northeast,0,0,0,0,0,0,0,0,0,0,0,0,1.0,,,,1.0,,,,,,,,,,,,
Raj Nagar Extension,2700.0,15000000.0,INR,0.0,1,0,"Looking for a good 4 BHK Villa in Raj Nagar Extension, Ghaziabad? This property is in one of Ghaziabad's most popular locations. This Villa is available for Rs 1.5 Cr. This modern unit has a built-up area of 2700 Square feet. There are 4 bedrooms and 4 bathroom. It is very close to some of city's best hospitals, such as, Vardan Netra Chikitsalaya, Apex Healthcare And Research Centre, and Metropolis Path Lab. Established schools, such as Little Steps Play School, SILVER PEARL PLAY SCHOOL - RAJ NAGAR, and Paramount Kidzone are also close-by",1,,0,0,0,0,0,0,0,0,0,0,0,1,,,,,,,,,,,,,,,,,
Niti Khand,1300.0,25000000.0,INR,1.0,0,0,"This spacious 3 bhk villa is available for sale and is located in the heart of Niti Khand. It has a salable area of 1300 sqft and is available at a price of Rs. 19,230 per sqft. It is facing east direction. It is a ready-to-move-in property. It is situated in the proximity of all the important facilities. Contact us for more details. ",1,east,0,0,1,0,0,0,1,1,1,0,0,0,,9.3,,,1.0,,,,,,,,,,,,
Shakti Khand,1500.0,20500000.0,INR,1.0,1,0,It has an area of 1500 sqft . The property is available at a price of Rs. 2.05 cr . It is a semi-furnished property. It is facing northeast direction. It is made in way to provide a comfortable living. Contact us for more details. ,1,northeast,0,0,1,0,0,0,1,0,0,0,0,0,,9.3,,,,,,,,,,,,,,,
Raj Nagar Extension,2875.0,18000090.0,INR,0.0,1,0,It has an area of 2875 sqft . The property is available at a price of Rs. 1.80 cr . The house is unfurnished. It is an under-construction property . It is made in way to provide a comfortable living for the residents. The society is well connected by different modes of transportation. ,1,northeast,0,0,1,0,1,1,1,1,1,0,0,1,,,,,1.0,,,,,,,,,,,,
Vaishali,1700.0,16200000.0,INR,1.0,0,0,Well designed 3 bhk villa is available at a prime location in Vaishali. It has a built-up area of 1700 sqft and is priced at Rs. 1.62 cr . It is a semi-furnished property. It is made in way to provide a comfortable living for the residents. It is situated in the proximity of all the important facilities. Contact us for more details. ,1,northeast,0,0,1,0,1,0,1,0,1,0,0,0,,,,,,,,,,,,,,,,,
Raj Nagar Extension,3450.0,18750000.0,INR,0.0,1,0,"A spacious 4 bhk villa is available for sale in Sangwan Group Heights, Raj Nagar Extension, Ghaziabad. It has an area of 3450 sqft . The property is available at a price of Rs. 1.88 cr . The house is unfurnished. It is northeast facing property. This residential complex is under-construction as of now. . The time you'll spend here will become the greatest moment of your life that will also help you to relieve, relax & evoke a great sense of happiness. Please contact us for more details. ",1,northeast,0,0,1,1,1,1,1,1,1,1,1,1,,,7.7,2022.0,1.0,1.0,1.0,1.0,1.0,,1.0,,,,,,
Raj Nagar Extension,3450.0,18750009.0,INR,0.0,1,0,This spacious 4 bhk villa is available for sale and is located in the heart of Raj Nagar Extension. It is an unfurnished property. It has power backup as well as gymnasium. The project also has lift available and club house. Its main door is facing northeast direction. It is an under-construction property . It is made in way to provide a comfortable living. The site is in close proximity to various civic utilities. ,1,northeast,0,0,1,0,1,1,1,0,1,0,0,1,,,,,1.0,,,,,,,,,,,,
Vaishali,1700.0,16000000.0,INR,1.0,0,0,This spacious 3 bhk villa is available for sale and is located in the heart of Vaishali. It is a semi-furnished property. Its main door is facing northeast direction. It is a ready-to-move-in property. It is made in way to provide a comfortable living for the residents. It is situated in the proximity of all the important facilities. Contact us for more details. ,1,northeast,0,0,1,0,1,0,1,0,1,0,0,0,,,,,,,,,,,,,,,,,
Gyan Khand,960.0,14000000.0,INR,1.0,0,0,"A spacious 3 bhk villa is available for sale in Gyan Khand 3, Gyan Khand, Ghaziabad. It has an area of 960 sqft . The property is available at a price of Rs. 1.40 cr . It is a semi-furnished property. Its main door is facing southwest direction. It is a ready-to-move-in property. It is made in way to provide a comfortable living. It is situated in the proximity of all the important facilities. Kindly call us for details. ",1,southwest,0,0,0,0,0,0,1,0,0,0,0,0,,9.5,,2022.0,,,,,,,,,,,,,
Vaishali,1800.0,16200000.0,INR,1.0,0,0,"It’s a 3 bhk villa situated in Vaishali, Ghaziabad. It has an area of 1800 sqft . The property is available at a price of Rs. 1.62 cr . It is a semi-furnished property. It is northeast facing property. It is a ready-to-move-in property. The time you'll spend here will become the greatest moment of your life that will also help you to relieve, relax & evoke a great sense of happiness. The site is in close proximity to various civic utilities. If you are interested, please contact us for more details. ",1,northeast,0,0,1,0,1,0,1,0,1,0,0,0,,,,,,,,,,,,,,,,,
Raj Nagar Extension,2875.0,18000065.0,INR,0.0,1,0,"It has an area of 2875 sqft . The property is available at a price of Rs. 1.80 cr . The house is unfurnished. It is an under-construction property . It is made in way to provide a comfortable living for the residents. It is well connected to the city areas. If you are interested, please contact us for more details. ",1,northeast,0,0,1,0,1,1,1,1,1,0,0,1,,,,,1.0,,,,,,,,,,,,
Raj Nagar Extension,2875.0,18400050.0,INR,0.0,1,0,"A 4 bhk property is available for sale in Raj Nagar Extension, Ghaziabad. The house is unfurnished. It is facing northeast direction. This residential complex is under-construction as of now. . It is made in way to provide a comfortable living for the residents. It is situated in the proximity of all the important facilities. Kindly call us for details. ",1,northeast,0,0,1,0,1,1,1,1,1,0,0,1,,,,,1.0,,,,,,,,,,,,
Raj Nagar Extension,2875.0,17402500.0,INR,0.0,1,0,"A spacious 4 bhk villa is available for sale in Raj Nagar Extension, Ghaziabad. It has an area of 2875 sqft . The property is available at a price of Rs. 1.74 cr . The house is unfurnished. This residential complex is under-construction as of now. . The time you'll spend here will become the greatest moment of your life that will also help you to relieve, relax & evoke a great sense of happiness. The site is in close proximity to various civic utilities. If you are interested, please contact us for more details. ",1,,0,0,0,0,0,0,0,0,0,0,0,0,,,,,,,,,,,,,,,,,
Raj Nagar Extension,2875.0,17400015.0,INR,0.0,1,0,It has a built-up area of 2875 sqft and is priced at Rs. 1.74 cr . It is an unfurnished property. It is an under-construction property . It is made in way to provide a comfortable living for the residents. It is well connected to the city areas. Please contact us for more details. ,1,,0,0,0,0,0,0,0,0,0,0,0,0,,,,,,,,,,,,,,,,,
Raj Nagar Extension,2470.0,17500000.0,INR,0.0,1,0,"4 BHK Villa for sale in Ghukna, Ghaziabad - contact now, for details about the most coveted property. This 4 BHK unit is available in Ghukna and offers a premium lifestyle at the best price. It is a desired purchase for any homebuyer in Ghukna. The price of this Villa is Rs 1.75 Cr. The built-up area is 2470 Square feet. This spacious property has provision for a servant room. There are 4 bedrooms and 2 bathroom. The property is North-East-facing. This building is equipped with lift. It is a thoroughly secure premise with cctv facility. Other facilities include provisions for Sports Facility, Swimming Pool. This property is at a walking distance from Vardan Netra Chikitsalaya, Lifecell Multi Speciality Centre, and Geetanjali Dental Clinic. The city's best schools such as The American School, Ghaziabad, Makoons Pre-School, and Nav Gyan Jyoti Public School are near your residential property",1,northeast,0,0,1,0,0,0,0,1,1,0,0,0,,,,,,,,,,,,,,,,,
Raj Nagar Extension,3800.0,21501000.0,INR,0.0,1,0,"It’s a 4 bhk villa situated in Raj Nagar Extension, Ghaziabad. It is an unfurnished property. This residential complex is under-construction as of now. . The time you'll spend here will become the greatest moment of your life that will also help you to relieve, relax & evoke a great sense of happiness. The society is well connected by different modes of transportation. Please contact us for more details. ",1,,0,0,0,0,0,0,0,0,0,0,0,0,,,,,,,,,,,,,,,,,
Dasna,1693.0,14700000.0,INR,1.0,1,0,"Best 5 BHK Villa for modern-day lifestyle is now available for sale. Grab this 5 BHK property for sale in one of Ghaziabad's top location, Wave City. The built-up area is 1693 Square feet. There are 5 bedrooms and 4 bathroom. It is an ideal location for young families with kids, as this property is close to ST XAVIERS HIGH SCHOOL, Primary School, Mehrauli Village, Ghaziabad, and Prathmik IVidhyalaya. Healthcare facility is also close at hand with Columbia Asia Hospital - Ghaziabad, Ayurvedic treatment for Piles, Fissure, Fistula in Ghaziabad, India, and Komal Sharma Hospital nearby",1,,0,2,0,0,0,0,0,0,0,0,0,0,,7.2,,2022.0,,,,,,,,,,,,,
Chhapraula,1488.0,4600000.0,INR,1.0,1,0,"A spacious 3 bhk villa is available for sale in Chhapraula, Ghaziabad. It has a built-up area of 1488 sqft and is priced at Rs. 46.00 lac . The house is semi-furnished. Its main door is facing east direction. This residential property is ready-to-move-in. It is made in way to provide a comfortable living for the residents. The site is in close proximity to various civic utilities. Contact us for more details. ",1,east,0,0,0,0,1,1,0,0,0,0,0,0,,,,,,,,,,,,,,,,,
Chhapraula,1485.0,4550000.0,INR,1.0,1,0,"It’s a 3 bhk villa situated in Sri Sai Hertage, Chhapraula. It has a built-up area of 1485 sqft and is priced at Rs. 45.50 lac . The house is semi-furnished. It is east facing property. It is a 2 year old ready-to-move-in property. It is made in way to provide a comfortable living for the residents. The society is well connected by different modes of transportation. If you are interested, please contact us for more details. ",1,east,0,2,0,0,1,1,0,0,0,0,0,0,,,,2022.0,,,,,,,,,,,,,
Raj Nagar Extension,1480.0,4570000.0,INR,1.0,1,0,"A spacious 3 bhk villa is available for sale in Raj Nagar Extension, Ghaziabad. It has an area of 1480 sqft . The property is available at a price of Rs. 45.70 lac . The house is semi-furnished. Its main door is facing east direction. This residential property is ready-to-move-in. It is made in way to provide a comfortable living. It is well connected to the city areas. Please contact us for more details. ",1,east,0,0,0,0,1,1,0,0,0,0,0,0,,,,,,,,,,,,,,,,,
Raj Nagar Extension,1489.0,4600000.0,INR,1.0,1,0,"A spacious 3 bhk villa is available for sale in Raj Nagar Extension, Ghaziabad. It has a salable area of 1489 sqft and is available at a price of Rs. 3,089 per sqft. The house is semi-furnished. This residential property is ready-to-move-in. It is made in way to provide a comfortable living. It is well connected to the city areas. Contact us for more details. ",1,east,0,0,0,0,1,1,0,0,0,0,0,0,,,,,,,,,,,,,,,,,
Chhapraula,1600.0,3800000.0,INR,,1,0,"A 3 bhk property is available for sale in Shri Sai Heritage, Chhapraula, Ghaziabad. It has a built-up area of 1600 sqft and is priced at Rs. 38.00 lac . The house is furnished. Furnishings include 1 tv, 1 refrigerator, 1 sofa, 1 sofa, 1 washing machine, 1 microwave, 1 dining table, 1 gas connection, 1 ac and 1 bed. It is facing northeast direction. It is made in way to provide a comfortable living. It is well connected to the city areas. Contact us for more details. ",1,northeast,1,2,1,0,1,1,1,1,1,0,0,1,,,,2022.0,1.0,,,,,,,,,,,,
Lal Kuan,1477.0,4500000.0,INR,1.0,1,0,"Well designed 3 bhk villa is available at a prime location in Lal Kuan. It has a built-up area of 1477 sqft and is priced at Rs. 45.00 lac . It is a semi-furnished property. Its main door is facing east direction. This residential property is ready-to-move-in. It is made in way to provide a comfortable living. It is well connected to the city areas. If you are interested, please contact us for more details. ",1,east,0,0,0,0,1,1,0,0,0,0,0,0,,7.4,,,,,,,,,,,,,,,
Dasna,2200.0,2800000.0,INR,,1,0,"Well designed 3 bhk villa is available at a prime location in Uppal Chadha Hi Tech Developers Armonia Villas. It has an area of 2200 sqft with a carpet area of 1675 sqft . The property is available at a price of Rs. 28.00 lac . It is a furnished property. It is a ready-to-move-in property. The time you'll spend here will become the greatest moment of your life that will also help you to relieve, relax & evoke a great sense of happiness. The society is well connected by different modes of transportation. Contact us for more details. ",1,northeast,1,0,1,1,1,1,1,1,1,1,0,1,,7.2,,2022.0,1.0,1.0,1.0,,,,,,,,,,
Dasna,1693.0,14400000.0,INR,1.0,1,0,It has an area of 1693 sqft . The property is available at a price of Rs. 1.44 cr . This residential property is ready-to-move-in. It is made in way to provide a comfortable living. It is well connected to the city areas. Kindly call us for details. ,1,,0,8,0,0,0,0,0,1,0,0,0,1,,7.2,,59.0,,,,,1.0,,,,,,,,
Kavi Nagar,4125.0,35000000.0,INR,1.0,0,0,"It has an area of 4125 sqft . The property is available at a price of Rs. 3.50 cr . It is northeast facing property. It is a ready-to-move-in property. It is made in way to provide a comfortable living for the residents. It is well connected to the city areas. If you are interested, please contact us for more details. ",1,northeast,0,0,0,0,1,1,0,1,1,0,0,1,,,,,,,,,,,,,,,,,
Kavi Nagar,8000.0,80000000.0,INR,1.0,0,0,"A 7 bhk property is available for sale in Kavi Nagar, Ghaziabad. It has a salable area of 8000 sqft and is available at a price of Rs. 10,000 per sqft. The house is semi-furnished. It is a ready-to-move-in property. It is situated in the proximity of all the important facilities. Please contact us for more details. ",1,,0,0,0,0,0,0,0,0,0,0,0,0,,,,,,,,,,,,,,,,,
Govindpuram,3000.0,18000000.0,INR,,0,0,This spacious 3 bhk villa is available for sale and is located in the heart of Govindpuram. It has an area of 3000 sqft with a carpet area of 2500 sqft . The property is available at a price of Rs. 1.80 cr . This residential complex is under-construction as of now. . It is made in way to provide a comfortable living for the residents. Contact us for more details. ,1,,0,0,0,0,0,0,0,0,0,0,0,0,,,,,,,,,,,,,,,,,
Raj Nagar,540.0,2500000.0,INR,,1,0,"A spacious 2 bhk villa is available for sale in Raj Nagar, Ghaziabad. It has a salable area of 540 sqft and is available at a price of Rs. 4,629 per sqft. The house is semi-furnished. Its main door is facing northeast direction. It is a ready-to-move-in property. It is made in way to provide a comfortable living. It is situated in the proximity of all the important facilities. Contact us for more details. ",1,northeast,0,0,0,0,0,0,0,0,0,0,0,0,,,,,,,,,,,,,,,,,
Chipiyana Buzurg,720.0,2800000.0,INR,,1,0,"It’s a 2 bhk villa situated in Chipiyana Buzurg, Ghaziabad. It has a salable area of 720 sqft and is available at a price of Rs. 3,888 per sqft. It is a semi-furnished property. It is east facing property. It is a 6 year old ready-to-move-in property. The time you'll spend here will become the greatest moment of your life that will also help you to relieve, relax & evoke a great sense of happiness. If you are interested, please contact us for more details. ",1,east,0,5,0,0,1,0,0,0,0,0,0,0,,,,,,,,,,,,,,,,,
Chipiyana Buzurg,937.0,3427000.0,INR,,1,0,It’s a 2 bhk villa situated in Chipiyana Buzurg. It has an area of 937 sqft with a carpet area of 900 sqft . The property is available at a price of Rs. 34.27 lac . It is a semi-furnished property. Its main door is facing east direction. It is situated in the proximity of all the important facilities. Please contact us for more details. ,1,east,0,5,0,0,1,0,0,0,0,0,0,0,,,,,,,,,,,,,,,,,
Raj Nagar Extension,2500.0,13500000.0,INR,,1,0,"A 4 bhk property is available for sale in LR Infrahomes Blue Moon Homes, Raj Nagar Extension, Ghaziabad. It has a salable area of 2500 sqft and is available at a price of Rs. 5,400 per sqft. It is a semi-furnished property. It is northeast facing property. It is an under-construction property and is expected to get completed by 01/12/2022. It is made in way to provide a comfortable living. If you are interested, please contact us for more details. ",1,northeast,0,0,1,1,1,1,1,1,1,1,0,1,1.0,,8.1,123.0,1.0,1.0,1.0,1.0,,,1.0,,,,1.0,1.0,1.0
Chhapraula,1500.0,5300000.0,INR,,1,0,"It’s a 3 bhk villa situated in Shri Sai Heritage, Chhapraula, Ghaziabad. It has an area of 1500 sqft with a carpet area of 1475 sqft . The property is available at a price of Rs. 53.00 lac . It is a furnished property. It has 1 tv, 1 refrigerator, 1 sofa and 1 washing machine. It also has 1 microwave, 1 dining table, 1 gas connection, 1 ac and 1 bed. It is made in way to provide a comfortable living for the residents. The site is in close proximity to various civic utilities. Contact us for more details. ",1,northeast,1,2,1,0,1,1,1,1,1,0,0,1,,,,2022.0,1.0,,,,,,,,,,,,
Chhapraula,1500.0,4600000.0,INR,,1,0,"It’s a 3 bhk villa situated in Sri Sai Hertage, Chhapraula, Ghaziabad. It is a furnished property. Furnishings include 1 tv, 1 refrigerator, 1 sofa, 1 washing machine, 1 microwave, 1 dining table, 1 gas connection, 1 ac and 1 bed. It is facing northeast direction. It is a 2 year old ready-to-move-in property. The time you'll spend here will become the greatest moment of your life that will also help you to relieve, relax & evoke a great sense of happiness. The site is in close proximity to various civic utilities. If you are interested, please contact us for more details. ",1,northeast,1,2,1,0,1,1,1,1,1,0,0,1,,,,2022.0,1.0,,,,,,,,,,,,
Lal Kuan,1485.0,4600000.0,INR,1.0,1,0,"A spacious 3 bhk villa is available for sale in Lal Kuan, Ghaziabad. It has a built-up area of 1485 sqft and is priced at Rs. 46.00 lac . It is east facing property. It is a ready-to-move-in property. It is made in way to provide a comfortable living for the residents. Please contact for more details. ",1,east,0,0,0,0,1,1,0,0,0,0,0,0,,7.4,,,,,,,,,,,,,,,
Chhapraula,1480.0,4600000.0,INR,1.0,1,0,Well designed 3 bhk villa is available at a prime location in Shri Sai Heritage. It has an area of 1480 sqft . The property is available at a price of Rs. 46.00 lac . It is a semi-furnished property. It is well connected to the city areas. Please contact for more details. ,1,east,0,2,0,0,1,1,0,0,0,0,0,0,,,,2022.0,,,,,,,,,,,,,
Chhapraula,1470.0,4550000.0,INR,1.0,1,0,"It has a salable area of 1470 sqft and is available at a price of Rs. 3,095 per sqft. It is a semi-furnished property. It is a 2 year old ready-to-move-in property. It is made in way to provide a comfortable living. It is situated in the proximity of all the important facilities. Kindly call us for details. ",1,east,0,2,0,0,1,1,1,0,0,0,0,0,,,,2022.0,,,,,,,,,,,,,
Lal Kuan,1500.0,4600000.0,INR,1.0,1,0,"It has a built-up area of 1500 sqft and is priced at Rs. 46.00 lac . It is east facing property. It is a ready-to-move-in property. It is made in way to provide a comfortable living for the residents. The society is well connected by different modes of transportation. If you are interested, please contact us for more details. ",1,east,0,0,0,0,1,1,0,0,0,0,0,0,,7.4,,,,,,,,,,,,,,,
Lal Kuan,1470.0,4600000.0,INR,1.0,1,0,The house is semi-furnished. It is facing east direction. This residential property is ready-to-move-in. It is made in way to provide a comfortable living for the residents. It is well connected to the city areas. Please contact for more details. ,1,east,0,0,0,0,1,1,0,0,0,0,0,0,,7.4,,,,,,,,,,,,,,,
Lal Kuan,1480.0,4600000.0,INR,1.0,1,0,"A 3 bhk property is available for sale in Lal Kuan, Ghaziabad. It is a semi-furnished property. Its main door is facing east direction. This residential property is ready-to-move-in. The time you'll spend here will become the greatest moment of your life that will also help you to relieve, relax & evoke a great sense of happiness. Please contact for more details. ",1,east,0,0,0,0,1,1,0,0,0,0,0,0,,7.4,,,,,,,,,,,,,,,
Chhapraula,1485.0,4600000.0,INR,1.0,1,0,Well designed 3 bhk villa is available at a prime location in Sri Sai Hertage. It has an area of 1485 sqft . The property is available at a price of Rs. 46.00 lac . It is a 2 year old ready-to-move-in property. It is made in way to provide a comfortable living. It is well connected to the city areas. Please contact for more details. ,1,east,0,2,0,0,1,1,0,0,0,0,0,0,,,,2022.0,,,,,,,,,,,,,
Chhapraula,1480.0,4600000.0,INR,1.0,1,0,Well designed 3 bhk villa is available at a prime location in Shri Sai Heritage. It has a built-up area of 1480 sqft and is priced at Rs. 46.00 lac . It is a semi-furnished property. Its main door is facing east direction. It is made in way to provide a comfortable living for the residents. The site is in close proximity to various civic utilities. Kindly call us for details. ,1,east,0,2,0,0,1,1,0,0,0,0,0,0,,,,2022.0,,,,,,,,,,,,,
Chhapraula,1475.0,4550000.0,INR,1.0,1,0,"A spacious 3 bhk villa is available for sale in Sri Sai Hertage, Chhapraula, Ghaziabad. It has a built-up area of 1475 sqft and is priced at Rs. 45.50 lac . The house is semi-furnished. Its main door is facing east direction. This residential property is ready-to-move-in. The time you'll spend here will become the greatest moment of your life that will also help you to relieve, relax & evoke a great sense of happiness. The society is well connected by different modes of transportation. Contact us for more details. ",1,east,0,2,0,0,1,1,0,0,0,0,0,0,,,,2022.0,,,,,,,,,,,,,
Chhapraula,1470.0,4550000.0,INR,1.0,1,0,It has an area of 1470 sqft . The property is available at a price of Rs. 45.50 lac . The house is semi-furnished. It is east facing property. It is made in way to provide a comfortable living. It is situated in the proximity of all the important facilities. ,1,east,0,0,0,0,1,1,0,0,0,0,0,0,,,,,,,,,,,,,,,,,
Chhapraula,1475.0,4550000.0,INR,1.0,1,0,"Well designed 3 bhk villa is available at a prime location in Sri Sai Hertage. It has a salable area of 1475 sqft and is available at a price of Rs. 3,084 per sqft. It is east facing property. This residential property is ready-to-move-in. It is made in way to provide a comfortable living for the residents. The society is well connected by different modes of transportation. ",1,east,0,2,0,0,1,1,0,0,0,0,0,0,,,,2022.0,,,,,,,,,,,,,
Vasundhara,1475.0,4600000.0,INR,1.0,1,0,It has a built-up area of 1475 sqft and is priced at Rs. 46.00 lac . It is a semi-furnished property. It is east facing property. It is a ready-to-move-in property. Please contact for more details. ,1,east,0,0,0,0,1,1,0,0,0,0,0,0,,,,,,,,,,,,,,,,,
Indirapuram,1495.0,4600000.0,INR,1.0,1,0,"Well designed 3 bhk villa is available at a prime location in Indirapuram. It has a salable area of 1495 sqft and is available at a price of Rs. 3,076 per sqft. It is made in way to provide a comfortable living. The site is in close proximity to various civic utilities. If you are interested, please contact us for more details. ",1,east,0,0,0,0,1,1,0,0,0,0,0,0,,,,,,,,,,,,,,,,,
Vasundhara,1490.0,4600000.0,INR,1.0,1,0,"Well designed 3 bhk villa is available at a prime location in Vasundhara. It has a built-up area of 1490 sqft and is priced at Rs. 46.00 lac . It is a semi-furnished property. It is east facing property. This residential property is ready-to-move-in. It is made in way to provide a comfortable living for the residents. The site is in close proximity to various civic utilities. If you are interested, please contact us for more details. ",1,east,0,0,0,0,1,1,0,0,0,0,0,0,,,,,,,,,,,,,,,,,
Chhapraula,1490.0,4600000.0,INR,1.0,1,0,It’s a 3 bhk villa situated in Chhapraula. It has an area of 1490 sqft . The property is available at a price of Rs. 46.00 lac . The house is semi-furnished. It is facing east direction. This residential property is ready-to-move-in. It is made in way to provide a comfortable living. It is well connected to the city areas. Kindly call us for details. ,1,east,0,0,0,0,1,1,1,0,0,0,0,0,,,,,,,,,,,,,,,,,
Lal Kuan,1475.0,2800000.0,INR,1.0,1,0,It has an area of 1475 sqft . The property is available at a price of Rs. 28.00 lac . It is east facing property. It is a ready-to-move-in property. It is made in way to provide a comfortable living. The site is in close proximity to various civic utilities. ,1,east,0,0,0,0,1,1,0,0,0,0,0,0,,7.4,,,,,,,,,,,,,,,
Lal Kuan,1490.0,4600000.0,INR,1.0,1,0,"A spacious 3 bhk villa is available for sale in Lal Kuan, Ghaziabad. It has a salable area of 1490 sqft and is available at a price of Rs. 3,087 per sqft. The house is semi-furnished. Its main door is facing east direction. It is a ready-to-move-in property. It is made in way to provide a comfortable living. The site is in close proximity to various civic utilities. Kindly call us for details. ",1,east,0,0,0,0,1,1,0,0,0,0,0,0,,7.4,,,,,,,,,,,,,,,
Lal Kuan,1478.0,4570000.0,INR,1.0,1,0,"A spacious 3 bhk villa is available for sale in Lal Kuan, Ghaziabad. It has a built-up area of 1478 sqft and is priced at Rs. 45.70 lac . The house is semi-furnished. It is facing east direction. This residential property is ready-to-move-in. It is made in way to provide a comfortable living for the residents. If you are interested, please contact us for more details. ",1,east,0,0,0,0,1,1,0,0,0,0,0,0,,7.4,,,,,,,,,,,,,,,
Chhapraula,1490.0,4600000.0,INR,1.0,1,0,"It’s a 3 bhk villa situated in Sri Sai Hertage, Chhapraula. It has a built-up area of 1490 sqft and is priced at Rs. 46.00 lac . It is a semi-furnished property. It is east facing property. It is a 2 year old ready-to-move-in property. It is made in way to provide a comfortable living for the residents. The society is well connected by different modes of transportation. ",1,east,0,2,0,0,1,0,0,0,0,0,0,0,,,,2022.0,,,,,,,,,,,,,
Chhapraula,1498.0,4600000.0,INR,1.0,1,0,It has a built-up area of 1498 sqft and is priced at Rs. 46.00 lac . The house is semi-furnished. It is east facing property. It is a 2 year old ready-to-move-in property. It is made in way to provide a comfortable living for the residents. It is well connected to the city areas. Please contact us for more details. ,1,east,0,2,0,0,1,1,0,0,0,0,0,0,,,,2022.0,,,,,,,,,,,,,
Chhapraula,1480.0,4500000.0,INR,1.0,1,0,It has a built-up area of 1480 sqft and is priced at Rs. 45.00 lac . Its main door is facing east direction. This residential property is ready-to-move-in. It is made in way to provide a comfortable living for the residents. The society is well connected by different modes of transportation. ,1,east,0,2,0,0,1,1,0,0,0,0,0,0,,,,2022.0,,,,,,,,,,,,,
Lal Kuan,450.0,1500000.0,INR,,1,1,"The house is semi-furnished. Furnishings include 1 wardrobe, 1 tv, 1 refrigerator, 1 sofa, 1 washing machine, 1 wifi, 1 microwave, 1 dining table, 1 gas connection, 1 ac, 1 bed and 1 modular kitchen. The property is in a complex owned by a co-operative society. It is a ready-to-move-in property. The time you'll spend here will become the greatest moment of your life that will also help you to relieve, relax & evoke a great sense of happiness. It is well connected to the city areas. Please contact for more details. ",1,north,0,2,0,1,0,0,1,0,0,0,0,1,,,,,,,1.0,,,,,,,,,,
Lajpat Nagar,1530.0,6500000.0,INR,,0,1,,1,east,0,9,0,0,0,0,0,0,0,0,0,0,,,,,,,,,,,,,,,,,
Rajendra Nagar,1458.0,16500000.0,INR,,0,1,,1,northeast,0,7,0,0,0,0,0,0,0,0,0,0,,,,,,,,,,,,,,,,,
Lal Kuan,315.0,1162000.0,INR,1.0,0,1,Well designed 1 bhk villa is available at a prime location in Shri Krishna Promoters And Developers Gagan Enclave Phase 1. It has an area of 315 sqft . The property is available at a price of Rs. 11.62 lac (negotiable ). The house is semi-furnished. Its main door is facing east direction. It is a ready-to-move-in property. Kindly call us for details. ,1,east,0,0,0,1,1,0,0,0,0,0,0,1,1.0,7.4,,,,,1.0,1.0,,,1.0,,,,1.0,1.0,1.0
Lal Kuan,432.0,1590000.0,INR,1.0,0,1,"It’s a 2 bhk villa situated in Shri Krishna Promoters And Developers Gagan Enclave Phase 1, Lal Kuan, Ghaziabad. It has an area of 432 sqft . The property is available at a price of Rs. 15.90 lac (negotiable ). The house is semi-furnished. It is east facing property. The property is available on freehold. It is a ready-to-move-in property. It is made in way to provide a comfortable living. It is well connected to the city areas. Kindly call us for details. ",1,east,0,0,0,1,0,0,1,0,0,1,0,0,1.0,7.4,,,,,1.0,1.0,,,,,,,1.0,1.0,1.0
Lal Kuan,495.0,1829520.0,INR,1.0,0,1,"A spacious 2 bhk villa is available for sale in Shri Krishna Promoters And Developers Gagan Enclave Phase 1, Lal Kuan, Ghaziabad. It has a salable area of 495 sqft and is available at a price of Rs. 3,696 per sqft. It is a semi-furnished property. It is a corner property. The property is available on freehold. The property has 2 bathrooms and 2 balconies. This residential property is ready-to-move-in. It is made in way to provide a comfortable living. It is situated in the proximity of all the important facilities. Please contact us for more details. ",1,east,0,0,0,1,0,0,0,0,0,1,0,0,1.0,7.4,,,,,1.0,,,1.0,,,,1.0,1.0,1.0,1.0
Lal Kuan,345.0,1261000.0,INR,1.0,0,1,It has a built-up area of 345 sqft and is priced at Rs. 12.61 lac (negotiable). It is a semi-furnished property. The property is available on freehold. The property has 1 bathroom and 1 balcony. This residential property is ready-to-move-in. It is made in way to provide a comfortable living. It is situated in the proximity of all the important facilities. Please contact us for more details. ,1,east,0,0,0,1,0,0,0,0,0,0,0,1,1.0,7.4,,,,1.0,1.0,1.0,,1.0,,,,,1.0,1.0,1.0
Lal Kuan,900.0,2700000.0,INR,1.0,1,0,"A spacious 3 bhk villa is available for sale in Sundaram Construction Royal Homes, Lal Kuan, Ghaziabad. It has a built-up area of 900 sqft and is priced at Rs. 27.00 lac . This residential property is ready-to-move-in. The time you'll spend here will become the greatest moment of your life that will also help you to relieve, relax & evoke a great sense of happiness. Kindly call us for details. ",1,,0,1,0,1,0,0,1,0,0,0,0,0,,7.4,,,,,,,,,,,,,,,
Lal Kuan,450.0,1425150.0,INR,1.0,1,0,"Well designed 1 bhk villa is available at a prime location in Sundaram Construction Royal Homes. It has an area of 450 sqft . The property is available at a price of Rs. 14.25 lac . It has gated community. Other amenities include 24 x 7 security, cctv, full power backup and 24x7 water supply. It is a ready-to-move-in property. Kindly call us for details. ",1,,0,1,0,1,0,0,1,0,0,0,0,0,,7.4,,,,,,,,,,,,,,,
Lal Kuan,540.0,1649700.0,INR,1.0,1,0,"This spacious 1 bhk villa is available for sale and is located in Sundaram Construction Royal Homes, one of the most prestigious projects of Lal Kuan. It has an area of 540 sqft . The property is available at a price of Rs. 16.50 lac . It is an unfurnished property. It has 24 x 7 security. Other amenities include cctv, full power backup, 24x7 water supply and gated community. It is a ready-to-move-in property. It is made in way to provide a comfortable living. It is situated in the proximity of all the important facilities. If you are interested, please contact us for more details. ",1,,0,1,0,1,0,0,1,0,0,0,0,0,,7.4,,,,,,,,,,,,,,,
Lal Kuan,630.0,1850310.0,INR,1.0,1,0,"A 2 bhk property is available for sale in Sundaram Construction Royal Homes, Lal Kuan, Ghaziabad. It has a salable area of 630 sqft and is available at a price of Rs. 2,937 per sqft. It has cctv. Other amenities include gated community, 24x7 water supply, 24 x 7 security and full power backup. This residential property is ready-to-move-in. It is made in way to provide a comfortable living for the residents. Please contact us for more details. ",1,,0,1,0,1,0,0,1,0,0,0,0,0,,7.4,,,,,,,,,,,,,,,
Lal Kuan,720.0,2150640.0,INR,1.0,1,0,"It’s a 2 bhk villa situated in Sundaram Construction Royal Homes, Lal Kuan, Ghaziabad. It has a salable area of 720 sqft and is available at a price of Rs. 2,987 per sqft. It is an unfurnished property. It has full power backup as well as 24x7 water supply. The project also has 24 x 7 security, cctv and gated community. It is a ready-to-move-in property. The time you'll spend here will become the greatest moment of your life that will also help you to relieve, relax & evoke a great sense of happiness. The site is in close proximity to various civic utilities. Contact us for more details. ",1,,0,1,0,1,0,0,1,0,0,0,0,0,,7.4,,,,,,,,,,,,,,,
Lal Kuan,720.0,2800000.0,INR,1.0,1,0,"It has a salable area of 720 sqft and is available at a price of Rs. 3,888 per sqft. It is an unfurnished property. This residential property is ready-to-move-in. It is made in way to provide a comfortable living for the residents. Kindly call us for details. ",1,,0,4,0,0,0,0,0,0,0,0,0,0,,7.4,,123.0,,,,,,,,,,,,,
Lal Kuan,450.0,1800000.0,INR,,1,0,"The house is unfurnished. This residential property is ready-to-move-in. The time you'll spend here will become the greatest moment of your life that will also help you to relieve, relax & evoke a great sense of happiness. The society is well connected by different modes of transportation. Please contact us for more details. ",1,,0,4,0,0,0,0,0,0,0,0,0,0,,7.4,,123.0,,,,,,,,,,,,,
Lal Kuan,1100.0,3500000.0,INR,1.0,1,0,"A 3 bhk property is available for sale in Property Vision Promotors And Developers Mansarovar Park Lalkua, Lal Kuan, Ghaziabad. It has a built-up area of 1100 sqft and is priced at Rs. 35.00 lac . The house is unfurnished. This residential property is ready-to-move-in. The time you'll spend here will become the greatest moment of your life that will also help you to relieve, relax & evoke a great sense of happiness. It is well connected to the city areas. If you are interested, please contact us for more details. ",1,,0,4,0,0,0,0,0,0,0,0,0,0,,7.4,,123.0,,,,,,,,,,,,,
Chhapraula,540.0,1650780.0,INR,1.0,1,0,"It’s a 2 bhk villa situated in Sundaram Construction Royal Garden, Chhapraula, Ghaziabad. It has an area of 540 sqft . The property is available at a price of Rs. 16.51 lac . It is an unfurnished property. It has fire sprinklers as well as full power backup. The project also has 24x7 water supply and gated community. This residential property is ready-to-move-in. It is made in way to provide a comfortable living. Kindly call us for details. ",1,,0,1,0,0,0,0,1,0,0,0,0,0,,,,,,,,,,,,,,,,,
Chhapraula,639.0,2249919.0,INR,1.0,1,0,"It has an area of 639 sqft . The property is available at a price of Rs. 22.50 lac . The house is unfurnished. It has fire sprinklers. Other amenities include 24x7 water supply, gated community and full power backup. It is a ready-to-move-in property. It is made in way to provide a comfortable living for the residents. It is well connected to the city areas. Kindly call us for details. ",1,,0,1,0,0,0,0,1,0,0,0,0,0,,,,,,,,,,,,,,,,,
Chhapraula,369.0,1250172.0,INR,1.0,1,0,"A 1 bhk property is available for sale in Sundaram Construction Royal Garden, Chhapraula, Ghaziabad. It has a built-up area of 369 sqft and is priced at Rs. 12.50 lac . It is an unfurnished property. It has full power backup. Other amenities include 24x7 water supply, gated community and fire sprinklers. This residential property is ready-to-move-in. It is made in way to provide a comfortable living. The site is in close proximity to various civic utilities. Kindly call us for details. ",1,,0,1,0,0,0,0,1,0,0,0,0,0,,,,,,,,,,,,,,,,,
Lal Kuan,1700.0,4768500.0,INR,1.0,1,0,"Well designed 3 bhk villa is available at a prime location in ADV Realtors AR Residency. It has a salable area of 1700 sqft and is available at a price of Rs. 2,805 per sqft. The house is unfurnished. It has cctv. Other amenities include temple, gated community, 24 x 7 security, landscape garden and tree planting and 24x7 water supply. It is a ready-to-move-in property. It is made in way to provide a comfortable living. It is well connected to the city areas. If you are interested, please contact us for more details. ",1,,0,0,0,1,0,0,0,0,0,0,0,0,,7.4,,,,,,,,,,,,,,,
Lal Kuan,720.0,2800000.0,INR,1.0,1,0,"Well designed 2 bhk villa is available at a prime location in Property Vision Promotors And Developers Mansarovar Park Lalkua. It has a salable area of 720 sqft and is available at a price of Rs. 3,888 per sqft. The house is unfurnished. It is a 4 year old ready-to-move-in property. It is made in way to provide a comfortable living for the residents. The site is in close proximity to various civic utilities. If you are interested, please contact us for more details. ",1,,0,4,0,0,0,0,0,0,0,0,0,0,,7.4,,123.0,,,,,,,,,,,,,
Lal Kuan,450.0,1800000.0,INR,,1,0,"A 1 bhk property is available for sale in Property Vision Promotors And Developers Mansarovar Park Lalkua, Lal Kuan, Ghaziabad. It has a built-up area of 450 sqft and is priced at Rs. 18.00 lac . It is an unfurnished property. It is a 4 year old ready-to-move-in property. It is made in way to provide a comfortable living. The site is in close proximity to various civic utilities. If you are interested, please contact us for more details. ",1,,0,4,0,0,0,0,0,0,0,0,0,0,,7.4,,123.0,,,,,,,,,,,,,
Lal Kuan,1100.0,3500000.0,INR,1.0,1,0,"A 3 bhk property is available for sale in Property Vision Promotors And Developers Mansarovar Park Lalkua, Lal Kuan, Ghaziabad. It has an area of 1100 sqft . The property is available at a price of Rs. 35.00 lac . It is an unfurnished property. It is a 4 year old ready-to-move-in property. It is made in way to provide a comfortable living. The society is well connected by different modes of transportation. Contact us for more details. ",1,,0,4,0,0,0,0,0,0,0,0,0,0,,7.4,,123.0,,,,,,,,,,,,,
Lal Kuan,540.0,2151360.0,INR,1.0,1,0,"This spacious 2 bhk villa is available for sale and is located in Vridhi Homes Homes, one of the most prestigious projects of Lal Kuan. It is an unfurnished property. It has car parking. Other amenities include intercom, children's play area, rain water harvesting, 24x7 water supply, storm water drains, 24 x 7 security, street lighting, aggregate area of recreational open space and electrification(transformer, solar energy etc). The time you'll spend here will become the greatest moment of your life that will also help you to relieve, relax & evoke a great sense of happiness. It is well connected to the city areas. Contact us for more details. ",1,,0,0,1,1,1,0,1,0,0,0,0,0,,7.4,,,1.0,1.0,1.0,1.0,,,,,,,,,
Lal Kuan,900.0,4800600.0,INR,1.0,1,0,"It’s a 3 bhk villa situated in Vridhi Homes Homes, Lal Kuan, Ghaziabad. It has a salable area of 900 sqft and is available at a price of Rs. 5,334 per sqft. The house is unfurnished. It has water conservation, rain water harvesting as well as street lighting. The project also has solid waste management and disposal, intercom, sewage treatment plant, gated community, electrification(transformer, solar energy etc), children's play area, lift(s) and storm water drains. It is a ready-to-move-in property. The time you'll spend here will become the greatest moment of your life that will also help you to relieve, relax & evoke a great sense of happiness. It is situated in the proximity of all the important facilities. ",1,,0,0,1,1,1,0,1,0,0,0,0,0,,7.4,,,1.0,1.0,1.0,1.0,,,,,,,,,
Lal Kuan,720.0,2950560.0,INR,1.0,1,0,"A spacious 2 bhk villa is available for sale in Vridhi Homes Homes, Lal Kuan, Ghaziabad. It has a salable area of 720 sqft and is available at a price of Rs. 4,098 per sqft. The house is unfurnished. It has aggregate area of recreational open space as well as solid waste management and disposal. The project also has sewage treatment plant, children's play area, full power backup, lift(s), internal roads, storm water drains, 24x7 water supply and 24 x 7 security. It is a ready-to-move-in property. It is made in way to provide a comfortable living. The site is in close proximity to various civic utilities. If you are interested, please contact us for more details. ",1,,0,0,1,1,1,0,1,0,0,0,0,0,,7.4,,,1.0,1.0,1.0,1.0,,,,,,,,,
Lal Kuan,450.0,1950300.0,INR,1.0,1,0,"It’s a 1 bhk villa situated in Vridhi Homes Homes, Lal Kuan. It has an area of 450 sqft . The property is available at a price of Rs. 19.50 lac . It has gated community. Other amenities include rain water harvesting, full power backup, lift(s), children's play area, electrification(transformer, solar energy etc), street lighting, cctv, car parking and 24x7 water supply. It is made in way to provide a comfortable living for the residents. The site is in close proximity to various civic utilities. If you are interested, please contact us for more details. ",1,,0,0,1,1,1,0,1,0,0,0,0,0,,7.4,,,1.0,1.0,1.0,1.0,,,,,,,,,
Rajendra Nagar,1440.0,16500000.0,INR,,0,0,,1,north,0,13,0,0,0,0,0,0,0,0,0,0,,,,,,,,,,,,,,,,,
Govindpuram,1250.0,3450000.0,INR,,1,0,"It’s a 3 bhk villa situated in SLV Infrabuild SLV Balaji Encalve, Govindpuram, Ghaziabad. It is a semi-furnished property. Its main door is facing west direction. It is a 4 year old ready-to-move-in property. The time you'll spend here will become the greatest moment of your life that will also help you to relieve, relax & evoke a great sense of happiness. It is well connected to the city areas. ",1,west,0,5,0,0,0,0,0,0,0,0,0,0,,,,123.0,,,,,,,,,,,,,
Govindpuram,750.0,2600000.0,INR,,1,0,"Well designed 2 bhk villa is available at a prime location in SLV Infrabuild SLV Balaji Encalve. It has a salable area of 750 sqft and is available at a price of Rs. 3,466 per sqft. The house is semi-furnished. Its main door is facing east direction. It is a 4 year old ready-to-move-in property. The time you'll spend here will become the greatest moment of your life that will also help you to relieve, relax & evoke a great sense of happiness. The site is in close proximity to various civic utilities. Kindly call us for details. ",1,east,0,5,0,0,0,0,0,0,0,0,0,0,,,,123.0,,,,,,,,,,,,,
Govindpuram,1000.0,2799000.0,INR,,1,0,It has a built-up area of 1000 sqft and is priced at Rs. 27.99 lac . It is a semi-furnished property. Its main door is facing east direction. This residential property is ready-to-move-in. It is situated in the proximity of all the important facilities. Kindly call us for details. ,1,east,0,2,0,1,0,0,0,0,0,0,0,0,,,,2022.0,,,,1.0,,,,,,,,,
Govindpuram,1250.0,2850000.0,INR,,1,0,"A 3 bhk property is available for sale in Jain Builders Ghaziabad Akshay Enclave, Govindpuram, Ghaziabad. It has a salable area of 1250 sqft and is available at a price of Rs. 2,280 per sqft. The house is semi-furnished. It is a ready-to-move-in property. It is situated in the proximity of all the important facilities. If you are interested, please contact us for more details. ",1,northeast,0,2,0,1,0,0,0,0,0,0,0,0,,,,2022.0,,,,1.0,,,,,,,,,
Govindpuram,800.0,2900000.0,INR,,1,0,"A spacious 2 bhk villa is available for sale in Jain Builders Ghaziabad Akshay Enclave, Govindpuram, Ghaziabad. It has a built-up area of 800 sqft and is priced at Rs. 29.00 lac . It is a ready-to-move-in property. It is made in way to provide a comfortable living for the residents. The society is well connected by different modes of transportation. Please contact us for more details. ",1,east,0,2,0,1,0,0,0,0,0,0,0,0,,,,2022.0,,,,1.0,,,,,,,,,
Govindpuram,1200.0,3700000.0,INR,,1,0,"It’s a 3 bhk villa situated in Govindpuram. It has a salable area of 1200 sqft and is available at a price of Rs. 3,083 per sqft. It is facing west direction. It is an under-construction property . The time you'll spend here will become the greatest moment of your life that will also help you to relieve, relax & evoke a great sense of happiness. It is situated in the proximity of all the important facilities. Kindly call us for details. ",1,west,0,0,0,0,0,0,0,0,0,0,0,0,,,,,,,,,,,,,,,,,
Govindpuram,1250.0,3500000.0,INR,,1,0,"This spacious 3 bhk villa is available for sale and is located in the heart of Govindpuram. It is a semi-furnished property. The time you'll spend here will become the greatest moment of your life that will also help you to relieve, relax & evoke a great sense of happiness. The society is well connected by different modes of transportation. If you are interested, please contact us for more details. ",1,,0,0,0,0,0,0,0,0,0,0,0,0,,,,,,,,,,,,,,,,,
Govindpuram,1250.0,3499000.0,INR,,1,0,"It’s a 3 bhk villa situated in Govindpuram, Ghaziabad. It has a salable area of 1250 sqft and is available at a price of Rs. 2,799 per sqft. It is a semi-furnished property. It is west facing property. This residential complex is under-construction as of now. . It is made in way to provide a comfortable living. Kindly call us for details. ",1,west,0,0,0,0,0,0,0,0,0,0,0,0,,,,,,,,,,,,,,,,,
Govindpuram,1000.0,2900000.0,INR,,1,0,"This spacious 2 bhk villa is available for sale and is located in Jain Builders Ghaziabad Akshay Enclave, one of the most prestigious projects of Govindpuram. It has a salable area of 1000 sqft and is available at a price of Rs. 2,900 per sqft. The house is semi-furnished. This residential property is ready-to-move-in. The time you'll spend here will become the greatest moment of your life that will also help you to relieve, relax & evoke a great sense of happiness. The site is in close proximity to various civic utilities. If you are interested, please contact us for more details. ",1,west,0,2,0,1,0,0,0,0,0,0,0,0,,,,2022.0,,,,1.0,,,,,,,,,
Govindpuram,800.0,2600000.0,INR,,1,0,It has an area of 800 sqft with a carpet area of 450 sqft . The property is available at a price of Rs. 26.00 lac . It is a semi-furnished property. It is a 5 year old ready-to-move-in property. The site is in close proximity to various civic utilities. Please contact for more details. ,1,east,0,5,0,0,0,0,0,0,0,0,0,0,,,,123.0,,,,,,,,,,,,,
Govindpuram,800.0,3600000.0,INR,,1,0,"It’s a 3 bhk villa situated in SLV Infrabuild SLV Phase, Govindpuram. It has an area of 800 sqft with a carpet area of 775 sqft . The property is available at a price of Rs. 36.00 lac . The house is semi-furnished. Its main door is facing east direction. It is a 6 year old ready-to-move-in property. It is made in way to provide a comfortable living. The site is in close proximity to various civic utilities. Kindly call us for details. ",1,east,0,6,0,0,0,0,0,0,0,0,0,0,,,,123.0,,,,,,,,,,,,,
Govindpuram,1000.0,2800000.0,INR,,1,0,"A spacious 3 bhk villa is available for sale in Govindpuram, Ghaziabad. It has a salable area of 1000 sqft and is available at a price of Rs. 2,800 per sqft. It is a ready-to-move-in property. It is well connected to the city areas. Please contact us for more details. ",1,west,0,0,0,0,0,0,0,0,0,0,0,0,,,,,,,,,,,,,,,,,
Govindpuram,1100.0,3500000.0,INR,,1,0,"It’s a 3 bhk villa situated in Govindpuram. It has a salable area of 1100 sqft and is available at a price of Rs. 3,181 per sqft. It is a semi-furnished property. This residential property is ready-to-move-in. It is made in way to provide a comfortable living for the residents. The site is in close proximity to various civic utilities. If you are interested, please contact us for more details. ",1,,0,0,0,0,0,0,0,0,0,0,0,0,,,,,,,,,,,,,,,,,
Govindpuram,1200.0,2699000.0,INR,,1,0,It’s a 3 bhk villa situated in Govindpuram. It has a built-up area of 1200 sqft and is priced at Rs. 26.99 lac . It is facing east direction. This residential property is ready-to-move-in. The society is well connected by different modes of transportation. Please contact us for more details. ,1,east,0,0,0,0,0,0,0,0,0,0,0,0,,,,,,,,,,,,,,,,,
Govindpuram,2691.0,22000000.0,INR,,0,1,,1,east,0,7,0,1,0,0,0,0,0,0,0,1,1.0,,,,,,1.0,,,,,,,,1.0,,1.0
Govindpuram,750.0,3100000.0,INR,,1,0,"It’s a 2 bhk villa situated in Govindpuram, Ghaziabad. It has a built-up area of 750 sqft and is priced at Rs. 31.00 lac . It is a semi-furnished property. It is west facing property. It is a ready-to-move-in property. It is made in way to provide a comfortable living. The society is well connected by different modes of transportation. Please contact for more details. ",1,west,0,0,0,0,0,0,0,0,0,0,0,0,,,,,,,,,,,,,,,,,
Vaishali Sector 4,1700.0,25000000.0,INR,,0,1,"It has a salable area of 1700 sqft and is available at a price of Rs. 14,705 per sqft. It has 2 wardrobe, 1 wifi, 1 gas connection and 1 modular kitchen. Its main door is facing east direction. The property is available on freehold. If you are interested, please contact us for more details. ",1,east,0,10,0,0,0,0,0,0,0,0,0,0,,,,,,,,,,,,,,,,,
Govindpuram,1985.0,6895000.0,INR,,0,0,"A 3 bhk property is available for sale in Govindpuram, Ghaziabad. It has an area of 1985 sqft with a carpet area of 1800 sqft . The property is available at a price of Rs. 68.95 lac . The house is semi-furnished. It is east facing property. This residential property is ready-to-move-in. The time you'll spend here will become the greatest moment of your life that will also help you to relieve, relax & evoke a great sense of happiness. The site is in close proximity to various civic utilities. Please contact for more details. ",1,east,0,0,0,0,1,0,0,0,1,0,0,0,,,,,,,,,,,,,,,,,
Ansals Chiranjiv Vihar,2200.0,8975000.0,INR,,0,0,"Well designed 3 bhk villa is available at a prime location in Ansals Chiranjiv Vihar. It has a salable area of 2200 sqft and is available at a price of Rs. 4,079 per sqft. It is a semi-furnished property. This residential property is ready-to-move-in. It is situated in the proximity of all the important facilities. Kindly call us for details. ",1,,0,4,0,0,0,0,0,0,0,0,0,0,,,,,,,,,,,,,,,,,
Ansals Chiranjiv Vihar,2200.0,8975000.0,INR,,0,0,"A 3 bhk property is available for sale in Ansals Chiranjiv Vihar, Ghaziabad. It has a salable area of 2200 sqft and is available at a price of Rs. 4,079 per sqft. Its main door is facing northeast direction. It is a 3 year old ready-to-move-in property. It is made in way to provide a comfortable living. Contact us for more details. ",1,northeast,0,4,0,0,1,0,0,0,1,0,0,0,,,,,,,,,,,,,,,,,
Rajendra Nagar,5940.0,21000000.0,INR,,0,0,"A 12 bhk property is available for sale in Anitech Homes 267, Rajendra Nagar, Ghaziabad. It has a built-up area of 5940 sqft and is priced at Rs. 2.10 cr . It is a semi-furnished property. It is facing north direction. It has 9 bathrooms and 5 balconies. It is a ready-to-move-in property. It is made in way to provide a comfortable living. The society is well connected by different modes of transportation. Kindly call us for details. ",1,north,0,0,0,1,0,0,0,0,0,0,0,0,,,,13.0,,,1.0,,,,,,,,,,
Lal Kuan,600.0,2400000.0,INR,,1,1,ready to move in in Indipendent house Satyam enclave in lalkaun Ghaziabad gated community schools temple and stadium in society inter locking road close to schools and market,1,,0,4,0,1,1,0,0,1,0,0,0,0,,7.4,,123.0,,,1.0,,,,,,1.0,,,,
Raj Nagar Extension,935.0,3600000.0,INR,,0,0,"One of the strongest real estate market of North India, Delhi/NCR has a mix of properties in the luxury, middle and affordable section. The availability of these along with strong infrastructure developments resulting in easy connectivity impacts the market positively.
The positivity in the job market creating opportunities and bringing people in the region is also one of the strongest reasons impacting the real estate market.",1,east,0,4,0,0,1,0,1,0,0,1,1,0,,,,123.0,,1.0,1.0,,,,,,,,,,
Raj Nagar Extension,2540.0,18000000.0,INR,0.0,0,0,"A spacious 6 bhk villa is available for sale in VVIP Assets, Raj Nagar Extension, Ghaziabad. It has a salable area of 2540 sqft and is available at a price of Rs. 7,085 per sqft. It is an unfurnished property. It has rain water harvesting. Other amenities include car parking and power_backup. The property has 4 bathrooms and 6 balconies. It is an under-construction property and is expected to get completed by 01/08/2021. The time you'll spend here will become the greatest moment of your life that will also help you to relieve, relax & evoke a great sense of happiness. The society is well connected by different modes of transportation. Please contact us for more details. ",1,,0,0,0,0,1,0,1,0,0,1,1,0,,,,123.0,,1.0,1.0,,,,,,,,,,
Lal Kuan,900.0,4500000.0,INR,1.0,1,0,"The house is unfurnished. It has fire sprinklers as well as full power backup. The project also has intercom, cctv, 24 x 7 security, rain water harvesting, gated community and 24x7 water supply. It is a ready-to-move-in property. It is made in way to provide a comfortable living. The site is in close proximity to various civic utilities. ",1,,0,0,0,1,0,0,1,0,0,0,0,0,,7.4,,2022.0,1.0,1.0,,,,,,,,,,,
Lal Kuan,702.0,3800000.0,INR,1.0,1,0,"The house is unfurnished. It has gated community as well as 24x7 water supply. The project also has full power backup, 24 x 7 security, rain water harvesting, cctv, fire sprinklers and intercom. This residential property is ready-to-move-in. It is made in way to provide a comfortable living for the residents. The society is well connected by different modes of transportation. If you are interested, please contact us for more details. ",1,,0,0,0,1,0,0,1,0,0,0,0,0,,7.4,,2022.0,1.0,1.0,,,,,,,,,,,
Lal Kuan,648.0,3000000.0,INR,1.0,1,0,"It’s a 3 bhk villa situated in Visavi Company Surya Villa Enclave, Lal Kuan. It has a salable area of 648 sqft and is available at a price of Rs. 4,629 per sqft. It is an unfurnished property. It has 24 x 7 security as well as 24x7 water supply. The project also has intercom, full power backup, fire sprinklers, gated community, cctv and rain water harvesting. It is a ready-to-move-in property. It is made in way to provide a comfortable living for the residents. The society is well connected by different modes of transportation. Please contact us for more details. ",1,,0,0,0,1,0,0,1,0,0,0,0,0,,7.4,,2022.0,1.0,1.0,,,,,,,,,,,
Lal Kuan,1500.0,5610000.0,INR,1.0,1,0,"It’s a 3 bhk villa situated in ADV Realtors Homes, Lal Kuan. It has an area of 1500 sqft . The property is available at a price of Rs. 56.10 lac . It is an unfurnished property. It has full power backup as well as fire sprinklers. The project also has 24x7 water supply. It is situated in the proximity of all the important facilities. Please contact us for more details. ",1,,0,0,0,0,0,0,1,0,0,0,0,0,,7.4,,,,,,,,,,,,,,,
Lal Kuan,1700.0,4768500.0,INR,0.0,1,0,"It’s a 3 bhk villa situated in ADV Realtors AR Residency, Lal Kuan, Ghaziabad. It is an unfurnished property. It has cctv as well as 24 x 7 security. The project also has temple, gated community, landscape garden and tree planting and 24x7 water supply. The time you'll spend here will become the greatest moment of your life that will also help you to relieve, relax & evoke a great sense of happiness. Please contact for more details. ",1,,0,0,0,1,0,0,0,0,0,0,0,0,,7.4,,,,,,,,,,,,,,,
Crossing Republik,1800.0,6998400.0,INR,0.0,1,0,"Well designed 3 bhk villa is available at a prime location in Satyam Real Build Vrindavan Garden. It is an unfurnished property. It has malls on walking distance. Other amenities include authority park, internal roads, school, gas pipeline, water supply, gated community and electricity. It is made in way to provide a comfortable living. The site is in close proximity to various civic utilities. ",1,,0,0,0,0,0,0,0,0,0,0,0,0,1.0,,,17.0,,,,,,,,,,,,,
Crossing Republik,900.0,3499200.0,INR,0.0,1,0,"A spacious 2 bhk villa is available for sale in Satyam Real Build Vrindavan Garden, Crossing Republik, Ghaziabad. The house is unfurnished. It has gated community. Other amenities include authority park, electricity, internal roads, water supply, school, gas pipeline and malls on walking distance. The time you'll spend here will become the greatest moment of your life that will also help you to relieve, relax & evoke a great sense of happiness. It is well connected to the city areas. ",1,,0,0,0,0,0,0,0,0,0,0,0,0,1.0,,,17.0,,,,,,,,,,,,,
Crossing Republik,450.0,1749600.0,INR,0.0,1,0,"It’s a 1 bhk villa situated in Satyam Real Build Vrindavan Garden, Crossing Republik, Ghaziabad. It has an area of 450 sqft . The property is available at a price of Rs. 17.50 lac . The house is unfurnished. It has gas pipeline as well as gated community. The project also has malls on walking distance, water supply, authority park, school, electricity and internal roads. This residential complex is under-construction as of now. The expected completion date is 31/12/2020. It is made in way to provide a comfortable living. The society is well connected by different modes of transportation. Kindly call us for details. ",1,,0,0,0,0,0,0,0,0,0,0,0,0,1.0,,,17.0,,,,,,,,,,,,,
Crossing Republik,585.0,2274480.0,INR,0.0,1,0,"It’s a 1 bhk villa situated in Satyam Real Build Vrindavan Garden, Crossing Republik, Ghaziabad. It has a salable area of 585 sqft and is available at a price of Rs. 3,888 per sqft. It has gated community as well as malls on walking distance. The project also has internal roads, water supply, gas pipeline, authority park, electricity and school. It is situated in the proximity of all the important facilities. Please contact for more details. ",1,,0,0,0,0,0,0,0,0,0,0,0,0,1.0,,,17.0,,,,,,,,,,,,,
Lal Kuan,612.0,4500000.0,INR,1.0,1,0,"Well designed 3 bhk villa is available at a prime location in Sundaram Construction Shri Sai Heritage Villas. It has a salable area of 612 sqft and is available at a price of Rs. 7,352 per sqft. It is an unfurnished property. It has power backup. Other amenities include 24 hours water supply, fire sprinklers and earthquake resistant structure. It is a ready-to-move-in property. It is made in way to provide a comfortable living for the residents. It is situated in the proximity of all the important facilities. Please contact us for more details. ",1,,0,2,0,0,0,0,1,0,0,0,0,0,,7.4,,,,,,,,,,,,,,,
Chhapraula,369.0,1050174.0,INR,0.0,1,0,"Well designed 1 bhk villa is available at a prime location in Sundaram Construction Satyam Shivam Sundram Villas. It has an area of 369 sqft . The property is available at a price of Rs. 10.50 lac . It has gated community as well as sewage treatment plant. The project also has street lighting, intercom, landscape garden and tree planting, 24x7 water supply, cctv, full power backup, 24 x 7 security and rain water harvesting. It is made in way to provide a comfortable living. Please contact us for more details. ",1,,0,0,0,1,0,0,1,0,0,0,0,0,,,,,1.0,1.0,,,,,,,,,,,
Chhapraula,648.0,2250504.0,INR,0.0,1,0,"It’s a 3 bhk villa situated in Sundaram Construction Satyam Shivam Sundram Villas, Chhapraula. It is an unfurnished property. It has rain water harvesting as well as cctv. The project also has sewage treatment plant, 24x7 water supply, landscape garden and tree planting, 24 x 7 security, intercom, street lighting, full power backup and gated community. It is made in way to provide a comfortable living. If you are interested, please contact us for more details. ",1,,0,0,0,1,0,0,1,0,0,0,0,0,,,,,1.0,1.0,,,,,,,,,,,
Chipiyana Buzurg,900.0,2500000.0,INR,1.0,0,1,"It’s a 3 bhk villa situated in Om Sai Enclave, Chipiyana Buzurg, Ghaziabad. It is an unfurnished property. Its main door is facing east direction. The property is available on freehold. It is made in way to provide a comfortable living. The site is in close proximity to various civic utilities. Kindly call us for details. ",1,east,0,10,0,0,0,0,0,0,0,0,0,0,1.0,,,123.0,,,,,,,,,,,1.0,,1.0
Modinagar,2040.0,12500000.0,INR,,0,1,Well designed 4 bhk villa is available at a prime location in Modinagar. It has a built-up area of 2040 sqft and is priced at Rs. 1.25 cr (negotiable). It is an unfurnished property. It is facing north direction. The property is available on freehold. It has 1 bathroom and 4 balconies. This residential property is ready-to-move-in. It is made in way to provide a comfortable living. The site is in close proximity to various civic utilities. Kindly call us for details. ,1,north,0,20,0,0,0,0,0,0,0,0,0,0,,,,,,,1.0,,,,,,,,,,
sanjay nagar,2000.0,13800000.0,INR,,0,0,"Luxurious duplex in a lush green area gated compound, well connected through public transport. Market at a stone's throw. Park front location with lot of open space.",1,,0,24,0,1,0,0,0,0,0,0,0,0,,,,,,,1.0,,,,,,,,,,
Raj Nagar Extension,1570.0,14100000.0,INR,1.0,0,0,"Check out this 5 BHK Villa for sale in Ghukna, Ghaziabad. This property is posted by owner and thus there is no need to pay any broker amount. This 5 BHK Villa is perfect for a modern-day lifestyle. Ghukna is a promising location in Ghaziabad and this is one of the finest properties in the area. Buy this Villa for sale now. The property's price is Rs 1.41 Cr. This property is a modern-day abode, with 1570 Square feet built-up area. It is a North-East-facing property. The unit has 5 bedrooms and 3 bathroom. Servant room is provided in this unit. Residents in this Villa can make use of the lift facility. It is a safe surrounding with cctv facility. Kids area for young families and children's is also present here. Other facilities include provisions for Gym, Garden, Sports Facility, Swimming Pool, Intercom, Clubhouse, Community Hall. This property also has power backup facility. Regular water supply is provided. It is a gated community. Educational institutions are closeby with schools such as The American School, Ghaziabad, Makoons Pre-School, and Nav Gyan Jyoti Public Schools nearby. Healthcare centres such as Vardan Netra Chikitsalaya, Lifecell Multi Speciality Centre, and Geetanjali Dental Clinic are also easily accessible",1,northeast,1,0,1,0,1,1,1,1,1,0,0,1,,,,,1.0,,,,,,,,,,,,
Vasundhara,1647.0,24000000.0,INR,1.0,0,0,"3 BHK Villa available for sale in Hno.667 Friends Society Sector-12 Vasundhara Ghaziabas, Vasundhara, Ghaziabad. Available amenities are: Garden, Kids area. Villa has 3 bedroom, 3 bathroom. It is 8 years old. Property is inside a gated community.",1,northeast,0,0,0,0,1,0,0,0,0,0,0,0,,,,,,,,,,,,,,,,,
Lal Kuan,495.0,1660000.0,INR,1.0,0,1,It has a built-up area of 495 sqft and is priced at Rs. 16.60 lac (negotiable). It is facing east direction. The property is available on freehold. The property has 1 bathroom and 1 balcony. It is a ready-to-move-in property. Please contact for more details. ,1,east,0,0,0,1,0,0,0,0,0,0,0,0,,7.4,,,,,1.0,1.0,,,1.0,,,1.0,,1.0,
Sector 15 Vasundhara,5000.0,32500000.0,INR,,0,0,"A spacious 4 bhk villa is available for sale in Swaraj Homes Vasundhara Colony Welfare, Sector 15 Vasundhara, Ghaziabad. It has a built-up area of 5000 sqft and is priced at Rs. 3.25 cr . It is a semi-furnished property. It is made in way to provide a comfortable living. It is situated in the proximity of all the important facilities. ",1,,0,0,0,0,0,0,0,0,0,0,0,0,,,,2022.0,,,,,,,,,,,,,
Meerut Road Industrial Area,2800.0,25000000.0,INR,,0,0,"The house is furnished. This residential property is ready-to-move-in. The time you'll spend here will become the greatest moment of your life that will also help you to relieve, relax & evoke a great sense of happiness. The society is well connected by different modes of transportation. Please contact us for more details. ",1,,1,4,0,0,0,0,0,0,0,0,0,0,,,,,,,,,,,,,,,,,
Lohia Nagar,3500.0,25000000.0,INR,1.0,0,0,"Looking for a good 5 BHK Villa in Lohia Nagar, Ghaziabad? This property is in one of Ghaziabad's most popular locations. This is a no brokerage property. This Villa is available for Rs 2.5 Cr. This modern unit has a built-up area of 3500 Square feet. There are 5 bedrooms and 3 bathroom. It is very close to some of city's best hospitals, such as, Columbia Asia Hospital - Ghaziabad, Yashoda Hospital, and Harsh ENT Hospital. Established schools, such as Ryan International School, Ranu Partupgher Secondary School, and Kiddies Campus Play Way School are also close-by",1,,1,0,0,0,0,0,0,0,0,0,0,0,,,,,,,,,,,,,,,,,
